symbol,timeframe,slice_combination,regime,regime_symbol,diagnostic_status,regime_window_rows,slice_n,slice_mean_ret_costadj,slice_win_rate,slice_t_stat_nw,slice_p_value_nw,slice_pass,baseline_mean_ret_costadj,excess_vs_baseline,best_parent_filter,best_parent_mean_ret_costadj,excess_vs_best_parent,rank,bin_mode,validation_n_folds,side,verdict,triage_bucket,train_n,train_pass,valid_n,valid_pass,valid_mean_ret_costadj,valid_excess_vs_baseline,valid_best_parent_filter,valid_excess_vs_best_parent,valid_p_value_nw,walk_forward_pass_count,walk_forward_pass_pattern,walk_forward_survival_rate,scenario_survived_count,scenario_positive_baseline_excess_count,scenario_positive_parent_excess_count,scenario_significant_count,robustness_score,default_verdict,cost2_verdict,cost5_verdict,split06_verdict,split08_verdict,short_borrow2_verdict,short_borrow5_verdict,short_borrow10_verdict,search_wide_family_size_regime,search_wide_rank_regime,search_wide_bh_pass_regime,search_wide_bonferroni_pass_regime,research_shard_id,candidate_key,strict_gate_pass,status,live_decay_flag,not_regime_evaluated,all_regime_mean_ret_costadj,regime_excess_vs_all,regime_candidate_status
SUSHI/USD,1d,cross_BTC/USD_state_ext=stretched_up + cross_ETH/USD_state_slope=flat + state_ext=stretched_up,bear,BTC/USD,ok,478,24,0.06595314389790344,0.875,3.3648265564101636,0.0007659178928092203,True,0.003036425285633274,0.06291671861227016,cross_BTC/USD_state_ext=stretched_up + cross_ETH/USD_state_slope=flat,0.06414950733862529,0.001803636559278149,53,rolling,4,short,rejected,late_emerging_valid_supported,80,False,32,True,0.0630936505741804,0.0519943543257112,cross_ETH/USD_state_slope=flat + state_ext=stretched_up,0.0062812579305616,0.0061370236275695,0,0,0.0,0,8,8,6,7.5,rejected,rejected,rejected,rejected,rejected,rejected,rejected,rejected,124,18,True,False,crypto-1d-02,SUSHI/USD|1d|cross_BTC/USD_state_ext=stretched_up + cross_ETH/USD_state_slope=flat + state_ext=stretched_up|rolling,False,research_only,False,False,0.024415678438804544,0.04153746545909889,bear_regime_candidate
AAVE/USD,1d,cross_BTC/USD_state_slope=uptrend + state_slope=flat,bear,BTC/USD,ok,478,18,0.061181870942499335,0.7222222222222222,2.8746028876958474,0.004045359426254613,True,-0.010011704298055637,0.07119357524055497,cross_BTC/USD_state_slope=uptrend,0.04018640452995034,0.020995466412548992,6,rolling,4,short,rejected,late_emerging_recent_only,117,False,66,True,0.0472470158878504,0.045684947721562,state_slope=flat,0.0141560363668358,0.0002424650089447,1,1,0.25,0,8,8,8,8.5,rejected,rejected,rejected,rejected,rejected,rejected,rejected,rejected,124,21,True,False,crypto-1d-00,AAVE/USD|1d|cross_BTC/USD_state_slope=uptrend + state_slope=flat|rolling,False,research_only,False,False,0.018672945466627233,0.0425089254758721,bear_regime_candidate
DOT/USD,1d,cross_ETH/USD_state_slope=uptrend + state_slope=flat,bear,BTC/USD,ok,220,15,0.05778570034028104,0.7333333333333333,3.1827953893004595,0.0014586064930375287,True,0.011392702250127564,0.04639299809015348,cross_ETH/USD_state_slope=uptrend,0.04731816760285587,0.010467532737425171,1,rolling,4,short,survived,clean_survivor_wf_strong,51,True,42,True,0.0459195716136171,0.0304049534763972,cross_ETH/USD_state_slope=uptrend,0.0029675180491921,0.0063373458994897,3,1011,0.75,8,8,8,8,20.5,survived,survived,survived,survived,survived,survived,survived,survived,124,19,True,False,crypto-1d-01,DOT/USD|1d|cross_ETH/USD_state_slope=uptrend + state_slope=flat|rolling,False,research_only,False,False,0.042352944656970565,0.015432755683310477,bear_regime_candidate
XRP/USD,1d,cross_BTC/USD_state_vol=mid_vol + state_ext=neutral,bear,BTC/USD,ok,204,17,0.04167496353558097,0.9411764705882353,6.9648446719388115,3.2875924205200135e-12,True,0.004501134455973054,0.037173829079607916,cross_BTC/USD_state_vol=mid_vol,0.012271080728347495,0.029403882807233474,17,rolling,4,short,rejected,late_emerging_recent_only,22,False,25,True,0.0307171381588781,0.0215870888633238,cross_BTC/USD_state_vol=mid_vol,0.0141954295890133,5.588924800381534e-05,1,1,0.25,0,8,8,8,8.5,rejected,rejected,rejected,rejected,rejected,rejected,rejected,rejected,124,6,True,True,crypto-1d-02,XRP/USD|1d|cross_BTC/USD_state_vol=mid_vol + state_ext=neutral|rolling,False,research_only,False,False,0.031831679128914915,0.009843284406666056,bear_regime_candidate
XRP/USD,1d,state_ext=neutral + state_vol=mid_vol,bear,BTC/USD,ok,204,16,0.03891688492666992,0.875,5.038800497156146,4.6845847267995566e-07,True,0.004501134455973054,0.034415750470696865,state_vol=mid_vol,0.015918718732157056,0.022998166194512865,12,rolling,4,short,rejected,late_emerging_valid_supported,30,False,22,True,0.0521837680298311,0.0430537187342768,state_vol=mid_vol,0.0267485251215813,5.946354519892338e-13,1,10,0.25,0,8,8,8,8.5,rejected,rejected,rejected,rejected,provisional,rejected,rejected,rejected,124,10,True,True,crypto-1d-02,XRP/USD|1d|state_ext=neutral + state_vol=mid_vol|rolling,False,research_only,False,False,0.03447388478048821,0.004443000146181708,bear_regime_candidate
SUSHI/USD,1d,cross_BTC/USD_state_slope=uptrend + cross_ETH/USD_state_slope=flat + state_ext=stretched_down,bear,BTC/USD,ok,478,12,0.1268243363772399,0.8333333333333334,3.8296879294823536,0.0001283058667125303,False,0.003036425285633274,0.12378791109160661,cross_BTC/USD_state_slope=uptrend + cross_ETH/USD_state_slope=flat,0.10015054714301547,0.02667378923422442,3,rolling,4,short,survived,clean_survivor_wf_mixed,50,True,20,True,0.0883425437417888,0.0772432474933196,cross_BTC/USD_state_slope=uptrend + cross_ETH/USD_state_slope=flat,0.0288767484642889,0.0020114007157809,1,10,0.25,6,8,7,7,17.0,survived,survived,survived,rejected,rejected,survived,survived,survived,124,16,True,True,crypto-1d-02,SUSHI/USD|1d|cross_BTC/USD_state_slope=uptrend + cross_ETH/USD_state_slope=flat + state_ext=stretched_down|rolling,False,research_only,False,False,0.0653445267769352,0.06147980960030469,unsupported
AAVE/USD,1d,cross_BTC/USD_state_slope=uptrend + cross_ETH/USD_state_slope=flat + state_ext=stretched_down,bear,BTC/USD,ok,478,8,0.12337428693854599,0.875,3.157043844165344,0.001593773805510068,False,-0.010011704298055637,0.13338599123660164,cross_BTC/USD_state_slope=uptrend + cross_ETH/USD_state_slope=flat,0.07652978091345869,0.0468445060250873,31,rolling,4,short,rejected,late_emerging_valid_supported,30,False,16,True,0.0492178735385685,0.0476558053722801,cross_BTC/USD_state_slope=uptrend + cross_ETH/USD_state_slope=flat,0.0047840276045356,0.0091604371246118,0,0,0.0,0,8,6,6,7.0,rejected,rejected,rejected,rejected,rejected,rejected,rejected,rejected,124,20,True,False,crypto-1d-00,AAVE/USD|1d|cross_BTC/USD_state_slope=uptrend + cross_ETH/USD_state_slope=flat + state_ext=stretched_down|rolling,False,research_only,False,False,0.02306091496391026,0.10031337197463573,unsupported
UNI/USD,1d,cross_BTC/USD_state_slope=uptrend + cross_ETH/USD_state_ext=neutral + state_ext=stretched_down,bear,BTC/USD,ok,479,2,0.11119018819040724,1.0,5.850925564565224,4.888449645079618e-09,False,-0.004930824047711812,0.11612101223811905,cross_BTC/USD_state_slope=uptrend + state_ext=stretched_down,0.07935960520957733,0.03183058298082991,4,rolling,4,short,survived,clean_survivor_wf_failed,21,True,16,True,0.0899569818910969,0.0876193808591606,cross_BTC/USD_state_slope=uptrend + cross_ETH/USD_state_ext=neutral,0.0338713966104327,0.0025713913623424,0,0,0.0,6,8,8,7,16.75,survived,survived,survived,rejected,rejected,survived,survived,survived,124,8,True,True,crypto-1d-02,UNI/USD|1d|cross_BTC/USD_state_slope=uptrend + cross_ETH/USD_state_ext=neutral + state_ext=stretched_down|rolling,False,research_only,False,False,0.06977779628883064,0.0414123919015766,unsupported
LTC/USD,1d,cross_BTC/USD_state_slope=uptrend + state_ext=stretched_down,bear,BTC/USD,ok,478,9,0.10855282901580411,1.0,5.641576102519299,1.6850053352612804e-08,False,-0.0012269907300744179,0.10977981974587853,cross_BTC/USD_state_slope=uptrend,0.03803067577939748,0.07052215323640663,9,rolling,4,short,rejected,late_emerging_valid_supported,53,False,22,True,0.0509620278179017,0.0499469637192258,cross_BTC/USD_state_slope=uptrend,0.0426199070164433,4.644284956611955e-12,1,10,0.25,0,8,8,8,8.5,rejected,rejected,rejected,rejected,rejected,rejected,rejected,rejected,124,9,True,True,crypto-1d-02,LTC/USD|1d|cross_BTC/USD_state_slope=uptrend + state_ext=stretched_down|rolling,False,research_only,False,False,0.027394878563273318,0.0811579504525308,unsupported
SUSHI/USD,1d,cross_BTC/USD_state_slope=uptrend + state_slope=downtrend,bear,BTC/USD,ok,478,5,0.10160252090359682,1.0,15.088874934170246,0.0,False,0.003036425285633274,0.09856609561796355,cross_BTC/USD_state_slope=uptrend,0.06332629286376046,0.038276228039836366,33,rolling,4,short,rejected,late_emerging_valid_supported,12,False,17,True,0.1166849185839012,0.105585622335432,cross_BTC/USD_state_slope=uptrend,0.1027212073748417,8.728545471292648e-06,0,0,0.0,0,8,8,8,8.0,rejected,rejected,rejected,rejected,provisional,rejected,rejected,rejected,124,1,True,True,crypto-1d-02,SUSHI/USD|1d|cross_BTC/USD_state_slope=uptrend + state_slope=downtrend|rolling,False,research_only,False,False,0.0725520551610025,0.02905046574259433,unsupported
BCH/USD,1d,cross_BTC/USD_state_slope=uptrend + cross_ETH/USD_state_slope=flat + state_ext=stretched_down,bear,BTC/USD,ok,478,6,0.07885079158964763,0.8333333333333334,2.613381382264343,0.008965119787872844,False,0.0009485629267445313,0.0779022286629031,cross_BTC/USD_state_slope=uptrend + state_ext=stretched_down,0.05306089338039741,0.025789898209250213,15,rolling,4,short,rejected,late_emerging_valid_supported,21,False,15,True,0.0893547285480405,0.0904551013694434,cross_BTC/USD_state_slope=uptrend + cross_ETH/USD_state_slope=flat,0.035623366881797,3.987706985286721e-06,0,0,0.0,0,8,8,8,8.0,rejected,rejected,rejected,rejected,rejected,rejected,rejected,rejected,124,24,True,False,crypto-1d-00,BCH/USD|1d|cross_BTC/USD_state_slope=uptrend + cross_ETH/USD_state_slope=flat + state_ext=stretched_down|rolling,False,research_only,False,False,0.029857868812053254,0.04899292277759437,unsupported
UNI/USD,1d,cross_BTC/USD_state_slope=uptrend + state_slope=downtrend,bear,BTC/USD,ok,479,3,0.0771772664570101,1.0,15.951859141872106,0.0,False,-0.004930824047711812,0.08210809050472191,cross_BTC/USD_state_slope=uptrend,0.038886463019920166,0.03829080343708994,8,rolling,4,short,rejected,late_emerging_recent_only,9,False,24,True,0.0567715179787586,0.0544339169468223,cross_BTC/USD_state_slope=uptrend,0.0434815620220025,0.0114045282512604,1,1,0.25,0,8,8,8,8.5,rejected,rejected,rejected,rejected,rejected,rejected,rejected,rejected,124,2,True,True,crypto-1d-02,UNI/USD|1d|cross_BTC/USD_state_slope=uptrend + state_slope=downtrend|rolling,False,research_only,False,False,0.06129769484990169,0.015879571607108414,unsupported
CRV/USD,1d,cross_BTC/USD_state_slope=downtrend + cross_ETH/USD_state_slope=flat + state_ext=stretched_down,bear,BTC/USD,ok,220,9,0.062440947164760924,0.7777777777777778,4.520491533677809,6.169621261431502e-06,False,0.00576709119546663,0.05667385596929429,cross_BTC/USD_state_slope=downtrend + cross_ETH/USD_state_slope=flat,0.03830447227606683,0.024136474888694096,16,rolling,4,long,rejected,late_emerging_valid_supported,22,False,22,True,0.029008820671787,0.0476353913849707,cross_BTC/USD_state_slope=downtrend + cross_ETH/USD_state_slope=flat,0.0068425931843277,0.0302361674594475,0,0,0.0,0,8,8,7,7.75,rejected,rejected,rejected,rejected,rejected,rejected,rejected,rejected,124,13,True,True,crypto-1d-01,CRV/USD|1d|cross_BTC/USD_state_slope=downtrend + cross_ETH/USD_state_slope=flat + state_ext=stretched_down|rolling,False,research_only,False,False,0.014750880628344459,0.04769006653641646,unsupported
DOT/USD,1d,cross_BTC/USD_state_slope=flat + cross_ETH/USD_state_slope=uptrend + state_ext=stretched_down,bear,BTC/USD,ok,220,12,0.06212975474593915,0.8333333333333334,3.975862236250539,7.01247137371297e-05,False,0.011392702250127564,0.05073705249581159,cross_BTC/USD_state_slope=flat + cross_ETH/USD_state_slope=uptrend,0.05996247686326429,0.002167277882674866,13,rolling,4,short,rejected,late_emerging_valid_supported,17,False,15,True,0.0660426480704842,0.0505280299332643,cross_BTC/USD_state_slope=flat + cross_ETH/USD_state_slope=uptrend,0.0085642846473348,1.993930743182659e-06,0,0,0.0,0,8,8,8,8.0,rejected,rejected,rejected,provisional,rejected,rejected,rejected,rejected,124,15,True,True,crypto-1d-01,DOT/USD|1d|cross_BTC/USD_state_slope=flat + cross_ETH/USD_state_slope=uptrend + state_ext=stretched_down|rolling,False,research_only,False,False,0.05173105119406363,0.01039870355187552,unsupported
CRV/USD,1d,cross_ETH/USD_state_vol=mid_vol + state_ext=stretched_up,bear,BTC/USD,ok,220,10,0.06037157268905048,0.9,4.6548854588977635,3.2416086284126067e-06,False,-0.006167091195466627,0.06653866388451711,cross_ETH/USD_state_vol=mid_vol,0.01072159962165554,0.049649973067394944,23,rolling,4,short,rejected,late_emerging_valid_supported,90,False,33,True,0.0607178128020692,0.0490912420888854,state_ext=stretched_up,0.0221766922637733,0.0120659801652327,0,0,0.0,0,8,7,6,7.25,rejected,rejected,rejected,rejected,rejected,rejected,rejected,rejected,124,12,True,True,crypto-1d-01,CRV/USD|1d|cross_ETH/USD_state_vol=mid_vol + state_ext=stretched_up|rolling,False,research_only,False,False,0.02528932148321391,0.03508225120583657,unsupported
XRP/USD,1d,state_volume=vol_quiet + state_ext=stretched_up,bear,BTC/USD,ok,204,5,0.046668491498389544,1.0,18.061323315594873,0.0,False,0.004501134455973054,0.04216735704241649,state_ext=stretched_up,0.016432989594342976,0.030235501904046568,19,rolling,4,short,rejected,late_emerging_valid_supported,58,False,18,True,0.0343780686724111,0.0252480193768568,state_ext=stretched_up,0.0084324360446421,1.86581626215876e-05,1,10,0.25,0,8,8,8,8.5,rejected,rejected,rejected,rejected,rejected,rejected,rejected,rejected,124,3,True,True,crypto-1d-02,,False,,,False,0.0012593177724286384,0.04540917372596091,unsupported
XRP/USD,1d,cross_ETH/USD_state_slope=uptrend + state_ext=stretched_down,bear,BTC/USD,ok,204,11,0.045862202637348616,1.0,4.953839343393569,7.276328997107839e-07,False,0.004501134455973054,0.04136106818137556,cross_ETH/USD_state_slope=uptrend,0.02162384742562148,0.024238355211727135,41,rolling,4,short,rejected,late_emerging_valid_supported,28,False,15,True,0.0362750810817967,0.0271450317862424,cross_ETH/USD_state_slope=uptrend,0.0164526077411195,0.0005195963097095,0,0,0.0,0,8,8,7,7.75,rejected,rejected,rejected,rejected,rejected,rejected,rejected,rejected,124,11,True,True,crypto-1d-02,XRP/USD|1d|cross_ETH/USD_state_slope=uptrend + state_ext=stretched_down|rolling,False,research_only,False,False,0.011235078787304037,0.03462712385004458,unsupported
XRP/USD,1d,cross_ETH/USD_state_vol=low_vol + state_ext=stretched_up,bear,BTC/USD,ok,204,4,0.045298158128803674,1.0,18.456465095128593,0.0,False,0.004501134455973054,0.04079702367283062,state_ext=stretched_up,0.016432989594342976,0.028865168534460698,26,rolling,4,short,rejected,late_emerging_recent_only,54,False,23,True,0.0299985315323164,0.0208684822367621,state_ext=stretched_up,0.0040528989045475,0.0117039362167683,1,1,0.25,0,8,8,7,8.25,rejected,rejected,rejected,rejected,rejected,rejected,rejected,rejected,124,4,True,True,crypto-1d-02,XRP/USD|1d|cross_ETH/USD_state_vol=low_vol + state_ext=stretched_up|rolling,False,research_only,False,False,0.00363312445550282,0.04166503367330086,unsupported
DOT/USD,1d,cross_ETH/USD_state_vol=mid_vol + state_ext=stretched_up,bear,BTC/USD,ok,220,6,0.04302619913304232,1.0,6.107293643934909,1.0133469618978097e-09,False,0.011392702250127564,0.03163349688291476,cross_ETH/USD_state_vol=mid_vol,0.03574727860092715,0.007278920532115173,4,rolling,4,short,rejected,late_emerging_valid_supported,79,False,21,True,0.0776027343639085,0.0620881162266886,cross_ETH/USD_state_vol=mid_vol,0.0370181729036432,8.710949128287737e-05,1,100,0.25,2,8,8,7,10.25,rejected,survived,survived,rejected,provisional,rejected,rejected,rejected,124,7,True,True,crypto-1d-01,DOT/USD|1d|cross_ETH/USD_state_vol=mid_vol + state_ext=stretched_up|rolling,False,research_only,False,False,0.04258042553122407,0.0004457736018182515,unsupported
XRP/USD,1d,cross_ETH/USD_state_vol=mid_vol + state_ext=neutral,bear,BTC/USD,ok,204,13,0.03412966742883531,0.8461538461538461,3.6597564789158032,0.0002524550501661338,False,0.004501134455973054,0.029628532972862255,cross_ETH/USD_state_vol=mid_vol,0.015377076902813374,0.018752590526021934,13,rolling,4,short,rejected,late_emerging_valid_supported,36,False,20,True,0.045238514958817,0.0361084656632627,cross_ETH/USD_state_vol=mid_vol,0.0240607477398801,4.3298697960381125e-13,1,10,0.25,0,8,8,8,8.5,rejected,rejected,rejected,rejected,provisional,rejected,rejected,rejected,124,17,True,True,crypto-1d-02,XRP/USD|1d|cross_ETH/USD_state_vol=mid_vol + state_ext=neutral|rolling,False,research_only,False,False,0.037130783079714395,-0.0030011156508790854,unsupported
XRP/USD,1d,cross_BTC/USD_state_vol=low_vol + state_ext=stretched_up,bear,BTC/USD,ok,204,5,0.031719894024410465,0.8,2.6523949977041883,0.007992298236468631,False,0.004501134455973054,0.02721875956843741,state_ext=stretched_up,0.016432989594342976,0.015286904430067489,7,rolling,4,short,rejected,late_emerging_regime_switching,123,False,27,True,0.0306919377487001,0.0215618884531458,state_ext=stretched_up,0.0047463051209312,0.0029455891029082,2,1001,0.5,0,7,7,7,8.5,rejected,rejected,rejected,rejected,rejected,rejected,rejected,rejected,124,23,True,False,crypto-1d-02,XRP/USD|1d|cross_BTC/USD_state_vol=low_vol + state_ext=stretched_up|rolling,False,research_only,False,False,0.0113490483856113,0.020370845638799165,unsupported
DOT/USD,1d,state_ext=stretched_up + state_vol=low_vol,bear,BTC/USD,ok,220,2,0.023238549852694614,1.0,4.336928931371933,1.4448731625371636e-05,False,0.011392702250127564,0.01184584760256705,state_ext=stretched_up,0.01865981073668315,0.004578739116011463,2,rolling,4,short,survived,clean_survivor_wf_failed,28,True,19,True,0.0398788978499569,0.024364279712737,state_ext=stretched_up,0.005658618667924,0.0087924309462963,0,0,0.0,6,8,8,8,17.0,survived,survived,survived,rejected,provisional,survived,survived,survived,124,14,True,True,crypto-1d-01,DOT/USD|1d|state_ext=stretched_up + state_vol=low_vol|rolling,False,research_only,False,False,0.047969266792683,-0.024730716939988386,unsupported
XRP/USD,1d,cross_BTC/USD_state_slope=flat + state_slope=uptrend,bear,BTC/USD,ok,204,12,0.01540404392521351,0.75,2.8291694468493036,0.004666898241321604,False,0.004501134455973054,0.010902909469240454,state_slope=uptrend,0.015409895109768415,-5.851184554905506e-06,36,rolling,4,short,rejected,late_emerging_valid_supported,41,False,17,True,0.0486726666232997,0.0395426173277454,state_slope=uptrend,0.0136167689459305,2.5030872286002648e-06,0,0,0.0,0,8,8,8,8.0,rejected,rejected,rejected,rejected,rejected,rejected,rejected,rejected,124,22,True,False,crypto-1d-02,XRP/USD|1d|cross_BTC/USD_state_slope=flat + state_slope=uptrend|rolling,False,research_only,False,False,0.003573711158245063,0.011830332766968446,unsupported
LTC/USD,1d,cross_BTC/USD_state_slope=uptrend + cross_ETH/USD_state_ext=neutral + state_ext=stretched_up,bear,BTC/USD,ok,478,2,0.00522248487938174,1.0,8.598924578699746,0.0,False,-0.0012269907300744179,0.006449475609456157,cross_BTC/USD_state_slope=uptrend + cross_ETH/USD_state_ext=neutral,0.0389911465772997,-0.03376866169791796,43,rolling,4,short,rejected,late_emerging_valid_supported,16,False,16,True,0.0578847038468578,0.0568696397481819,cross_BTC/USD_state_slope=uptrend + cross_ETH/USD_state_ext=neutral,0.009033357167943,0.0277456184167246,0,0,0.0,0,8,8,7,7.75,rejected,rejected,rejected,rejected,rejected,rejected,rejected,rejected,124,5,True,True,crypto-1d-02,LTC/USD|1d|cross_BTC/USD_state_slope=uptrend + cross_ETH/USD_state_ext=neutral + state_ext=stretched_up|rolling,False,research_only,False,False,0.036504768459940974,-0.031282283580559234,unsupported
SUSHI/USD,1d,state_ext=stretched_up + state_vol=high_vol,bear,BTC/USD,ok,478,17,0.0675146623376143,0.7647058823529411,2.452581573115404,0.014183521646185415,True,0.003036425285633274,0.06447823705198102,state_vol=high_vol,0.02002580687449684,0.04748885546311746,46,rolling,4,short,rejected,late_emerging_valid_supported,109,False,28,True,0.0872567374455654,0.0761574411970962,state_vol=high_vol,0.0553964329768248,3.271350474376433e-05,0,0,0.0,0,7,7,7,7.5,rejected,rejected,rejected,rejected,rejected,rejected,rejected,rejected,124,27,False,False,crypto-1d-02,SUSHI/USD|1d|state_ext=stretched_up + state_vol=high_vol|rolling,False,research_only,False,False,0.0035254827547444864,0.06398917958286982,regime_switching_research_only
DOGE/USD,1d,cross_BTC/USD_state_slope=uptrend + state_ext=stretched_down,bear,BTC/USD,ok,478,24,0.05444172415377546,0.7916666666666666,2.180205239651317,0.029242251397469055,True,0.00576676039096137,0.04867496376281409,cross_BTC/USD_state_slope=uptrend,0.0458440696400212,0.008597654513754265,8,rolling,4,short,rejected,late_emerging_valid_supported,64,False,23,True,0.0651057674964097,0.0590923056339501,state_ext=stretched_down,0.0549321560148036,0.000762723470256,1,10,0.25,0,8,8,7,8.25,rejected,rejected,rejected,rejected,rejected,rejected,rejected,rejected,124,33,False,False,crypto-1d-01,DOGE/USD|1d|cross_BTC/USD_state_slope=uptrend + state_ext=stretched_down|rolling,False,research_only,False,False,0.04092041015346422,0.013521314000311244,regime_switching_research_only
BCH/USD,1d,cross_BTC/USD_state_slope=flat + cross_ETH/USD_state_ext=stretched_up + state_ext=stretched_up,bear,BTC/USD,ok,478,20,0.02808992236365964,0.65,2.1723966713852043,0.029825755872240567,True,0.0009485629267445313,0.02714135943691511,cross_BTC/USD_state_slope=flat + state_ext=stretched_up,0.00983460791894323,0.01825531444471641,1,rolling,4,short,rejected,late_emerging_regime_switching,65,False,47,True,0.0168785632510416,0.0179789360724445,cross_BTC/USD_state_slope=flat + cross_ETH/USD_state_ext=stretched_up,0.0042116551699689,0.0348794189180821,2,101,0.5,0,8,7,8,8.75,rejected,rejected,rejected,rejected,rejected,rejected,rejected,rejected,124,34,False,False,crypto-1d-00,BCH/USD|1d|cross_BTC/USD_state_slope=flat + cross_ETH/USD_state_ext=stretched_up + state_ext=stretched_up|rolling,False,research_only,False,False,0.011494105298977274,0.016595817064682366,regime_switching_research_only
SOL/USD,1d,cross_BTC/USD_state_vol=mid_vol + state_ext=stretched_up,bear,BTC/USD,ok,449,38,0.027676344130628278,0.7368421052631579,2.3910255779519556,0.016801382331986137,True,0.005565262375300095,0.022111081755328183,cross_BTC/USD_state_vol=mid_vol,0.02648360844116287,0.0011927356894654087,5,rolling,4,short,rejected,late_emerging_regime_switching,75,False,33,True,0.0322225139117658,0.0297995715679412,cross_BTC/USD_state_vol=mid_vol,0.0171527849377115,3.38867991001024e-07,3,1011,0.75,0,8,8,8,9.5,rejected,rejected,rejected,rejected,rejected,rejected,rejected,rejected,124,30,False,False,crypto-1d-02,SOL/USD|1d|cross_BTC/USD_state_vol=mid_vol + state_ext=stretched_up|rolling,False,research_only,False,False,0.022171131976371036,0.005505212154257241,regime_switching_research_only
BCH/USD,1h,cross_BTC/USD_state_slope=flat + cross_ETH/USD_state_ext=stretched_down + state_ext=stretched_down,bear,BTC/USD,ok,2789,28,0.014973461064811353,0.75,2.1397423063900467,0.03237559802430723,True,0.0001456474209068119,0.014827813643904541,cross_BTC/USD_state_slope=flat + cross_ETH/USD_state_ext=stretched_down,0.006145187470777218,0.008828273594034135,3,rolling,4,short,rejected,late_emerging_valid_supported,23,False,15,True,0.0170404482356006,0.0197766114315666,cross_BTC/USD_state_slope=flat + cross_ETH/USD_state_ext=stretched_down,0.0133175125043035,0.0307875258440006,0,0,0.0,0,8,8,8,8.0,rejected,rejected,rejected,rejected,rejected,rejected,rejected,rejected,124,35,False,False,crypto-1h-00,,False,,,False,0.00746468867342334,0.007508772391388013,regime_switching_research_only
UNI/USD,1d,cross_BTC/USD_state_slope=uptrend + cross_ETH/USD_state_slope=flat + state_ext=stretched_down,bear,BTC/USD,ok,479,9,0.08916750846018358,0.6666666666666666,2.18980683949947,0.02853824850615938,False,-0.004930824047711812,0.09409833250789539,cross_BTC/USD_state_slope=uptrend + state_ext=stretched_down,0.07935960520957733,0.00980790325060625,56,rolling,4,short,rejected,late_emerging_valid_supported,37,False,19,True,0.0570881840491962,0.0547505830172599,cross_BTC/USD_state_slope=uptrend + cross_ETH/USD_state_slope=flat,0.0140859363113581,0.0315561216267732,0,0,0.0,0,8,7,6,7.25,rejected,rejected,rejected,rejected,rejected,rejected,rejected,rejected,124,32,False,False,crypto-1d-02,UNI/USD|1d|cross_BTC/USD_state_slope=uptrend + cross_ETH/USD_state_slope=flat + state_ext=stretched_down|rolling,False,research_only,False,False,0.04083792061726504,0.04832958784291854,unsupported
SUSHI/USD,1d,cross_BTC/USD_state_ext=stretched_up + cross_ETH/USD_state_slope=flat + state_ext=stretched_down,bear,BTC/USD,ok,478,7,0.08345143507776978,0.8571428571428571,2.0497244488175927,0.04039132780396182,False,0.003036425285633274,0.0804150097921365,cross_BTC/USD_state_ext=stretched_up + cross_ETH/USD_state_slope=flat,0.06414950733862529,0.019301927739144492,1,rolling,4,short,survived,clean_survivor_wf_mixed,51,True,16,True,0.0752698490502187,0.0641705528017495,cross_BTC/USD_state_ext=stretched_up + cross_ETH/USD_state_slope=flat,0.0351622129959433,0.0067023182975709,1,10,0.25,7,8,8,7,18.25,survived,survived,survived,survived,rejected,survived,survived,survived,124,37,False,False,crypto-1d-02,SUSHI/USD|1d|cross_BTC/USD_state_ext=stretched_up + cross_ETH/USD_state_slope=flat + state_ext=stretched_down|rolling,False,research_only,False,False,0.05994095818076596,0.02351047689700382,unsupported
BCH/USD,1d,cross_BTC/USD_state_slope=uptrend + cross_ETH/USD_state_ext=stretched_down + state_ext=stretched_down,bear,BTC/USD,ok,478,7,0.07337520874088199,0.8571428571428571,2.520096239848284,0.011732275163776507,False,0.0009485629267445313,0.07242664581413746,cross_BTC/USD_state_slope=uptrend + state_ext=stretched_down,0.05306089338039741,0.02031431536048458,26,rolling,4,short,rejected,late_emerging_valid_supported,25,False,15,True,0.0490870064166572,0.05018737923806,cross_BTC/USD_state_slope=uptrend + state_ext=stretched_down,0.0110386422250415,0.0187664444333663,0,0,0.0,0,8,7,7,7.5,rejected,rejected,rejected,rejected,rejected,rejected,rejected,rejected,124,25,False,False,crypto-1d-00,BCH/USD|1d|cross_BTC/USD_state_slope=uptrend + cross_ETH/USD_state_ext=stretched_down + state_ext=stretched_down|rolling,False,research_only,False,False,0.003218975836845654,0.07015623290403633,unsupported
LTC/USD,1d,cross_BTC/USD_state_slope=uptrend + cross_ETH/USD_state_slope=uptrend + state_ext=stretched_down,bear,BTC/USD,ok,478,1,0.07335547678128315,1.0,,,False,-0.0012269907300744179,0.07458246751135757,cross_BTC/USD_state_slope=uptrend + state_ext=stretched_down,0.10855282901580411,-0.03519735223452096,54,rolling,4,short,rejected,late_emerging_valid_supported,23,False,15,True,0.0554806439266637,0.0544655798279877,cross_BTC/USD_state_slope=uptrend + state_ext=stretched_down,0.0045186161087619,1.3252732244950494e-11,0,0,0.0,0,8,6,8,7.5,rejected,rejected,rejected,rejected,rejected,rejected,rejected,rejected,124,,False,False,crypto-1d-02,LTC/USD|1d|cross_BTC/USD_state_slope=uptrend + cross_ETH/USD_state_slope=uptrend + state_ext=stretched_down|rolling,False,research_only,False,False,0.022712846947671343,0.05064262983361181,unsupported
AVAX/USD,1d,state_ext=stretched_down + state_slope=uptrend,bear,BTC/USD,ok,478,13,0.07200559604904812,0.6923076923076923,1.5790035944206553,0.11433523259501666,False,-0.00545649510715067,0.07746209115619879,state_slope=uptrend,0.018873532370349146,0.05313206367869897,16,rolling,4,long,rejected,late_emerging_valid_supported,46,False,16,True,0.0513416652384633,0.0632520027636982,state_slope=uptrend,0.0615444765004744,0.0190936843675584,0,0,0.0,0,8,8,7,7.75,rejected,rejected,rejected,rejected,rejected,rejected,rejected,rejected,124,48,False,False,crypto-1d-00,AVAX/USD|1d|state_ext=stretched_down + state_slope=uptrend|rolling,False,research_only,False,False,0.020164796609210837,0.051840799439837285,unsupported
BCH/USD,1d,cross_BTC/USD_state_slope=uptrend + state_ext=stretched_down,bear,BTC/USD,ok,478,12,0.05306089338039741,0.8333333333333334,2.4128037894820245,0.0158303389971568,False,0.0009485629267445313,0.052112330453652884,cross_BTC/USD_state_slope=uptrend,0.005142634753255946,0.04791825862714147,18,rolling,4,short,rejected,late_emerging_valid_supported,69,False,32,True,0.0380483641916156,0.0391487370130185,cross_BTC/USD_state_slope=uptrend,0.0289895691730362,0.0339365805097777,0,0,0.0,0,8,8,7,7.75,rejected,rejected,rejected,rejected,rejected,rejected,rejected,rejected,124,29,False,False,crypto-1d-00,BCH/USD|1d|cross_BTC/USD_state_slope=uptrend + state_ext=stretched_down|rolling,False,research_only,False,False,0.013541706799751358,0.03951918658064606,unsupported
DOT/USD,1d,cross_ETH/USD_state_ext=stretched_up + state_ext=neutral,bear,BTC/USD,ok,220,6,0.04888992743558455,0.8333333333333334,2.2690025412164596,0.023268171333737264,False,0.011392702250127564,0.037497225185456985,cross_ETH/USD_state_ext=stretched_up,0.024212900488308407,0.02467702694727614,9,rolling,4,short,rejected,late_emerging_recent_only,47,False,19,True,0.0550315780657263,0.0395169599285063,cross_ETH/USD_state_ext=stretched_up,0.0191245444131093,0.0036579064229071,1,1,0.25,0,8,8,7,8.25,rejected,rejected,rejected,rejected,rejected,rejected,rejected,rejected,124,31,False,False,crypto-1d-01,DOT/USD|1d|cross_ETH/USD_state_ext=stretched_up + state_ext=neutral|rolling,False,research_only,False,False,0.012586960218028008,0.03630296721755654,unsupported
BCH/USD,1d,state_ret_day=ret_day_down + state_ext=neutral,bear,BTC/USD,ok,478,13,0.04425478767620199,0.6923076923076923,2.006075613540728,0.04484818125139589,False,-0.0013485629267445253,0.04560335060294651,state_ret_day=ret_day_down,0.007571211656883343,0.036683576019318646,21,rolling,4,long,rejected,late_emerging_valid_supported,33,False,27,True,0.0347919978018083,0.0406916249804054,state_ext=neutral,0.0166956942952794,0.0304653599180642,0,0,0.0,0,8,8,7,7.75,rejected,rejected,rejected,rejected,rejected,rejected,rejected,rejected,124,38,False,False,crypto-1d-00,BCH/USD|1d|state_ret_day=ret_day_down + state_ext=neutral|rolling,False,research_only,False,False,0.010299150481781654,0.03395563719442033,unsupported
AAVE/USD,1d,cross_ETH/USD_state_slope=uptrend + state_slope=flat,bear,BTC/USD,ok,478,12,0.039007714297720035,0.5833333333333334,1.6151578680387457,0.10627651188178433,False,-0.010011704298055637,0.049019418595775674,cross_ETH/USD_state_slope=uptrend,0.0019086594709558868,0.03709905482676415,12,rolling,4,short,rejected,late_emerging_recent_only,63,False,43,True,0.0541342445828632,0.0525721764165748,state_slope=flat,0.0210432650618486,0.0001264668168818,1,1,0.25,0,8,8,7,8.25,rejected,rejected,rejected,rejected,rejected,rejected,rejected,rejected,124,47,False,False,crypto-1d-00,AAVE/USD|1d|cross_ETH/USD_state_slope=uptrend + state_slope=flat|rolling,False,research_only,False,False,0.00982794581928557,0.029179768478434467,unsupported
LINK/USD,1d,cross_ETH/USD_state_slope=flat + state_slope=uptrend,bear,BTC/USD,ok,478,27,0.03858098385554661,0.7037037037037037,1.3051446086148504,0.19184361141328576,False,-0.00045620391121706206,0.039037187766763674,state_slope=uptrend,0.0350036873569655,0.0035772964985811145,12,rolling,4,short,rejected,late_emerging_valid_supported,81,False,24,True,0.0617621570574747,0.0613200655289215,state_slope=uptrend,0.050893359511192,0.0007997528075949,0,0,0.0,0,8,8,8,8.0,rejected,rejected,rejected,rejected,rejected,rejected,rejected,rejected,124,55,False,False,crypto-1d-01,LINK/USD|1d|cross_ETH/USD_state_slope=flat + state_slope=uptrend|rolling,False,research_only,False,False,0.01825285011594488,0.020328133739601732,regime_switching_research_only
DOGE/USD,1d,cross_BTC/USD_state_slope=uptrend + state_slope=flat,bear,BTC/USD,ok,478,29,0.03533824905570698,0.7241379310344828,1.781860011465284,0.07477206302227035,False,0.00576676039096137,0.029571488664745613,cross_BTC/USD_state_slope=uptrend,0.0458440696400212,-0.010505820584314214,6,rolling,4,short,rejected,late_emerging_recent_only,81,False,43,True,0.035307434982607,0.0292939731201474,state_slope=flat,0.0274152385864694,0.0214612850061488,1,1,0.25,0,8,8,8,8.5,rejected,rejected,rejected,rejected,rejected,rejected,rejected,rejected,124,41,False,False,crypto-1d-01,DOGE/USD|1d|cross_BTC/USD_state_slope=uptrend + state_slope=flat|rolling,False,research_only,False,False,0.024751328440944066,0.010586920614762917,regime_switching_research_only
CRV/USD,1d,cross_BTC/USD_state_slope=uptrend + state_slope=flat,bear,BTC/USD,ok,220,7,0.034811097421818885,0.5714285714285714,1.2086415947380336,0.22680056902938972,False,-0.006167091195466627,0.04097818861728551,state_slope=flat,-0.017938176130402713,0.0527492735522216,20,rolling,4,short,rejected,late_emerging_valid_supported,61,False,28,True,0.0686095327990036,0.0569829620858199,cross_BTC/USD_state_slope=uptrend,0.0339891164919645,0.0186883496191434,0,0,0.0,0,8,8,6,7.5,rejected,rejected,rejected,rejected,rejected,rejected,rejected,rejected,124,59,False,False,crypto-1d-01,CRV/USD|1d|cross_BTC/USD_state_slope=uptrend + state_slope=flat|rolling,False,research_only,False,False,0.009953689693935664,0.02485740772788322,unsupported
DOT/USD,1d,cross_ETH/USD_state_vol=mid_vol + state_ext=neutral,bear,BTC/USD,ok,220,5,0.031602916806888114,0.6,1.0274270152268439,0.3042194360171142,False,0.011392702250127564,0.02021021455676055,cross_ETH/USD_state_vol=mid_vol,0.03574727860092715,-0.004144361794039035,15,rolling,4,short,rejected,late_emerging_valid_supported,35,False,16,True,0.0643589861280403,0.0488443679908204,cross_ETH/USD_state_vol=mid_vol,0.023774424667775,0.0152001879681844,0,0,0.0,0,8,8,7,7.75,rejected,rejected,rejected,rejected,rejected,rejected,rejected,rejected,124,67,False,False,crypto-1d-01,DOT/USD|1d|cross_ETH/USD_state_vol=mid_vol + state_ext=neutral|rolling,False,research_only,False,False,0.010584187666052316,0.021018729140835798,unsupported
BCH/USD,1d,cross_BTC/USD_state_slope=downtrend + cross_ETH/USD_state_slope=flat + state_ext=stretched_down,bear,BTC/USD,ok,478,14,0.030461771023427783,0.5714285714285714,1.1347560414779387,0.2564775491573732,False,-0.0013485629267445253,0.031810333950172305,cross_ETH/USD_state_slope=flat + state_ext=stretched_down,0.011773819324001997,0.018687951699425786,19,rolling,4,long,rejected,late_emerging_valid_supported,33,False,16,True,0.0569961507743832,0.0628957779529803,cross_BTC/USD_state_slope=downtrend + cross_ETH/USD_state_slope=flat,0.0282737254390026,0.0188435422502222,0,0,0.0,0,8,8,7,7.75,rejected,rejected,rejected,rejected,rejected,rejected,rejected,rejected,124,63,False,False,crypto-1d-00,BCH/USD|1d|cross_BTC/USD_state_slope=downtrend + cross_ETH/USD_state_slope=flat + state_ext=stretched_down|rolling,False,research_only,False,False,0.022858865137548885,0.007602905885878898,unsupported
CRV/USD,1d,state_ext=stretched_up + state_vol=mid_vol,bear,BTC/USD,ok,220,9,0.029754862516294937,0.7777777777777778,1.7556092322948231,0.07915515473819656,False,-0.006167091195466627,0.035921953711761566,state_ext=stretched_up,0.000375717959971189,0.029379144556323747,32,rolling,4,short,rejected,late_emerging_valid_supported,80,False,18,True,0.0791283696394024,0.0675017989262187,state_ext=stretched_up,0.0405872491011065,0.0353963364869716,0,0,0.0,0,7,6,6,7.0,rejected,rejected,rejected,rejected,rejected,rejected,rejected,rejected,124,42,False,False,crypto-1d-01,CRV/USD|1d|state_ext=stretched_up + state_vol=mid_vol|rolling,False,research_only,False,False,0.0003037013103701608,0.029451161205924777,unsupported
AVAX/USD,1d,cross_BTC/USD_state_slope=downtrend + state_ext=neutral,bear,BTC/USD,ok,478,18,0.02917388090600372,0.7222222222222222,1.6478729066365403,0.09937875417256548,False,-0.00545649510715067,0.03463037601315439,state_ext=neutral,0.014562504044619779,0.01461137686138394,3,rolling,4,long,rejected,late_emerging_recent_only,13,False,25,True,0.0351353266244383,0.0470456641496732,state_ext=neutral,0.03314300524995,0.040666664188111,1,1,0.25,0,8,8,8,8.5,rejected,rejected,rejected,rejected,rejected,rejected,rejected,rejected,124,46,False,False,crypto-1d-00,AVAX/USD|1d|cross_BTC/USD_state_slope=downtrend + state_ext=neutral|rolling,False,research_only,False,False,0.020346217217034265,0.008827663688969454,regime_switching_research_only
AVAX/USD,1d,cross_BTC/USD_state_slope=downtrend + cross_ETH/USD_state_ext=stretched_down + state_ext=neutral,bear,BTC/USD,ok,478,18,0.02917388090600372,0.7222222222222222,1.6478729066365403,0.09937875417256548,False,-0.00545649510715067,0.03463037601315439,cross_BTC/USD_state_slope=downtrend + state_ext=neutral,0.02917388090600372,0.0,7,rolling,4,long,rejected,late_emerging_recent_only,11,False,18,True,0.0481254685240387,0.0600358060492736,cross_BTC/USD_state_slope=downtrend + state_ext=neutral,0.0129901418996004,0.0193307073220068,1,1,0.25,0,8,8,8,8.5,rejected,rejected,rejected,rejected,rejected,rejected,rejected,rejected,124,45,False,False,crypto-1d-00,AVAX/USD|1d|cross_BTC/USD_state_slope=downtrend + cross_ETH/USD_state_ext=stretched_down + state_ext=neutral|rolling,False,research_only,False,False,0.02468493125810129,0.004488949647902429,regime_switching_research_only
LTC/USD,1d,cross_BTC/USD_state_vol=mid_vol + state_ext=stretched_up,bear,BTC/USD,ok,478,11,0.028724956689570105,0.8181818181818182,1.1049284697091333,0.2691905850826646,False,-0.0012269907300744179,0.029951947419644524,cross_BTC/USD_state_vol=mid_vol,0.026007197442574008,0.0027177592469960973,23,rolling,4,short,rejected,late_emerging_recent_only,106,False,36,True,0.0285742205381406,0.0275591564394647,state_ext=stretched_up,0.016148888392565,0.0019440591760098,1,1,0.25,0,8,8,7,8.25,rejected,rejected,rejected,rejected,rejected,rejected,rejected,rejected,124,64,False,False,crypto-1d-02,LTC/USD|1d|cross_BTC/USD_state_vol=mid_vol + state_ext=stretched_up|rolling,False,research_only,False,False,0.008583077551393524,0.020141879138176583,unsupported
DOT/USD,1d,state_ext=stretched_up + state_vol=high_vol,bear,BTC/USD,ok,220,15,0.027316626803704797,0.8,1.8120346830706624,0.06998083761360907,False,0.011392702250127564,0.01592392455357723,state_ext=stretched_up,0.01865981073668315,0.008656816067021646,5,rolling,4,short,rejected,late_emerging_regime_switching,68,False,29,True,0.0520715405075039,0.036556922370284,state_ext=stretched_up,0.017851261325471,0.0001939052584718,2,11,0.5,0,8,8,8,9.0,rejected,rejected,rejected,rejected,rejected,rejected,rejected,rejected,124,40,False,False,crypto-1d-01,DOT/USD|1d|state_ext=stretched_up + state_vol=high_vol|rolling,False,research_only,False,False,0.0062117073013343025,0.021104919502370496,regime_switching_research_only
DOT/USD,1d,state_weekpart=weekday + state_ext=neutral,bear,BTC/USD,ok,220,9,0.025721618058346607,0.6666666666666666,1.3589732018368375,0.17415508066430707,False,0.011392702250127564,0.014328915808219043,state_weekpart=weekday,0.008047211309694829,0.017674406748651776,21,rolling,4,short,rejected,late_emerging_valid_supported,68,False,20,True,0.0498316490347559,0.034317030897536,state_ext=neutral,0.0324742084060134,0.0481728381827653,0,0,0.0,0,8,8,6,7.5,rejected,rejected,rejected,rejected,rejected,rejected,rejected,rejected,124,53,False,False,crypto-1d-01,DOT/USD|1d|state_weekpart=weekday + state_ext=neutral|rolling,False,research_only,False,False,0.014284457523609214,0.011437160534737393,unsupported
SUSHI/USD,1d,cross_BTC/USD_state_slope=flat + cross_ETH/USD_state_ext=stretched_up + state_ext=stretched_up,bear,BTC/USD,ok,478,21,0.02437406269342883,0.6666666666666666,0.7722179660161609,0.4399853424254738,False,0.003036425285633274,0.021337637407795557,cross_ETH/USD_state_ext=stretched_up,0.02451900578215182,-0.00014494308872298883,11,rolling,4,short,rejected,late_emerging_recent_only,72,False,28,True,0.0800096303277289,0.0689103340792598,cross_BTC/USD_state_slope=flat + state_ext=stretched_up,0.0296847772795335,0.0001545993185356,1,1,0.25,0,8,8,8,8.5,rejected,rejected,rejected,rejected,rejected,rejected,rejected,rejected,124,81,False,False,crypto-1d-02,SUSHI/USD|1d|cross_BTC/USD_state_slope=flat + cross_ETH/USD_state_ext=stretched_up + state_ext=stretched_up|rolling,False,research_only,False,False,0.019785616644088035,0.004588446049340795,regime_switching_research_only
BCH/USD,1d,cross_BTC/USD_state_slope=flat + cross_ETH/USD_state_slope=uptrend + state_ext=stretched_up,bear,BTC/USD,ok,478,8,0.024089257715813876,0.625,2.4858268059780437,0.012925085159771088,False,0.0009485629267445313,0.023140694789069344,cross_BTC/USD_state_slope=flat + state_ext=stretched_up,0.00983460791894323,0.014254649796870647,5,rolling,4,short,rejected,late_emerging_recent_only,15,False,27,True,0.0311457836043522,0.0322461564257551,cross_BTC/USD_state_slope=flat + cross_ETH/USD_state_slope=uptrend,0.0185026817107705,0.0003486143318518,1,1,0.25,0,8,8,8,8.5,rejected,rejected,rejected,rejected,rejected,rejected,rejected,rejected,124,26,False,False,crypto-1d-00,BCH/USD|1d|cross_BTC/USD_state_slope=flat + cross_ETH/USD_state_slope=uptrend + state_ext=stretched_up|rolling,False,research_only,False,False,0.030063509376680796,-0.00597425166086692,unsupported
SUSHI/USD,1d,state_volume=vol_normal + state_ext=stretched_up,bear,BTC/USD,ok,478,26,0.023621302294282984,0.6153846153846154,0.6965795866985912,0.48606593452069946,False,0.003036425285633274,0.02058487700864971,state_ext=stretched_up,0.016563034671065093,0.0070582676232178905,21,rolling,4,short,rejected,late_emerging_valid_supported,125,False,31,True,0.0547339528438434,0.0436346565953742,state_ext=stretched_up,0.0239655158210661,0.0161031458281351,1,1000,0.25,0,8,8,7,8.25,rejected,rejected,rejected,rejected,rejected,rejected,rejected,rejected,124,85,False,False,crypto-1d-02,,False,,,False,0.03696106109057149,-0.013339758796288508,regime_switching_research_only
BCH/USD,1d,state_ext=neutral + state_vol=mid_vol,bear,BTC/USD,ok,478,15,0.022761821327277356,0.6,0.6622482366860244,0.5078121448842516,False,-0.0013485629267445253,0.024110384254021882,state_ext=neutral,-0.0004258270812331029,0.02318764840851046,4,rolling,4,long,rejected,late_emerging_recent_only,41,False,33,True,0.036970080786608,0.0428697079652051,state_ext=neutral,0.0188737772800791,0.0167154166654439,1,1,0.25,0,8,8,8,8.5,rejected,rejected,rejected,rejected,rejected,rejected,rejected,rejected,124,89,False,False,crypto-1d-00,BCH/USD|1d|state_ext=neutral + state_vol=mid_vol|rolling,False,research_only,False,False,0.009793001772612895,0.012968819554664461,regime_switching_research_only
XRP/USD,1d,cross_BTC/USD_state_ext=stretched_down + state_ext=neutral,bear,BTC/USD,ok,204,14,0.0223957922337825,0.7857142857142857,2.436010478891767,0.014850254320144085,False,0.004501134455973054,0.017894657777809447,cross_BTC/USD_state_ext=stretched_down,0.006303633804208468,0.01609215842957403,35,rolling,4,short,rejected,late_emerging_valid_supported,19,False,15,True,0.0289607091013623,0.019830659805808,cross_BTC/USD_state_ext=stretched_down,0.0210947652683488,2.873257187729905e-12,0,0,0.0,0,8,8,8,8.0,rejected,rejected,rejected,rejected,provisional,rejected,rejected,rejected,124,28,False,False,crypto-1d-02,XRP/USD|1d|cross_BTC/USD_state_ext=stretched_down + state_ext=neutral|rolling,False,research_only,False,False,0.026404251648973996,-0.004008459415191495,unsupported
DOGE/USD,1d,cross_ETH/USD_state_vol=mid_vol + state_ext=stretched_down,bear,BTC/USD,ok,478,138,0.02103612787496521,0.6014492753623188,1.939380214517321,0.05245505791679683,False,0.00576676039096137,0.01526936748400384,cross_ETH/USD_state_vol=mid_vol,0.020436994631827993,0.0005991332431372169,25,rolling,4,short,rejected,late_emerging_valid_supported,138,False,168,True,0.0200967219359131,0.0140832600734536,cross_ETH/USD_state_vol=mid_vol,0.0059057093397168,0.0369775564081913,0,0,0.0,0,8,7,6,7.25,rejected,rejected,rejected,rejected,rejected,rejected,rejected,rejected,124,39,False,False,crypto-1d-01,DOGE/USD|1d|cross_ETH/USD_state_vol=mid_vol + state_ext=stretched_down|rolling,False,research_only,False,False,0.016917365050970263,0.004118762823994947,regime_switching_research_only
UNI/USD,1d,cross_ETH/USD_state_ext=neutral + state_ext=stretched_down,bear,BTC/USD,ok,479,20,0.020608642147035276,0.55,0.673538039035629,0.5006050571083618,False,-0.004930824047711812,0.02553946619474709,cross_ETH/USD_state_ext=neutral,0.020282950289742554,0.0003256918572927224,2,rolling,4,short,survived,clean_survivor_wf_mixed,76,True,38,True,0.0511243129625828,0.0487867119306465,cross_ETH/USD_state_ext=neutral,0.0279325642404382,0.0036454358170672,1,100,0.25,6,8,8,7,17.25,survived,survived,survived,rejected,rejected,survived,survived,survived,124,87,False,False,crypto-1d-02,UNI/USD|1d|cross_ETH/USD_state_ext=neutral + state_ext=stretched_down|rolling,False,research_only,False,False,0.040874549168804106,-0.02026590702176883,regime_switching_research_only
LTC/USD,1d,cross_BTC/USD_state_slope=flat + cross_ETH/USD_state_slope=uptrend + state_ext=stretched_up,bear,BTC/USD,ok,478,2,0.020376071561099142,0.5,1.403133070357534,0.16057716126561727,False,-0.0012269907300744179,0.02160306229117356,cross_ETH/USD_state_slope=uptrend + state_ext=stretched_up,0.017430271819206918,0.0029457997418922237,20,rolling,4,short,rejected,late_emerging_recent_only,15,False,18,True,0.0266815555806372,0.0256664914819612,cross_BTC/USD_state_slope=flat + state_ext=stretched_up,0.0029788809618829,0.0270951786079201,1,1,0.25,0,8,8,8,8.5,rejected,rejected,rejected,rejected,rejected,rejected,rejected,rejected,124,51,False,False,crypto-1d-02,LTC/USD|1d|cross_BTC/USD_state_slope=flat + cross_ETH/USD_state_slope=uptrend + state_ext=stretched_up|rolling,False,research_only,False,False,0.021684676849298794,-0.0013086052881996525,unsupported
XRP/USD,1d,cross_BTC/USD_state_slope=downtrend + state_ext=neutral,bear,BTC/USD,ok,204,20,0.01959179577926217,0.75,1.65881861216002,0.09715234869648359,False,0.004501134455973054,0.015090661323289116,cross_BTC/USD_state_slope=downtrend,0.00411775555354556,0.01547404022571661,40,rolling,4,short,rejected,late_emerging_valid_supported,29,False,15,True,0.0273808856743819,0.0182508363788276,cross_BTC/USD_state_slope=downtrend,0.0168271535352383,7.19908701776184e-05,0,0,0.0,0,8,8,7,7.75,rejected,rejected,rejected,rejected,rejected,rejected,rejected,rejected,124,44,False,False,crypto-1d-02,XRP/USD|1d|cross_BTC/USD_state_slope=downtrend + state_ext=neutral|rolling,False,research_only,False,False,0.023051106518379053,-0.0034593107391168824,regime_switching_research_only
AAVE/USD,1d,cross_ETH/USD_state_slope=flat + state_slope=downtrend,bear,BTC/USD,ok,478,17,0.019320981577619887,0.5294117647058824,0.920633714418375,0.35724169397581096,False,0.009611704298055643,0.009709277279564244,cross_ETH/USD_state_slope=flat,0.015953089717197593,0.0033678918604222938,2,rolling,4,long,rejected,late_emerging_recent_only,46,False,41,True,0.0481066224644653,0.0566686906307537,state_slope=downtrend,0.0457357960161374,0.0029691760220762,1,1,0.25,0,8,8,8,8.5,rejected,rejected,rejected,rejected,rejected,rejected,rejected,rejected,124,73,False,False,crypto-1d-00,AAVE/USD|1d|cross_ETH/USD_state_slope=flat + state_slope=downtrend|rolling,False,research_only,False,False,0.032800236414012196,-0.013479254836392309,regime_switching_research_only
UNI/USD,1d,cross_BTC/USD_state_ext=stretched_down + cross_ETH/USD_state_slope=downtrend + state_ext=stretched_up,bear,BTC/USD,ok,479,32,0.019061673041506435,0.5625,0.9929552973030594,0.3207317398781049,False,-0.004930824047711812,0.023992497089218245,cross_ETH/USD_state_slope=downtrend + state_ext=stretched_up,0.013972041895181152,0.0050896311463252825,25,rolling,4,short,rejected,late_emerging_recent_only,24,False,20,True,0.0517930888454664,0.0494554878135301,cross_ETH/USD_state_slope=downtrend + state_ext=stretched_up,0.0126166433521066,0.0156322493153719,1,1,0.25,0,8,8,7,8.25,rejected,rejected,rejected,rejected,rejected,rejected,rejected,rejected,124,68,False,False,crypto-1d-02,UNI/USD|1d|cross_BTC/USD_state_ext=stretched_down + cross_ETH/USD_state_slope=downtrend + state_ext=stretched_up|rolling,False,research_only,False,False,0.03198288728372089,-0.012921214242214454,regime_switching_research_only
CRV/USD,1d,state_ret_day=ret_day_flat + state_ext=stretched_up,bear,BTC/USD,ok,220,17,0.01831155368031121,0.5882352941176471,0.7089941565348473,0.47832810307348894,False,-0.006167091195466627,0.02447864487577784,state_ret_day=ret_day_flat,0.007899101895918827,0.010412451784392384,19,rolling,4,short,rejected,late_emerging_valid_supported,46,False,36,True,0.0412345972552873,0.0296080265421035,state_ext=stretched_up,0.0026934767169914,0.0270002813153933,0,0,0.0,0,8,8,7,7.75,rejected,rejected,rejected,rejected,rejected,rejected,rejected,rejected,124,84,False,False,crypto-1d-01,CRV/USD|1d|state_ret_day=ret_day_flat + state_ext=stretched_up|rolling,False,research_only,False,False,0.009300911863890288,0.009010641816420924,regime_switching_research_only
SUSHI/USD,1d,state_volume=vol_quiet + state_ext=stretched_up,bear,BTC/USD,ok,478,18,0.01774307291942265,0.7222222222222222,1.2202201183123313,0.22238144225937928,False,0.003036425285633274,0.014706647633789377,state_ext=stretched_up,0.016563034671065093,0.001180038248357558,30,rolling,4,short,rejected,late_emerging_recent_only,144,False,40,True,0.0474677704169331,0.0363684741684639,state_ext=stretched_up,0.0166993333941558,0.0016714631428307,1,1,0.25,0,7,7,7,8.0,rejected,rejected,rejected,rejected,rejected,rejected,rejected,rejected,124,58,False,False,crypto-1d-02,,False,,,False,0.008024215820100026,0.009718857099322626,regime_switching_research_only
DOT/USD,1d,state_ret_day=ret_day_up + state_ext=stretched_up,bear,BTC/USD,ok,220,8,0.01712128038775117,0.75,0.8552528571389421,0.39241117990610563,False,0.011392702250127564,0.005728578137623607,state_ext=stretched_up,0.01865981073668315,-0.0015385303489319803,28,rolling,4,short,rejected,late_emerging_valid_supported,88,False,30,True,0.0344991586464741,0.0189845405092542,state_ext=stretched_up,0.0002788794644413,0.0403071758302753,0,0,0.0,0,8,7,6,7.25,rejected,rejected,rejected,rejected,rejected,rejected,rejected,rejected,124,78,False,False,crypto-1d-01,DOT/USD|1d|state_ret_day=ret_day_up + state_ext=stretched_up|rolling,False,research_only,False,False,0.011130256262712078,0.005991024125039093,unsupported
BCH/USD,1d,cross_BTC/USD_state_slope=downtrend + cross_ETH/USD_state_ext=stretched_down + state_ext=neutral,bear,BTC/USD,ok,478,16,0.016404103610833005,0.625,0.5414366379610164,0.5882066597186895,False,-0.0013485629267445253,0.01775266653757753,cross_BTC/USD_state_slope=downtrend + state_ext=neutral,0.014879378862367081,0.0015247247484659245,24,rolling,4,long,rejected,late_emerging_valid_supported,20,False,19,True,0.0548561299894382,0.0607557571680353,cross_ETH/USD_state_ext=stretched_down + state_ext=neutral,0.008056549335494,0.0084991313800111,0,0,0.0,0,8,8,7,7.75,rejected,rejected,rejected,rejected,rejected,rejected,rejected,rejected,124,95,False,False,crypto-1d-00,BCH/USD|1d|cross_BTC/USD_state_slope=downtrend + cross_ETH/USD_state_ext=stretched_down + state_ext=neutral|rolling,False,research_only,False,False,0.005199186149065743,0.011204917461767262,regime_switching_research_only
LTC/USD,1d,cross_BTC/USD_state_slope=downtrend + cross_ETH/USD_state_slope=flat + state_ext=stretched_down,bear,BTC/USD,ok,478,16,0.015958767379997716,0.5,1.2469002239427491,0.21243408462989177,False,0.0008269907300744158,0.0151317766499233,cross_BTC/USD_state_slope=downtrend + cross_ETH/USD_state_slope=flat,0.015116428976761805,0.0008423384032359114,27,rolling,4,long,rejected,late_emerging_recent_only,23,False,23,True,0.014635905556401,0.0226509696550769,cross_BTC/USD_state_slope=downtrend + cross_ETH/USD_state_slope=flat,0.0031095029450682,0.033642154048779,1,1,0.25,0,8,7,8,8.25,rejected,rejected,rejected,rejected,rejected,rejected,rejected,rejected,124,56,False,False,crypto-1d-02,LTC/USD|1d|cross_BTC/USD_state_slope=downtrend + cross_ETH/USD_state_slope=flat + state_ext=stretched_down|rolling,False,research_only,False,False,0.01600667589465951,-4.7908514661795104e-05,regime_switching_research_only
LTC/USD,1d,cross_ETH/USD_state_slope=uptrend + state_ext=stretched_down,bear,BTC/USD,ok,478,9,0.015892763593939093,0.4444444444444444,0.9350503531810695,0.34976235039193204,False,-0.0012269907300744179,0.01711975432401351,cross_ETH/USD_state_slope=uptrend,0.010395664703865588,0.005497098890073505,47,rolling,4,short,rejected,late_emerging_valid_supported,29,False,30,True,0.0292065864934759,0.0281915223948,cross_ETH/USD_state_slope=uptrend,0.0265075044414778,0.0065032599104588,0,0,0.0,0,8,8,6,7.5,rejected,rejected,rejected,rejected,rejected,rejected,rejected,rejected,124,72,False,False,crypto-1d-02,LTC/USD|1d|cross_ETH/USD_state_slope=uptrend + state_ext=stretched_down|rolling,False,research_only,False,False,0.01432504673697372,0.001567716856965374,unsupported
LINK/USD,1d,cross_BTC/USD_state_slope=downtrend + cross_ETH/USD_state_slope=flat + state_ext=stretched_down,bear,BTC/USD,ok,478,16,0.015032950236374253,0.5625,0.7959832402325211,0.42604177684025,False,5.6203911217063356e-05,0.01497674632515719,cross_BTC/USD_state_slope=downtrend + cross_ETH/USD_state_slope=flat,0.01622459794344544,-0.0011916477070711869,17,rolling,4,long,rejected,late_emerging_valid_supported,35,False,28,True,0.054734607610228,0.0621766991387812,cross_BTC/USD_state_slope=downtrend + cross_ETH/USD_state_slope=flat,0.0058718991141893,0.0483841287984445,0,0,0.0,0,8,8,7,7.75,rejected,rejected,rejected,rejected,rejected,rejected,rejected,rejected,124,80,False,False,crypto-1d-01,LINK/USD|1d|cross_BTC/USD_state_slope=downtrend + cross_ETH/USD_state_slope=flat + state_ext=stretched_down|rolling,False,research_only,False,False,0.034704681927998964,-0.01967173169162471,regime_switching_research_only
BCH/USD,1d,cross_BTC/USD_state_slope=downtrend + state_ext=neutral,bear,BTC/USD,ok,478,18,0.014879378862367081,0.6111111111111112,0.5389599570724486,0.5899144847995319,False,-0.0013485629267445253,0.016227941789111605,state_ext=neutral,-0.0004258270812331029,0.015305205943600185,20,rolling,4,long,rejected,late_emerging_valid_supported,25,False,22,True,0.0432297738412528,0.0491294010198499,state_ext=neutral,0.0251334703347239,0.0439023541516867,0,0,0.0,0,8,8,7,7.75,rejected,rejected,rejected,rejected,rejected,rejected,rejected,rejected,124,96,False,False,crypto-1d-00,BCH/USD|1d|cross_BTC/USD_state_slope=downtrend + state_ext=neutral|rolling,False,research_only,False,False,0.005958617453909096,0.008920761408457985,regime_switching_research_only
BCH/USD,1d,cross_ETH/USD_state_ext=stretched_down + state_ext=neutral,bear,BTC/USD,ok,478,27,0.014576546432405793,0.6296296296296297,0.6241594103166979,0.5325229004292842,False,-0.0013485629267445253,0.015925109359150317,state_ext=neutral,-0.0004258270812331029,0.015002373513638896,11,rolling,4,long,rejected,late_emerging_valid_supported,53,False,27,True,0.0467995806539441,0.0526992078325412,state_ext=neutral,0.0287032771474152,0.0101701432783203,1,10,0.25,0,8,8,7,8.25,rejected,rejected,rejected,rejected,rejected,rejected,rejected,rejected,124,91,False,False,crypto-1d-00,BCH/USD|1d|cross_ETH/USD_state_ext=stretched_down + state_ext=neutral|rolling,False,research_only,False,False,0.011986566744847202,0.002589979687558591,regime_switching_research_only
SUSHI/USD,1d,state_ret_day=ret_day_up + state_ext=stretched_up,bear,BTC/USD,ok,478,44,0.014320182859637754,0.6136363636363636,0.7482456593040571,0.45431199493133967,False,0.003036425285633274,0.01128375757400448,state_ext=stretched_up,0.016563034671065093,-0.002242851811427339,31,rolling,4,short,rejected,late_emerging_recent_only,193,False,73,True,0.0404571116509411,0.029357815402472,state_ret_day=ret_day_up,0.007945318961362,0.02798202677102,1,1,0.25,0,8,7,7,8.0,rejected,rejected,rejected,rejected,rejected,rejected,rejected,rejected,124,83,False,False,crypto-1d-02,SUSHI/USD|1d|state_ret_day=ret_day_up + state_ext=stretched_up|rolling,False,research_only,False,False,0.005154713424439007,0.009165469435198748,regime_switching_research_only
UNI/USD,1d,cross_ETH/USD_state_slope=downtrend + state_ext=stretched_up,bear,BTC/USD,ok,479,49,0.013972041895181152,0.5714285714285714,0.9698858360222176,0.33210340091825197,False,-0.004930824047711812,0.018902865942892963,cross_ETH/USD_state_slope=downtrend,0.0015986453203816902,0.012373396574799462,14,rolling,4,short,rejected,late_emerging_recent_only,47,False,38,True,0.0391764454933598,0.0368388444614235,state_ext=stretched_up,0.0224085612028711,0.006242168397204,1,1,0.25,0,8,8,8,8.5,rejected,rejected,rejected,rejected,rejected,rejected,rejected,rejected,124,71,False,False,crypto-1d-02,UNI/USD|1d|cross_ETH/USD_state_slope=downtrend + state_ext=stretched_up|rolling,False,research_only,False,False,0.029449656899505114,-0.015477615004323961,regime_switching_research_only
LTC/USD,1d,cross_ETH/USD_state_slope=uptrend + state_slope=flat,bear,BTC/USD,ok,478,23,0.013018822310664221,0.5217391304347826,0.9832189612029373,0.3254996846316285,False,-0.0012269907300744179,0.01424581304073864,cross_ETH/USD_state_slope=uptrend,0.010395664703865588,0.002623157606798633,22,rolling,4,short,rejected,late_emerging_recent_only,96,False,59,True,0.0201891183407882,0.0191740542421123,state_slope=flat,0.0166768546287201,0.0157475773158348,1,1,0.25,0,8,8,7,8.25,rejected,rejected,rejected,rejected,rejected,rejected,rejected,rejected,124,70,False,False,crypto-1d-02,LTC/USD|1d|cross_ETH/USD_state_slope=uptrend + state_slope=flat|rolling,False,research_only,False,False,0.0063454762136879676,0.0066733460969762536,regime_switching_research_only
DOT/USD,1d,cross_ETH/USD_state_slope=flat + state_slope=downtrend,bear,BTC/USD,ok,220,21,0.012699597114631579,0.7142857142857143,1.1806474810055687,0.23774279309457524,False,0.011392702250127564,0.0013068948645040147,state_slope=downtrend,0.0064909190849492746,0.006208678029682304,14,rolling,4,short,rejected,late_emerging_valid_supported,68,False,30,True,0.020458084285883,0.0049434661486631,state_slope=downtrend,0.0083582730367796,0.0246546586346241,1,1000,0.25,0,7,7,6,7.75,rejected,rejected,rejected,rejected,rejected,rejected,rejected,rejected,124,61,False,False,crypto-1d-01,DOT/USD|1d|cross_ETH/USD_state_slope=flat + state_slope=downtrend|rolling,False,research_only,False,False,0.02785209066974073,-0.015152493555109153,regime_switching_research_only
LTC/USD,1d,cross_ETH/USD_state_ext=stretched_up + state_ext=stretched_down,bear,BTC/USD,ok,478,11,0.0108020334079182,0.5454545454545454,0.6479573941419066,0.5170125074353722,False,-0.0012269907300744179,0.012029024137992618,cross_ETH/USD_state_ext=stretched_up,0.007461059052738374,0.0033409743551798257,10,rolling,4,short,rejected,late_emerging_recent_only,38,False,25,True,0.0344583533344691,0.0334432892357931,cross_ETH/USD_state_ext=stretched_up,0.0312427336948236,0.003474541075128,1,1,0.25,0,8,8,8,8.5,rejected,rejected,rejected,rejected,rejected,rejected,rejected,rejected,124,90,False,False,crypto-1d-02,LTC/USD|1d|cross_ETH/USD_state_ext=stretched_up + state_ext=stretched_down|rolling,False,research_only,False,False,0.027834496540786326,-0.017032463132868124,unsupported
CRV/USD,1d,state_ext=stretched_up + state_slope=flat,bear,BTC/USD,ok,220,22,0.01057483877382407,0.6363636363636364,0.6758412278350107,0.4991414557629017,False,-0.006167091195466627,0.0167419299692907,state_ext=stretched_up,0.000375717959971189,0.010199120813852882,22,rolling,4,short,rejected,late_emerging_valid_supported,52,False,35,True,0.062653108080759,0.0510265373675753,state_ext=stretched_up,0.0241119875424632,0.0102946759220603,0,0,0.0,0,8,7,6,7.25,rejected,rejected,rejected,rejected,rejected,rejected,rejected,rejected,124,86,False,False,crypto-1d-01,CRV/USD|1d|state_ext=stretched_up + state_slope=flat|rolling,False,research_only,False,False,0.02436395883613977,-0.0137891200623157,regime_switching_research_only
DOT/USD,1d,cross_BTC/USD_state_slope=flat + state_slope=downtrend,bear,BTC/USD,ok,220,20,0.008768585308753536,0.65,0.49423339363265467,0.6211413585853829,False,0.011392702250127564,-0.0026241169413740283,cross_BTC/USD_state_slope=flat,0.011647790642123705,-0.0028792053333701693,11,rolling,4,short,rejected,late_emerging_valid_supported,79,False,23,True,0.0265626516393106,0.0110480335020906,state_slope=downtrend,0.0144628403902072,0.0361662086195084,1,1000,0.25,0,8,8,6,8.0,rejected,rejected,rejected,rejected,rejected,rejected,rejected,rejected,124,97,False,False,crypto-1d-01,DOT/USD|1d|cross_BTC/USD_state_slope=flat + state_slope=downtrend|rolling,False,research_only,False,False,0.026124301924904378,-0.017355716616150842,unsupported
LTC/USD,1d,cross_BTC/USD_state_slope=flat + state_ext=stretched_up,bear,BTC/USD,ok,478,32,0.008490380455726755,0.5625,0.8231697015951956,0.4104114960432643,False,-0.0012269907300744179,0.009717371185801174,state_ext=stretched_up,0.0034396436401563785,0.005050736815570377,6,rolling,4,short,rejected,late_emerging_regime_switching,104,False,51,True,0.0237026746187543,0.0226876105200783,state_ext=stretched_up,0.0112773424731787,0.0059105812899193,2,101,0.5,0,8,8,8,9.0,rejected,rejected,rejected,rejected,rejected,rejected,rejected,rejected,124,79,False,False,crypto-1d-02,LTC/USD|1d|cross_BTC/USD_state_slope=flat + state_ext=stretched_up|rolling,False,research_only,False,False,0.011790900199225796,-0.00330051974349904,regime_switching_research_only
AAVE/USD,1h,cross_BTC/USD_state_slope=uptrend + cross_ETH/USD_state_slope=uptrend + state_ext=stretched_down,bear,BTC/USD,ok,2785,11,0.00805069262204723,0.36363636363636365,0.8679206387991203,0.38543777959498193,False,-0.0003437420221941073,0.008394434644241337,cross_BTC/USD_state_slope=uptrend + state_ext=stretched_down,0.0067503303395445415,0.0013003622825026881,2,rolling,4,long,rejected,late_emerging_recent_only,43,False,22,True,0.0099015285147686,0.0128452729379108,cross_BTC/USD_state_slope=uptrend + state_ext=stretched_down,0.0010493616877111,0.0258435365607694,1,1,0.25,0,8,7,7,8.0,rejected,rejected,rejected,rejected,rejected,rejected,rejected,rejected,124,76,False,False,crypto-1h-00,,False,,,False,0.0005355441013389365,0.0075151485207082935,unsupported
DOT/USD,1h,state_ret_day=ret_day_up + state_ext=stretched_down,bear,BTC/USD,ok,2785,8,0.007898423334203118,0.625,0.9866763454673368,0.3238013298570803,False,0.0003225903269501033,0.007575833007253015,state_ret_day=ret_day_up,0.0011705570014349934,0.006727866332768125,3,rolling,4,short,rejected,late_emerging_recent_only,27,False,18,True,0.007070945126099,0.0104331267642475,state_ret_day=ret_day_up,0.0083541095365404,0.002839945420183,1,1,0.25,0,8,8,8,8.5,rejected,rejected,rejected,rejected,rejected,rejected,rejected,rejected,124,69,False,False,crypto-1h-01,,False,,,False,0.004618936125384502,0.0032794872088186162,unsupported
DOGE/USD,1d,state_volume=vol_quiet + state_ext=stretched_down,bear,BTC/USD,ok,478,154,0.007390772265988623,0.5714285714285714,0.8597027965638513,0.3899528928202085,False,0.00576676039096137,0.0016240118750272528,state_volume=vol_quiet,0.007143720887181905,0.00024705137880671763,24,rolling,4,short,rejected,late_emerging_valid_supported,255,False,135,True,0.021372881347497,0.0153594194850374,state_volume=vol_quiet,0.0111944500830265,0.0446377651465774,0,0,0.0,0,8,8,5,7.25,rejected,rejected,rejected,rejected,rejected,rejected,rejected,rejected,124,77,False,False,crypto-1d-01,,False,,,False,0.010892691960247747,-0.003501919694259124,regime_switching_research_only
UNI/USD,1d,cross_BTC/USD_state_ext=neutral + state_ext=stretched_down,bear,BTC/USD,ok,479,46,0.007279066371858228,0.5434782608695652,0.3834380384444978,0.701395003926556,False,-0.004930824047711812,0.01220989041957004,state_ext=stretched_down,-0.003041777237050739,0.010320843608908968,52,rolling,4,short,rejected,late_emerging_valid_supported,121,False,65,True,0.0300090003553069,0.0276713993233706,cross_BTC/USD_state_ext=neutral,0.0101601419002447,0.0219412210479417,0,0,0.0,0,8,8,6,7.5,rejected,rejected,rejected,rejected,rejected,rejected,rejected,rejected,124,102,False,False,crypto-1d-02,UNI/USD|1d|cross_BTC/USD_state_ext=neutral + state_ext=stretched_down|rolling,False,research_only,False,False,0.010128461347984934,-0.0028493949761267063,regime_switching_research_only
AAVE/USD,1h,cross_BTC/USD_state_slope=uptrend + state_ext=stretched_down,bear,BTC/USD,ok,2785,29,0.0067503303395445415,0.3793103448275862,1.1425388457817838,0.25323010875067276,False,-0.0003437420221941073,0.0070940723617386485,cross_BTC/USD_state_slope=uptrend,0.002126063763896001,0.004624266575648541,5,rolling,4,long,rejected,late_emerging_valid_supported,107,False,33,True,0.0088521668270574,0.0117959112501996,cross_BTC/USD_state_slope=uptrend,0.011091721840251,0.0461315918299747,0,0,0.0,0,8,8,6,7.5,rejected,rejected,rejected,rejected,rejected,rejected,rejected,rejected,124,62,False,False,crypto-1h-00,,False,,,False,0.0005935454052824906,0.006156784934262051,regime_switching_research_only
XRP/USD,1d,cross_ETH/USD_state_ext=stretched_down + state_ext=neutral,bear,BTC/USD,ok,204,16,0.006538430034820151,0.625,0.5447993890747053,0.5858914989083019,False,0.004501134455973054,0.0020372955788470967,cross_ETH/USD_state_ext=stretched_down,0.002931179047838081,0.0036072509869820696,34,rolling,4,short,rejected,late_emerging_valid_supported,47,False,16,True,0.0341885170799188,0.0250584677843645,cross_ETH/USD_state_ext=stretched_down,0.0254473755330126,6.505165535242163e-05,0,0,0.0,0,8,8,8,8.0,rejected,rejected,rejected,rejected,rejected,rejected,rejected,rejected,124,94,False,False,crypto-1d-02,XRP/USD|1d|cross_ETH/USD_state_ext=stretched_down + state_ext=neutral|rolling,False,research_only,False,False,0.01209595124489188,-0.005557521210071729,regime_switching_research_only
LTC/USD,1d,cross_BTC/USD_state_ext=neutral + state_ext=stretched_up,bear,BTC/USD,ok,478,19,0.00624693743682789,0.47368421052631576,0.490190815156808,0.623998879621894,False,-0.0012269907300744179,0.007473928166902307,state_ext=stretched_up,0.0034396436401563785,0.0028072937966715115,39,rolling,4,short,rejected,late_emerging_valid_supported,51,False,34,True,0.035769891802332,0.0347548277036561,state_ext=stretched_up,0.0233445596567564,0.0109423309669156,0,0,0.0,0,8,8,7,7.75,rejected,rejected,rejected,rejected,rejected,rejected,rejected,rejected,124,99,False,False,crypto-1d-02,LTC/USD|1d|cross_BTC/USD_state_ext=neutral + state_ext=stretched_up|rolling,False,research_only,False,False,0.016268105176247636,-0.010021167739419745,regime_switching_research_only
SOL/USD,1d,cross_BTC/USD_state_slope=downtrend + cross_ETH/USD_state_slope=flat + state_ext=stretched_down,bear,BTC/USD,ok,449,16,0.00607556157813334,0.4375,0.3179421341486133,0.7505288311566949,False,-0.005965262375300096,0.012040823953433435,cross_BTC/USD_state_slope=downtrend + cross_ETH/USD_state_slope=flat,0.01816365260139617,-0.012088091023262831,55,rolling,4,long,rejected,late_emerging_valid_supported,29,False,16,True,0.0371980293251226,0.0466209716689472,cross_BTC/USD_state_slope=downtrend + cross_ETH/USD_state_slope=flat,0.0022067410662972,0.002209686406787,0,0,0.0,0,8,7,7,7.5,rejected,rejected,rejected,rejected,rejected,rejected,rejected,rejected,124,104,False,False,crypto-1d-02,SOL/USD|1d|cross_BTC/USD_state_slope=downtrend + cross_ETH/USD_state_slope=flat + state_ext=stretched_down|rolling,False,research_only,False,False,0.022971138732275975,-0.016895577154142635,regime_switching_research_only
BCH/USD,1d,state_ext=neutral + state_slope=uptrend,bear,BTC/USD,ok,478,16,0.0047033790328547265,0.375,0.1577650361317245,0.8746419506861007,False,-0.0013485629267445253,0.0060519419595992515,state_slope=uptrend,0.0025673607831890525,0.002136018249665674,17,rolling,4,long,rejected,late_emerging_valid_supported,52,False,23,True,0.0531919673516939,0.0590915945302911,state_ext=neutral,0.035095663845165,0.0025087075060468,0,0,0.0,0,8,8,7,7.75,rejected,rejected,rejected,rejected,rejected,rejected,rejected,rejected,124,114,False,False,crypto-1d-00,BCH/USD|1d|state_ext=neutral + state_slope=uptrend|rolling,False,research_only,False,False,0.009375361340738944,-0.004671982307884218,regime_switching_research_only
SUSHI/USD,1d,cross_ETH/USD_state_slope=flat + state_ext=stretched_up,bear,BTC/USD,ok,478,55,0.003982523310779423,0.6181818181818182,0.1722575652707326,0.8632350436252474,False,0.003036425285633274,0.0009460980251461489,state_ext=stretched_up,0.016563034671065093,-0.01258051136028567,37,rolling,4,short,rejected,late_emerging_valid_supported,160,False,37,True,0.0568123926436187,0.0457130963951496,state_ext=stretched_up,0.0260439556208414,0.0053660842138629,0,0,0.0,0,8,8,7,7.75,rejected,rejected,rejected,rejected,rejected,rejected,rejected,rejected,124,113,False,False,crypto-1d-02,SUSHI/USD|1d|cross_ETH/USD_state_slope=flat + state_ext=stretched_up|rolling,False,research_only,False,False,0.015294992304821306,-0.011312468994041883,regime_switching_research_only
CRV/USD,1d,cross_BTC/USD_state_slope=downtrend + state_ext=stretched_up,bear,BTC/USD,ok,220,29,0.003932911120186856,0.5517241379310345,0.18146371876134212,0.8560036085804568,False,-0.006167091195466627,0.010100002315653483,state_ext=stretched_up,0.000375717959971189,0.003557193160215667,18,rolling,4,short,rejected,late_emerging_valid_supported,27,False,18,True,0.0426329530776568,0.031006382364473,state_ext=stretched_up,0.0040918325393609,0.0279987869449738,0,0,0.0,0,8,8,7,7.75,rejected,rejected,rejected,rejected,rejected,rejected,rejected,rejected,124,111,False,False,crypto-1d-01,CRV/USD|1d|cross_BTC/USD_state_slope=downtrend + state_ext=stretched_up|rolling,False,research_only,False,False,0.006551113841986293,-0.002618202721799437,regime_switching_research_only
AAVE/USD,1d,cross_BTC/USD_state_slope=uptrend + cross_ETH/USD_state_slope=flat + state_ext=stretched_up,bear,BTC/USD,ok,478,5,0.0034011155301550745,0.6,0.13747371615168044,0.8906563669472605,False,-0.010011704298055637,0.013412819828210711,cross_BTC/USD_state_slope=uptrend + cross_ETH/USD_state_slope=flat,0.07652978091345869,-0.07312866538330362,23,rolling,4,short,rejected,late_emerging_valid_supported,48,False,16,True,0.0547308620047248,0.0531687938384364,cross_BTC/USD_state_slope=uptrend + cross_ETH/USD_state_slope=flat,0.0102970160706919,0.0053080370985667,0,0,0.0,0,8,8,7,7.75,rejected,rejected,rejected,rejected,rejected,rejected,rejected,rejected,124,117,False,False,crypto-1d-00,AAVE/USD|1d|cross_BTC/USD_state_slope=uptrend + cross_ETH/USD_state_slope=flat + state_ext=stretched_up|rolling,False,research_only,False,False,0.021579742760403413,-0.018178627230248337,unsupported
LTC/USD,1h,state_ext=stretched_up + state_slope=flat,bear,BTC/USD,ok,2792,27,0.003293016597745015,0.6666666666666666,0.7567890700343903,0.4491762420652339,False,4.489311633955794e-05,0.003248123481405457,state_ext=stretched_up,0.0002548370956782279,0.0030381795020667872,1,rolling,4,short,rejected,late_emerging_recent_only,98,False,23,True,0.0043718683279058,0.0080985751984517,state_ext=stretched_up,0.0035218798721503,0.0041446578407171,1,1,0.25,0,8,8,7,8.25,rejected,rejected,rejected,rejected,rejected,rejected,rejected,rejected,124,82,False,False,crypto-1h-02,,False,,,False,0.005825776844895829,-0.002532760247150814,regime_switching_research_only
LTC/USD,1d,state_ret_day=ret_day_up + state_ext=stretched_up,bear,BTC/USD,ok,478,38,0.002795832380614963,0.6052631578947368,0.23185669387993746,0.8166493212649852,False,-0.0012269907300744179,0.004022823110689381,state_ret_day=ret_day_up,0.003983807655950828,-0.0011879752753358652,24,rolling,4,short,rejected,late_emerging_recent_only,174,False,78,True,0.0267194961628862,0.0257044320642103,state_ext=stretched_up,0.0142941640173106,0.0167448467665505,1,1,0.25,0,8,8,7,8.25,rejected,rejected,rejected,rejected,rejected,rejected,rejected,rejected,124,110,False,False,crypto-1d-02,LTC/USD|1d|state_ret_day=ret_day_up + state_ext=stretched_up|rolling,False,research_only,False,False,0.013973472743710602,-0.01117764036309564,regime_switching_research_only
AVAX/USD,1d,cross_BTC/USD_state_ext=neutral + cross_ETH/USD_state_slope=flat + state_ext=stretched_down,bear,BTC/USD,ok,478,46,0.0018418785290996093,0.4782608695652174,0.09339509479455203,0.925589687273745,False,0.005056495107150669,-0.0032146165780510593,state_ext=stretched_down,0.00898733364045957,-0.00714545511135996,14,rolling,4,short,rejected,late_emerging_valid_supported,98,False,34,True,0.032967744556631,0.0280574070313961,cross_BTC/USD_state_ext=neutral + state_ext=stretched_down,0.0149998764865237,0.048281794407573,0,0,0.0,1,8,7,5,8.0,rejected,survived,rejected,rejected,rejected,rejected,rejected,rejected,124,119,False,False,crypto-1d-00,AVAX/USD|1d|cross_BTC/USD_state_ext=neutral + cross_ETH/USD_state_slope=flat + state_ext=stretched_down|rolling,False,research_only,False,False,0.029049700143224208,-0.0272078216141246,unsupported
CRV/USD,1h,state_weekpart=weekend + state_ext=stretched_up + state_vol=low_vol,bear,BTC/USD,ok,2785,34,0.0013908251481228391,0.5588235294117647,0.38124616729278094,0.7030205947296386,False,0.0001891084825125637,0.0012017166656102755,state_weekpart=weekend + state_vol=low_vol,0.0015676019228334527,-0.0001767767747106136,4,rolling,4,short,rejected,late_emerging_recent_only,137,False,41,True,0.0105881800010259,0.0148368883987658,state_weekpart=weekend + state_ext=stretched_up,0.0060383416970183,5.021033504526429e-07,1,1,0.25,0,8,8,7,8.25,rejected,rejected,rejected,rejected,rejected,rejected,rejected,rejected,124,103,False,False,crypto-1h-01,,False,,,False,0.002548553193834859,-0.00115772804571202,regime_switching_research_only
AAVE/USD,1h,state_utc_session=utc_europe + state_ext=stretched_down + state_slope=flat,bear,BTC/USD,ok,2785,39,0.001182533335492712,0.41025641025641024,0.29013316806764944,0.7717143621172646,False,-0.0003437420221941073,0.0015262753576868195,state_utc_session=utc_europe + state_slope=flat,0.0033931703951925454,-0.0022106370596998333,4,rolling,4,long,rejected,late_emerging_valid_supported,77,False,15,True,0.0117500010038615,0.0146937454270037,state_ext=stretched_down + state_slope=flat,0.0103483200777453,0.0194428623426832,0,0,0.0,0,8,8,7,7.75,rejected,rejected,rejected,rejected,rejected,rejected,rejected,rejected,124,107,False,False,crypto-1h-00,,False,,,False,0.001518700043039098,-0.000336166707546386,regime_switching_research_only
CRV/USD,1h,cross_BTC/USD_state_ext=neutral + cross_ETH/USD_state_slope=uptrend + state_ext=stretched_up,bear,BTC/USD,ok,2785,71,0.0009271514236672246,0.5070422535211268,0.17367263950020043,0.8621227412358172,False,0.0001891084825125637,0.0007380429411546609,cross_BTC/USD_state_ext=neutral + state_ext=stretched_up,0.001359021302396953,-0.0004318698787297283,23,rolling,4,short,rejected,late_emerging_valid_supported,461,False,177,True,0.0047735695266562,0.0090222779243961,cross_ETH/USD_state_slope=uptrend + state_ext=stretched_up,0.0022436147362984,0.0256904381220159,0,0,0.0,0,8,8,5,7.25,rejected,rejected,rejected,rejected,rejected,rejected,rejected,rejected,124,112,False,False,crypto-1h-01,,False,,,False,0.0034712787754579907,-0.002544127351790766,regime_switching_research_only
DOT/USD,1h,state_ret_day=ret_day_flat + state_ext=stretched_up + state_slope=uptrend,bear,BTC/USD,ok,2785,37,0.0005230605090273309,0.4864864864864865,0.1387331104321471,0.8896610527527227,False,0.0003225903269501033,0.0002004701820772276,state_ret_day=ret_day_flat + state_slope=uptrend,0.004269680179737991,-0.00374661967071066,8,rolling,4,short,rejected,late_emerging_valid_supported,98,False,22,True,0.0071145793403984,0.0104767609785469,state_ret_day=ret_day_flat + state_ext=stretched_up,0.0079118430843989,0.0278279448556144,0,0,0.0,0,8,8,6,7.5,rejected,rejected,rejected,rejected,rejected,rejected,rejected,rejected,124,116,False,False,crypto-1h-01,,False,,,False,0.003746582579219465,-0.003223522070192134,regime_switching_research_only
DOGE/USD,1h,state_ext=stretched_up + state_vol=high_vol,bear,BTC/USD,ok,2789,60,0.00021689019963869896,0.6333333333333333,0.044632301274657414,0.9644003956117893,False,0.0003007367676985631,-8.384656805986415e-05,state_ext=stretched_up,0.0019029678331845936,-0.0016860776335458946,1,rolling,4,short,rejected,late_emerging_regime_switching,362,False,38,True,0.0139153509798041,0.0176014218881124,state_ext=stretched_up,0.0140168778424207,0.0038651230944175,2,11,0.5,0,8,8,8,9.0,rejected,rejected,rejected,rejected,rejected,rejected,rejected,rejected,124,122,False,False,crypto-1h-01,,False,,,False,0.0024250025826934364,-0.0022081123830547376,unsupported
DOGE/USD,1d,cross_BTC/USD_state_slope=downtrend + cross_ETH/USD_state_slope=flat + state_ext=stretched_down,bear,BTC/USD,ok,478,21,9.536580052218594e-05,0.5238095238095238,0.007578480368878001,0.993953305399716,False,-0.00616676039096137,0.006262126191483556,cross_ETH/USD_state_slope=flat,-0.003441455262798434,0.00353682106332062,7,rolling,4,long,rejected,late_emerging_recent_only,40,False,29,True,0.031875895047859,0.0448893569103185,cross_BTC/USD_state_slope=downtrend + cross_ETH/USD_state_slope=flat,0.0016204379953573,0.0203057073842534,1,1,0.25,0,8,8,8,8.5,rejected,rejected,rejected,rejected,rejected,rejected,rejected,rejected,124,124,False,False,crypto-1d-01,DOGE/USD|1d|cross_BTC/USD_state_slope=downtrend + cross_ETH/USD_state_slope=flat + state_ext=stretched_down|rolling,False,research_only,False,False,0.02069496774870532,-0.020599601948183135,regime_switching_research_only
LTC/USD,1h,cross_BTC/USD_state_ext=neutral + cross_ETH/USD_state_slope=uptrend + state_ext=stretched_up,bear,BTC/USD,ok,2792,46,-6.526546470940253e-05,0.45652173913043476,-0.015354296473655953,0.9877495252541664,False,4.489311633955794e-05,-0.00011015858104896048,cross_BTC/USD_state_ext=neutral + cross_ETH/USD_state_slope=uptrend,0.0022109930054080955,-0.002276258470117498,158,rolling,4,short,rejected,late_emerging_valid_supported,267,False,59,True,0.0046336700910365,0.0083603769615824,cross_BTC/USD_state_ext=neutral + state_ext=stretched_up,0.0018324466812092,0.037228650741157,0,0,0.0,0,8,7,5,7.0,rejected,rejected,rejected,rejected,rejected,rejected,rejected,rejected,124,123,False,False,crypto-1h-02,,False,,,False,-0.00019989457006959452,0.000134629105360192,unsupported
DOGE/USD,1h,state_weekpart=weekday + state_ext=stretched_up + state_vol=high_vol,bear,BTC/USD,ok,2789,51,-0.0003233046459407547,0.5882352941176471,-0.05713865635564265,0.954434743389575,False,0.0003007367676985631,-0.0006240414136393178,state_weekpart=weekday + state_ext=stretched_up,0.001956234150457905,-0.00227953879639866,2,rolling,4,short,rejected,late_emerging_regime_switching,261,False,30,True,0.0167271860676045,0.0204132569759128,state_ext=stretched_up + state_vol=high_vol,0.0028118350878004,0.0044056605317199,2,11,0.5,0,8,8,8,9.0,rejected,rejected,rejected,rejected,rejected,rejected,rejected,rejected,124,120,False,False,crypto-1h-01,,False,,,False,0.003136935719468354,-0.0034602403654091086,unsupported
SUSHI/USD,1d,cross_BTC/USD_state_slope=flat + state_ext=stretched_up,bear,BTC/USD,ok,478,57,-0.0011944620630603745,0.6140350877192983,-0.05396388402377292,0.9569639386674347,False,0.003036425285633274,-0.004230887348693649,state_ext=stretched_up,0.016563034671065093,-0.017757496734125466,49,rolling,4,short,rejected,late_emerging_valid_supported,149,False,41,True,0.0503248530481954,0.0392255567997263,state_ext=stretched_up,0.0195564160254181,0.0137122444401662,0,0,0.0,0,8,8,6,7.5,rejected,rejected,rejected,rejected,rejected,rejected,rejected,rejected,124,121,False,False,crypto-1d-02,SUSHI/USD|1d|cross_BTC/USD_state_slope=flat + state_ext=stretched_up|rolling,False,research_only,False,False,0.010230602682676266,-0.011425064745736641,unsupported
SUSHI/USD,1d,cross_BTC/USD_state_slope=downtrend + cross_ETH/USD_state_slope=flat + state_ext=stretched_down,bear,BTC/USD,ok,478,17,-0.002203647436767847,0.47058823529411764,-0.09905443983687787,0.9210950458571714,False,-0.0034364252856332687,0.0012327778488654215,cross_ETH/USD_state_slope=flat,0.00267494967856893,-0.004878597115336777,18,rolling,4,long,rejected,late_emerging_recent_only,34,False,31,True,0.0335836320272812,0.0516829282757504,cross_BTC/USD_state_slope=downtrend + cross_ETH/USD_state_slope=flat,0.0108424038833807,0.0116787519846748,1,1,0.25,0,8,8,8,8.5,rejected,rejected,rejected,rejected,rejected,rejected,rejected,rejected,124,118,False,False,crypto-1d-02,SUSHI/USD|1d|cross_BTC/USD_state_slope=downtrend + cross_ETH/USD_state_slope=flat + state_ext=stretched_down|rolling,False,research_only,False,False,0.008456663734598559,-0.010660311171366406,unsupported
CRV/USD,1h,state_weekpart=weekend + state_ext=stretched_up,bear,BTC/USD,ok,2785,58,-0.0024476692844423507,0.5517241379310345,-0.4902376030930303,0.6239657747963516,False,0.0001891084825125637,-0.0026367777669549144,state_weekpart=weekend,-3.667483759490056e-05,-0.00241099444684745,22,rolling,4,short,rejected,late_emerging_valid_supported,316,False,79,True,0.0045498383040076,0.0087985467017474,state_ext=stretched_up,0.0059951349375049,0.0487141945904769,0,0,0.0,0,8,8,5,7.25,rejected,rejected,rejected,rejected,rejected,rejected,rejected,rejected,124,98,False,False,crypto-1h-01,,False,,,False,0.0025691670779531793,-0.0050168363623955305,unsupported
AAVE/USD,1h,cross_BTC/USD_state_slope=flat + cross_ETH/USD_state_slope=uptrend + state_ext=stretched_up,bear,BTC/USD,ok,2785,33,-0.0032719449230827475,0.45454545454545453,-1.0937388393432659,0.2740695348373787,False,-5.625797780589304e-05,-0.0032156869452768543,state_ext=stretched_up,-0.0009404844136243091,-0.0023314605094584386,1,rolling,4,short,rejected,late_emerging_recent_only,110,False,33,True,0.0060994142826276,0.0101556698594854,cross_BTC/USD_state_slope=flat + cross_ETH/USD_state_slope=uptrend,0.0062108402337642,0.0230149566468118,1,1,0.25,0,8,8,7,8.25,rejected,rejected,rejected,rejected,rejected,rejected,rejected,rejected,124,65,False,False,crypto-1h-00,,False,,,False,0.0028564273586524427,-0.006128372281735191,unsupported
LTC/USD,1d,state_ext=stretched_up + state_slope=flat,bear,BTC/USD,ok,478,44,-0.004259759284786655,0.5909090909090909,-0.23192015053751788,0.8166000333143535,False,-0.0012269907300744179,-0.0030327685547122374,state_ext=stretched_up,0.0034396436401563785,-0.007699402924943034,32,rolling,4,short,rejected,late_emerging_recent_only,150,False,74,True,0.0189192716219132,0.0179042075232373,state_ext=stretched_up,0.0064939394763376,0.0386987138245018,1,1,0.25,0,8,8,6,8.0,rejected,rejected,rejected,rejected,rejected,rejected,rejected,rejected,124,109,False,False,crypto-1d-02,LTC/USD|1d|state_ext=stretched_up + state_slope=flat|rolling,False,research_only,False,False,0.004346812080251315,-0.00860657136503797,unsupported
BCH/USD,1d,state_volume=vol_normal + state_ext=neutral,bear,BTC/USD,ok,478,20,-0.005649332587241994,0.45,-0.2814938489231903,0.7783316452821714,False,-0.0013485629267445253,-0.004300769660497469,state_volume=vol_normal,0.003715778434873253,-0.009365111022115246,22,rolling,4,long,rejected,late_emerging_valid_supported,58,False,26,True,0.0333661977809021,0.0392658249594993,state_ext=neutral,0.0152698942743732,0.0045479176215923,0,0,0.0,0,8,8,7,7.75,rejected,rejected,rejected,rejected,rejected,rejected,rejected,rejected,124,108,False,False,crypto-1d-00,,False,,,False,0.007654963774896465,-0.013304296362138458,unsupported
DOGE/USD,1d,cross_BTC/USD_state_ext=neutral + cross_ETH/USD_state_slope=flat + state_ext=stretched_down,bear,BTC/USD,ok,478,45,-0.005847536853131411,0.37777777777777777,-0.29134904196626854,0.7707843833534802,False,0.00576676039096137,-0.011614297244092782,cross_ETH/USD_state_slope=flat + state_ext=stretched_down,0.004834770708217739,-0.01068230756134915,10,rolling,4,short,rejected,late_emerging_valid_supported,71,False,44,True,0.0434842075357081,0.0374707456732485,cross_BTC/USD_state_ext=neutral + state_ext=stretched_down,0.0167279225351974,0.0391472346926629,1,10,0.25,0,8,7,7,8.0,rejected,rejected,rejected,rejected,rejected,rejected,rejected,rejected,124,106,False,False,crypto-1d-01,DOGE/USD|1d|cross_BTC/USD_state_ext=neutral + cross_ETH/USD_state_slope=flat + state_ext=stretched_down|rolling,False,research_only,False,False,0.030372169664824603,-0.036219706517956016,unsupported
DOT/USD,1h,state_utc_session=utc_us + state_ext=stretched_up + state_slope=uptrend,bear,BTC/USD,ok,2785,32,-0.0064662597915523335,0.40625,-1.3911718263029889,0.16417332843015164,False,0.0003225903269501033,-0.006788850118502437,state_utc_session=utc_us + state_slope=uptrend,0.0015579534553094732,-0.008024213246861808,5,rolling,4,short,rejected,late_emerging_recent_only,318,False,88,True,0.0055349470048345,0.008897128642983,state_utc_session=utc_us + state_ext=stretched_up,0.0024255145503781,0.0044117848748308,1,1,0.25,0,8,8,7,8.25,rejected,rejected,rejected,rejected,rejected,rejected,rejected,rejected,124,52,False,False,crypto-1h-01,,False,,,False,0.0017195442415652725,-0.008185804033117606,unsupported
LTC/USD,1d,state_ext=stretched_up + state_vol=high_vol,bear,BTC/USD,ok,478,31,-0.007588217090048672,0.5806451612903226,-0.29794791179785846,0.7657429193097627,False,-0.0012269907300744179,-0.006361226359974255,state_ext=stretched_up,0.0034396436401563785,-0.01102786073020505,38,rolling,4,short,rejected,late_emerging_valid_supported,104,False,43,True,0.0365245938683518,0.0355095297696759,state_ext=stretched_up,0.0240992617227762,0.0156298351192378,0,0,0.0,0,8,8,7,7.75,rejected,rejected,rejected,rejected,rejected,rejected,rejected,rejected,124,105,False,False,crypto-1d-02,LTC/USD|1d|state_ext=stretched_up + state_vol=high_vol|rolling,False,research_only,False,False,0.013444430662420103,-0.021032647752468776,unsupported
LTC/USD,1d,cross_ETH/USD_state_ext=neutral + state_ext=stretched_up,bear,BTC/USD,ok,478,15,-0.008704606130253747,0.5333333333333333,-1.0450307641126553,0.29600875123634185,False,-0.0012269907300744179,-0.007477615400179329,cross_ETH/USD_state_ext=neutral,0.008415233388034462,-0.01711983951828821,15,rolling,4,short,rejected,late_emerging_recent_only,43,False,23,True,0.0405776285835524,0.0395625644848764,cross_ETH/USD_state_ext=neutral,0.0211655303220637,0.0113416163666331,1,1,0.25,0,8,8,8,8.5,rejected,rejected,rejected,rejected,rejected,rejected,rejected,rejected,124,66,False,False,crypto-1d-02,LTC/USD|1d|cross_ETH/USD_state_ext=neutral + state_ext=stretched_up|rolling,False,research_only,False,False,0.02626965233265786,-0.034974258462911606,unsupported
SOL/USD,1d,cross_ETH/USD_state_ext=stretched_down + state_ext=stretched_up,bear,BTC/USD,ok,449,35,-0.009398137724038046,0.4857142857142857,-0.39028069537636945,0.6963289965884685,False,-0.005965262375300096,-0.0034328753487379493,cross_ETH/USD_state_ext=stretched_down,-0.005346252543043284,-0.004051885180994762,45,rolling,4,long,rejected,late_emerging_valid_supported,58,False,18,True,0.0520615044389001,0.0614844467827246,cross_ETH/USD_state_ext=stretched_down,0.0588498170329629,0.0175146232400178,0,0,0.0,0,8,8,6,7.5,rejected,rejected,rejected,rejected,rejected,rejected,rejected,rejected,124,101,False,False,crypto-1d-02,SOL/USD|1d|cross_ETH/USD_state_ext=stretched_down + state_ext=stretched_up|rolling,False,research_only,False,False,0.004261643500531247,-0.013659781224569293,unsupported
UNI/USD,1d,state_volume=vol_quiet + state_ext=stretched_up,bear,BTC/USD,ok,479,44,-0.009941712792120026,0.5,-0.45604514295161175,0.6483575163992754,False,-0.004930824047711812,-0.005010888744408214,state_ext=stretched_up,-0.0051188693575598835,-0.0048228434345601425,58,rolling,4,short,rejected,late_emerging_valid_supported,147,False,49,True,0.0242568852077081,0.0219192841757718,state_ext=stretched_up,0.0074890009172194,0.0432851241767835,0,0,0.0,0,8,8,5,7.25,rejected,rejected,rejected,rejected,rejected,rejected,rejected,rejected,124,100,False,False,crypto-1d-02,,False,,,False,0.0032132307197778316,-0.013154943511897858,unsupported
LINK/USD,1d,cross_BTC/USD_state_slope=uptrend + cross_ETH/USD_state_slope=flat + state_ext=stretched_up,bear,BTC/USD,ok,478,7,-0.010525181294755766,0.2857142857142857,-0.14736393517131802,0.8828447702599946,False,-0.00045620391121706206,-0.010068977383538704,cross_BTC/USD_state_slope=uptrend + cross_ETH/USD_state_slope=flat,0.052444704265455604,-0.06296988556021137,27,rolling,4,short,rejected,late_emerging_valid_supported,53,False,23,True,0.0404907137244941,0.0400486221959408,cross_BTC/USD_state_slope=uptrend + cross_ETH/USD_state_slope=flat,0.0006223412787152,0.0376945419112821,0,0,0.0,0,8,7,6,7.25,rejected,rejected,rejected,rejected,rejected,rejected,rejected,rejected,124,115,False,False,crypto-1d-01,LINK/USD|1d|cross_BTC/USD_state_slope=uptrend + cross_ETH/USD_state_slope=flat + state_ext=stretched_up|rolling,False,research_only,False,False,0.007604773549788491,-0.018129954844544258,unsupported
UNI/USD,1d,cross_BTC/USD_state_ext=neutral + cross_ETH/USD_state_slope=flat + state_ext=stretched_down,bear,BTC/USD,ok,479,25,-0.013748985711529348,0.48,-0.5915496319715803,0.5541522105260133,False,-0.004930824047711812,-0.008818161663817535,cross_BTC/USD_state_ext=neutral + state_ext=stretched_down,0.007279066371858228,-0.021028052083387577,51,rolling,4,short,rejected,late_emerging_valid_supported,67,False,28,True,0.0437667692423165,0.0414291682103802,cross_BTC/USD_state_ext=neutral + state_ext=stretched_down,0.0137577688870096,0.0444844048694919,0,0,0.0,0,8,8,6,7.5,rejected,rejected,rejected,rejected,rejected,rejected,rejected,rejected,124,92,False,False,crypto-1d-02,UNI/USD|1d|cross_BTC/USD_state_ext=neutral + cross_ETH/USD_state_slope=flat + state_ext=stretched_down|rolling,False,research_only,False,False,0.013077238051575136,-0.026826223763104486,unsupported
UNI/USD,1d,cross_ETH/USD_state_ext=stretched_down + state_ext=stretched_up,bear,BTC/USD,ok,479,58,-0.013943800805250307,0.5,-0.6707849670807291,0.5023575254829098,False,-0.004930824047711812,-0.009012976757538494,state_ext=stretched_up,-0.0051188693575598835,-0.008824931447690424,50,rolling,4,short,rejected,late_emerging_valid_supported,59,False,46,True,0.0318377074284506,0.0295001063965143,state_ext=stretched_up,0.0150698231379619,0.029134020033942,0,0,0.0,0,8,8,6,7.5,rejected,rejected,rejected,rejected,rejected,rejected,rejected,rejected,124,88,False,False,crypto-1d-02,UNI/USD|1d|cross_ETH/USD_state_ext=stretched_down + state_ext=stretched_up|rolling,False,research_only,False,False,0.007093686437137456,-0.021037487242387763,unsupported
DOGE/USD,1d,cross_BTC/USD_state_slope=flat + cross_ETH/USD_state_ext=stretched_up + state_ext=stretched_down,bear,BTC/USD,ok,478,13,-0.014406801000856664,0.46153846153846156,-0.8886601396586689,0.37418575943588506,False,0.00576676039096137,-0.020173561391818036,cross_ETH/USD_state_ext=stretched_up + state_ext=stretched_down,0.011022877130301811,-0.025429678131158477,26,rolling,4,short,rejected,late_emerging_valid_supported,26,False,22,True,0.0348187851952348,0.0288053233327753,cross_BTC/USD_state_slope=flat + cross_ETH/USD_state_ext=stretched_up,0.0042976661186775,0.0319044090517248,0,0,0.0,0,8,6,7,7.25,rejected,rejected,rejected,rejected,rejected,rejected,rejected,rejected,124,74,False,False,crypto-1d-01,DOGE/USD|1d|cross_BTC/USD_state_slope=flat + cross_ETH/USD_state_ext=stretched_up + state_ext=stretched_down|rolling,False,research_only,False,False,0.023637817124718505,-0.03804461812557517,unsupported
SUSHI/USD,1d,state_ret_day=ret_day_down + state_ext=stretched_up,bear,BTC/USD,ok,478,9,-0.015708327139141363,0.6666666666666666,-0.5620251405079633,0.5740988903313542,False,0.003036425285633274,-0.018744752424774636,state_ext=stretched_up,0.016563034671065093,-0.032271361810206456,57,rolling,4,short,rejected,late_emerging_valid_supported,86,False,25,True,0.0396075374246909,0.0285082411762218,state_ext=stretched_up,0.0088391004019136,0.009107205299641,0,0,0.0,0,8,7,6,7.25,rejected,rejected,rejected,rejected,rejected,rejected,rejected,rejected,124,93,False,False,crypto-1d-02,SUSHI/USD|1d|state_ret_day=ret_day_down + state_ext=stretched_up|rolling,False,research_only,False,False,0.003443348507770001,-0.019151675646911365,unsupported
AAVE/USD,1d,cross_ETH/USD_state_slope=flat + state_slope=flat,bear,BTC/USD,ok,478,102,-0.021693472064590793,0.4411764705882353,-1.1818546213001158,0.23726339032609567,False,-0.010011704298055637,-0.011681767766535156,cross_ETH/USD_state_slope=flat,-0.016353089717197587,-0.005340382347393206,9,rolling,4,short,rejected,late_emerging_recent_only,277,False,102,True,0.0365202953549559,0.0349582271886675,state_slope=flat,0.0034293158339413,0.0135668754318707,1,1,0.25,0,8,8,8,8.5,rejected,rejected,rejected,rejected,rejected,rejected,rejected,rejected,124,60,False,False,crypto-1d-00,AAVE/USD|1d|cross_ETH/USD_state_slope=flat + state_slope=flat|rolling,False,research_only,False,False,0.011842199172852678,-0.03353567123744347,unsupported
UNI/USD,1d,cross_BTC/USD_state_slope=flat + state_ext=stretched_up,bear,BTC/USD,ok,479,62,-0.022056247065279495,0.43548387096774194,-1.2464435484228984,0.21260160188688326,False,-0.004930824047711812,-0.017125423017567684,state_ext=stretched_up,-0.0051188693575598835,-0.016937377707719612,42,rolling,4,short,rejected,late_emerging_valid_supported,138,False,69,True,0.0318497787658,0.0295121777338637,state_ext=stretched_up,0.0150818944753113,0.0149873302443903,0,0,0.0,0,8,8,7,7.75,rejected,rejected,rejected,rejected,rejected,rejected,rejected,rejected,124,57,False,False,crypto-1d-02,UNI/USD|1d|cross_BTC/USD_state_slope=flat + state_ext=stretched_up|rolling,False,research_only,False,False,0.005982288573635607,-0.0280385356389151,unsupported
UNI/USD,1d,cross_BTC/USD_state_slope=flat + cross_ETH/USD_state_slope=uptrend + state_ext=stretched_up,bear,BTC/USD,ok,479,6,-0.027310343922397087,0.3333333333333333,-1.4577453671004528,0.14491074209330534,False,-0.004930824047711812,-0.022379519874685276,cross_ETH/USD_state_slope=uptrend,0.008726174561541665,-0.036036518483938754,16,rolling,4,short,rejected,late_emerging_recent_only,19,False,20,True,0.0492107663003304,0.0468731652683941,cross_BTC/USD_state_slope=flat + state_ext=stretched_up,0.0173609875345303,0.0305048504071687,1,1,0.25,0,8,8,8,8.5,rejected,rejected,rejected,rejected,rejected,rejected,rejected,rejected,124,49,False,False,crypto-1d-02,UNI/USD|1d|cross_BTC/USD_state_slope=flat + cross_ETH/USD_state_slope=uptrend + state_ext=stretched_up|rolling,False,research_only,False,False,0.03263513893898879,-0.059945482861385874,unsupported
AAVE/USD,1d,cross_BTC/USD_state_slope=flat + state_slope=flat,bear,BTC/USD,ok,478,100,-0.030517545606394657,0.42,-1.7283707015731167,0.0839217847480822,False,-0.010011704298055637,-0.020505841308339018,cross_BTC/USD_state_slope=flat,-0.022379136662913097,-0.00813840894348156,10,rolling,4,short,rejected,late_emerging_recent_only,225,False,74,True,0.0351721747090824,0.033610106542794,state_slope=flat,0.0020811951880678,0.0249334670076057,1,1,0.25,0,8,8,8,8.5,rejected,rejected,rejected,rejected,rejected,rejected,rejected,rejected,124,43,False,False,crypto-1d-00,AAVE/USD|1d|cross_BTC/USD_state_slope=flat + state_slope=flat|rolling,False,research_only,False,False,9.682518136595136e-05,-0.03061437078776061,unsupported
BCH/USD,1d,cross_BTC/USD_state_slope=uptrend + cross_ETH/USD_state_ext=stretched_up + state_ext=neutral,bear,BTC/USD,ok,478,7,-0.03175625617701093,0.14285714285714285,-2.091358594540223,0.03649593091472125,False,-0.0013485629267445253,-0.030407693250266404,cross_BTC/USD_state_slope=uptrend + cross_ETH/USD_state_ext=stretched_up,0.013258517607504728,-0.045014773784515655,28,rolling,4,long,rejected,late_emerging_valid_supported,36,False,23,True,0.0416317760178039,0.0475314031964011,cross_ETH/USD_state_ext=stretched_up + state_ext=neutral,0.0078665910532257,0.040617234828109,0,0,0.0,0,8,8,6,7.5,rejected,rejected,rejected,rejected,rejected,rejected,rejected,rejected,124,36,False,False,crypto-1d-00,BCH/USD|1d|cross_BTC/USD_state_slope=uptrend + cross_ETH/USD_state_ext=stretched_up + state_ext=neutral|rolling,False,research_only,False,False,0.01164532044589747,-0.0434015766229084,unsupported
SUSHI/USD,1d,cross_BTC/USD_state_ext=neutral + state_ext=stretched_up,bear,BTC/USD,ok,478,33,-0.03210451834874529,0.48484848484848486,-1.4325756139084895,0.15197915491557912,False,0.003036425285633274,-0.035140943634378564,state_ext=stretched_up,0.016563034671065093,-0.04866755301981038,48,rolling,4,short,rejected,late_emerging_valid_supported,94,False,20,True,0.053082303321332,0.0419830070728629,state_ext=stretched_up,0.0223138662985547,0.041339234977701,0,0,0.0,0,8,8,6,7.5,rejected,rejected,rejected,rejected,rejected,rejected,rejected,rejected,124,50,False,False,crypto-1d-02,SUSHI/USD|1d|cross_BTC/USD_state_ext=neutral + state_ext=stretched_up|rolling,False,research_only,False,False,0.020569178169041767,-0.052673696517787055,unsupported
AAVE/USD,1d,state_ext=stretched_up + state_slope=flat,bear,BTC/USD,ok,478,41,-0.03839295913040975,0.3902439024390244,-1.3168310464050836,0.1878952636591369,False,-0.010011704298055637,-0.02838125483235411,state_ext=stretched_up,-0.023481319858783354,-0.014911639271626396,13,rolling,4,short,rejected,late_emerging_recent_only,135,False,51,True,0.0481776274856481,0.0466155593193597,state_slope=flat,0.0150866479646335,0.0044796421853972,1,1,0.25,0,8,8,7,8.25,rejected,rejected,rejected,rejected,rejected,rejected,rejected,rejected,124,54,False,False,crypto-1d-00,AAVE/USD|1d|state_ext=stretched_up + state_slope=flat|rolling,False,research_only,False,False,0.004809089424935444,-0.04320204855534519,unsupported
BCH/USD,1d,cross_BTC/USD_state_ext=neutral + cross_ETH/USD_state_slope=uptrend + state_ext=stretched_up,bear,BTC/USD,ok,478,7,-0.042267957120712386,0.42857142857142855,-0.8697833570632725,0.384418808316378,False,0.0009485629267445313,-0.043216520047456915,state_ext=stretched_up,0.001100799942745786,-0.04336875706345817,8,rolling,4,short,rejected,late_emerging_recent_only,9,False,22,True,0.0329933237243439,0.0340936965457467,cross_BTC/USD_state_ext=neutral + cross_ETH/USD_state_slope=uptrend,0.0101983429641334,3.659628469554477e-05,1,1,0.25,0,8,8,8,8.5,rejected,rejected,rejected,rejected,rejected,rejected,rejected,rejected,124,75,False,False,crypto-1d-00,BCH/USD|1d|cross_BTC/USD_state_ext=neutral + cross_ETH/USD_state_slope=uptrend + state_ext=stretched_up|rolling,False,research_only,False,False,0.010376575372138227,-0.052644532492850615,unsupported
