symbol,timeframe,slice_combination,regime,regime_symbol,diagnostic_status,regime_window_rows,slice_n,slice_mean_ret_costadj,slice_win_rate,slice_t_stat_nw,slice_p_value_nw,slice_pass,baseline_mean_ret_costadj,excess_vs_baseline,best_parent_filter,best_parent_mean_ret_costadj,excess_vs_best_parent,rank,bin_mode,validation_n_folds,side,verdict,triage_bucket,train_n,train_pass,valid_n,valid_pass,valid_mean_ret_costadj,valid_excess_vs_baseline,valid_best_parent_filter,valid_excess_vs_best_parent,valid_p_value_nw,walk_forward_pass_count,walk_forward_pass_pattern,walk_forward_survival_rate,scenario_survived_count,scenario_positive_baseline_excess_count,scenario_positive_parent_excess_count,scenario_significant_count,robustness_score,default_verdict,cost2_verdict,cost5_verdict,split06_verdict,split08_verdict,short_borrow2_verdict,short_borrow5_verdict,short_borrow10_verdict,search_wide_family_size_regime,search_wide_rank_regime,search_wide_bh_pass_regime,search_wide_bonferroni_pass_regime,candidate_key,strict_gate_pass,status,live_decay_flag,all_regime_mean_ret_costadj,regime_excess_vs_all,regime_candidate_status
FUT/GC,1h,state_session=morning + state_ext=stretched_up,bear,FUT/GC,ok,1323,4,0.009370810961359116,1.0,5.667830524390726,1.4461690067690824e-08,False,-0.0004078464348220243,0.00977865739618114,state_ext=stretched_up,0.013149493291815771,-0.0037786823304566553,7,rolling,4,short,rejected,rejected_unsupported,73,False,24,False,0.0026098376363481,0.0025704905876504,state_ext=stretched_up,0.0011239284903681,0.0593764554882476,1,10,0.25,0,8,8,1,5.75,rejected,rejected,rejected,rejected,rejected,rejected,rejected,rejected,123,2,True,True,FUT/GC|1h|state_session=morning + state_ext=stretched_up|rolling,False,research_only,False,0.0009211110984981438,0.008449699862860972,unsupported
FUT/ZN,1h,state_ext=neutral + state_slope=uptrend,bear,FUT/ZN,ok,1573,122,-0.0005633155936752317,0.30327868852459017,-3.155228420013989,0.001603724940832052,False,-0.0002231442989410266,-0.0003401712947342051,state_ext=neutral,-0.0002231442989410266,-0.0003401712947342051,64,rolling,4,short,rejected,rejected_unsupported,1159,False,575,False,-0.0001517868185625,1.725236150490559e-05,state_slope=uptrend,0.0,0.1112639881024797,0,0,0.0,0,6,0,5,1.25,rejected,rejected,rejected,rejected,rejected,rejected,rejected,rejected,123,6,True,False,FUT/ZN|1h|state_ext=neutral + state_slope=uptrend|rolling,False,research_only,False,-0.00017558322747818865,-0.0003877323661970431,unsupported
FUT/ZN,1h,state_session=lunch + state_slope=flat,bear,FUT/ZN,ok,1573,40,-0.0007079014164190433,0.25,-3.7955138873535943,0.00014733794682619816,False,-0.0002231442989410266,-0.0004847571174780167,state_slope=flat,-0.00020462021779279452,-0.0005032811986262488,80,rolling,4,short,rejected,rejected_unsupported,102,False,48,False,-0.0002228360640797,-5.379688401225847e-05,state_session=lunch,-0.0001737333210596,0.4787822603167952,0,0,0.0,0,2,1,4,0.25,rejected,rejected,rejected,rejected,rejected,rejected,rejected,rejected,123,5,True,True,FUT/ZN|1h|state_session=lunch + state_slope=flat|rolling,False,research_only,False,-0.00017596936575890824,-0.0005319320506601351,unsupported
FUT/GC,1h,state_ext=stretched_up + state_vol=high_vol,bear,FUT/GC,ok,1323,8,-0.013549493291815769,0.0,-4.534832894350091,5.7649109781454655e-06,False,7.846434822024697e-06,-0.013557339726637793,state_vol=high_vol,0.00015398989355080536,-0.013703483185366573,99,rolling,4,long,rejected,rejected_unsupported,148,False,53,False,-0.0019471743176113,-0.0015078272689137,state_vol=high_vol,-0.0026210528129246,0.1134395015180707,1,100,0.25,0,0,0,1,-0.25,rejected,rejected,rejected,rejected,rejected,rejected,rejected,rejected,123,4,True,True,FUT/GC|1h|state_ext=stretched_up + state_vol=high_vol|rolling,False,research_only,False,0.00039483268720656695,-0.013944325979022336,unsupported
FUT/GC,1h,state_session=afternoon + state_ext=stretched_up,bear,FUT/GC,ok,1323,4,-0.017328175622272422,0.0,-5.29154146647659,1.2128968163160891e-07,False,7.846434822024697e-06,-0.017336022057094447,state_session=afternoon,-0.00022606543216707436,-0.01710211019010535,83,rolling,4,long,rejected,rejected_unsupported,79,False,33,False,-0.0017663752685904,-0.0013270282198927,state_session=afternoon,-0.001096320698442,0.1617961271782761,1,100,0.25,0,1,1,1,0.0,rejected,rejected,rejected,rejected,rejected,rejected,rejected,rejected,123,3,True,True,FUT/GC|1h|state_session=afternoon + state_ext=stretched_up|rolling,False,research_only,False,0.0009473739273699386,-0.01827554954964236,unsupported
FUT/GC,1h,state_ext=stretched_up + state_slope=uptrend,bear,FUT/GC,ok,1323,4,-0.018573431108920728,0.0,-8.009836721271656,1.1102230246251565e-15,False,7.846434822024697e-06,-0.018581277543742752,state_slope=uptrend,0.0021687788402069514,-0.02074220994912768,98,rolling,4,long,rejected,rejected_unsupported,157,True,61,False,-0.001609991235534,-0.0011706441868363,state_slope=uptrend,-0.001242611075602,0.118662425367237,1,100,0.25,0,0,0,1,-0.25,rejected,rejected,rejected,rejected,rejected,rejected,rejected,rejected,123,1,True,True,FUT/GC|1h|state_ext=stretched_up + state_slope=uptrend|rolling,False,research_only,False,0.0005877940437594419,-0.01916122515268017,unsupported
FUT/ES,1h,state_ext=stretched_down + state_vol=high_vol,bear,FUT/ES,ok,988,23,0.002822064683992137,0.6956521739130435,2.0931786096940317,0.03633321346357521,True,0.0003405925221057221,0.0024814721618864146,state_ext=stretched_down,0.0029969994863731785,-0.00017493480238104167,55,rolling,4,long,provisional,sample_starved_unsupported,20,True,8,False,0.0050495685818971,0.0048196885120759,state_ext=stretched_down,-0.0002189923732488,0.0062047786064522,0,0,0.0,0,8,0,8,2.0,provisional,rejected,rejected,rejected,provisional,provisional,provisional,provisional,123,19,False,False,FUT/ES|1h|state_ext=stretched_down + state_vol=high_vol|rolling,False,research_only,False,0.0034665487333354985,-0.0006444840493433617,regime_switching_research_only
FUT/NQ,1h,state_ext=stretched_down + state_vol=high_vol,bear,FUT/NQ,ok,1113,60,0.002808226592555265,0.65,2.1852389451404597,0.02887133139045739,True,0.0007070686168169594,0.0021011579757383055,state_ext=stretched_down,0.0026546909787029858,0.00015353561385227912,104,rolling,4,long,rejected,rejected_unsupported,65,False,29,False,0.0003929670596278,-6.723925310226351e-05,state_vol=high_vol,-0.0007077835336105,0.8940096731733531,1,100,0.25,0,2,0,0,-0.5,rejected,rejected,rejected,rejected,rejected,rejected,rejected,rejected,123,16,False,False,FUT/NQ|1h|state_ext=stretched_down + state_vol=high_vol|rolling,False,research_only,False,0.0016058404816112267,0.0012023861109440382,regime_switching_research_only
FUT/ES,1h,state_ext=stretched_down + state_slope=downtrend,bear,FUT/ES,ok,988,23,0.002673701979326378,0.6956521739130435,2.126433213259342,0.03346720472504283,True,0.0003405925221057221,0.0023331094572206557,state_ext=stretched_down,0.0029969994863731785,-0.00032329750704680055,58,rolling,4,long,provisional,sample_starved_unsupported,20,True,8,False,0.0046230258059831,0.0043931457361618,state_ext=stretched_down,-0.0006455351491629,0.0008685042650042,0,0,0.0,0,8,0,7,1.75,provisional,rejected,rejected,rejected,rejected,provisional,provisional,provisional,123,18,False,False,FUT/ES|1h|state_ext=stretched_down + state_slope=downtrend|rolling,False,research_only,False,0.0033446793687886248,-0.0006709773894622469,regime_switching_research_only
FUT/NQ,1h,state_ext=stretched_down + state_slope=downtrend,bear,FUT/NQ,ok,1113,63,0.0026075581688814378,0.6349206349206349,2.453374428231935,0.014152294157802725,True,0.0007070686168169594,0.0019004895520644783,state_ext=stretched_down,0.0026546909787029858,-4.7132809821548004e-05,105,rolling,4,long,rejected,rejected_unsupported,64,True,35,False,1.7425934352233672e-05,-0.0004427803783778,state_ext=stretched_down,-0.0008293909730227,0.9933201054722832,1,100,0.25,0,1,0,0,-0.5,rejected,rejected,rejected,rejected,rejected,rejected,rejected,rejected,123,11,False,False,FUT/NQ|1h|state_ext=stretched_down + state_slope=downtrend|rolling,False,research_only,False,0.0016157745477412637,0.000991783621140174,regime_switching_research_only
FUT/NQ,1h,state_session=afternoon + state_ext=stretched_down,bear,FUT/NQ,ok,1113,37,0.002432673347844809,0.6756756756756757,2.4739640069510203,0.01336231581916869,True,0.0007070686168169594,0.0017256047310278497,state_ext=stretched_down,0.0026546909787029858,-0.0002220176308581766,12,rolling,4,long,rejected,rejected_unsupported,31,True,17,False,0.0027535017866534,0.0022932954739233,state_ext=stretched_down,0.0019066848792785,0.0889742071696888,0,0,0.0,0,8,8,2,5.5,rejected,rejected,rejected,rejected,provisional,rejected,rejected,rejected,123,10,False,False,FUT/NQ|1h|state_session=afternoon + state_ext=stretched_down|rolling,False,research_only,False,0.0028434035065862413,-0.0004107301587414321,regime_switching_research_only
FUT/ES,1h,state_session=afternoon + state_ext=stretched_down,bear,FUT/ES,ok,988,18,0.0024187619466985166,0.7222222222222222,2.142425062182959,0.03215929293172093,True,0.0003405925221057221,0.0020781694245927945,state_ext=stretched_down,0.0029969994863731785,-0.0005782375396746618,59,rolling,4,long,provisional,sample_starved_unsupported,14,False,7,False,0.0036898780590799,0.0034599979892586,state_ext=stretched_down,-0.0015786828960661,0.0006513787490636,0,0,0.0,0,8,0,7,1.75,provisional,rejected,rejected,provisional,rejected,provisional,provisional,provisional,123,17,False,False,FUT/ES|1h|state_session=afternoon + state_ext=stretched_down|rolling,False,research_only,False,0.0035680943695826648,-0.0011493324228841481,regime_switching_research_only
FUT/NQ,1h,state_session=afternoon + state_slope=flat,bear,FUT/NQ,ok,1113,61,0.001221323693945782,0.6721311475409836,2.321542748557509,0.020257569712683887,True,0.0007070686168169594,0.0005142550771288226,state_slope=flat,0.0006394377481160832,0.0005818859458296988,122,rolling,4,long,rejected,rejected_unsupported,289,False,140,False,0.0003237750341366,-0.0001364312785934,state_slope=flat,-0.00030300513505,0.6166348774540305,0,0,0.0,0,0,0,0,-1.0,rejected,rejected,rejected,rejected,rejected,rejected,rejected,rejected,123,13,False,False,FUT/NQ|1h|state_session=afternoon + state_slope=flat|rolling,False,research_only,False,6.002816221531053e-05,0.0011612955317304714,regime_switching_research_only
FUT/NQ,1h,state_ext=neutral + state_vol=high_vol,bear,FUT/NQ,ok,1113,846,0.0009465941987590508,0.5791962174940898,2.190547478913939,0.02848455539945549,True,0.0007070686168169594,0.0002395255819420914,state_vol=high_vol,0.001060168304261033,-0.00011357410550198223,52,rolling,4,long,rejected,parent_underperformed,1823,False,716,True,0.0010141599795836,0.0005539536668535,state_vol=high_vol,-8.659061365480893e-05,0.0449570877915617,0,0,0.0,0,8,0,4,2.0,rejected,rejected,rejected,rejected,rejected,rejected,rejected,rejected,123,15,False,False,FUT/NQ|1h|state_ext=neutral + state_vol=high_vol|rolling,False,research_only,False,0.00026762744491429236,0.0006789667538447585,regime_switching_research_only
FUT/ES,1h,state_ext=neutral + state_vol=low_vol,bear,FUT/ES,ok,988,6,0.0055626629799834576,0.6666666666666666,1.9899973020557498,0.04659123270083754,False,-0.0007405925221057216,0.006303255502089179,state_vol=low_vol,0.0055626629799834576,0.0,67,rolling,4,short,rejected,rejected_unsupported,872,False,438,False,-0.0001052450038448,0.0005246350659763,state_vol=low_vol,0.0,0.7105978063181944,0,0,0.0,0,8,0,3,0.75,rejected,rejected,rejected,rejected,rejected,rejected,rejected,rejected,123,21,False,False,FUT/ES|1h|state_ext=neutral + state_vol=low_vol|rolling,False,research_only,False,-0.00014065616240244383,0.005703319142385902,unsupported
FUT/GC,1h,state_session=lunch + state_slope=uptrend,bear,FUT/GC,ok,1323,8,0.005131264633866768,0.5,0.926994976748478,0.3539291423878588,False,7.846434822024697e-06,0.005123418199044744,state_slope=uptrend,0.0021687788402069514,0.0029624857936598166,103,rolling,4,long,rejected,rejected_unsupported,129,False,55,False,-0.0018533329404673,-0.0014139858917697,state_slope=uptrend,-0.0014859527805353,0.0540070831810277,0,0,0.0,0,1,1,2,-0.25,rejected,rejected,rejected,rejected,rejected,rejected,rejected,rejected,123,61,False,False,FUT/GC|1h|state_session=lunch + state_slope=uptrend|rolling,False,research_only,False,0.0010067749414815093,0.004124489692385259,unsupported
FUT/CL,1h,state_session=lunch + state_ext=stretched_down,bear,FUT/CL,ok,1552,32,0.004840735556460219,0.59375,1.268307644031989,0.2046881083448273,False,-0.0005645819035597736,0.005405317460019992,state_ext=stretched_down,0.0019958097722284547,0.002844925784231764,17,rolling,4,long,rejected,rejected_unsupported,29,False,44,False,0.0072670608762246,0.0077599623733424,state_session=lunch,0.0039284605059629,0.0561461140625278,0,0,0.0,0,8,8,0,5.0,rejected,rejected,rejected,rejected,rejected,rejected,rejected,rejected,123,43,False,False,FUT/CL|1h|state_session=lunch + state_ext=stretched_down|rolling,False,research_only,False,0.004625004447434336,0.00021573110902588233,regime_switching_research_only
FUT/NQ,1h,state_session=lunch + state_slope=uptrend,bear,FUT/NQ,ok,1113,12,0.004050430903504771,0.4166666666666667,1.2269442418346588,0.21984354853667654,False,0.0007070686168169594,0.0033433622866878114,state_slope=uptrend,0.0016489996974147717,0.002401431206089999,25,rolling,4,long,rejected,rejected_unsupported,113,False,58,False,0.0013639817996323,0.0009037754869022,state_session=lunch,0.0005142043466899,0.0574064660024427,0,0,0.0,0,8,8,0,5.0,rejected,rejected,rejected,rejected,rejected,rejected,rejected,rejected,123,46,False,False,FUT/NQ|1h|state_session=lunch + state_slope=uptrend|rolling,False,research_only,False,0.0006167344353267163,0.0034336964681780545,unsupported
FUT/NQ,1h,state_session=morning + state_ext=stretched_down,bear,FUT/NQ,ok,1113,21,0.0032669362854144276,0.6190476190476191,1.7192080101994034,0.08557650278780571,False,0.0007070686168169594,0.002559867668597468,state_ext=stretched_down,0.0026546909787029858,0.0006122453067114418,131,rolling,4,long,rejected,sample_starved_unsupported,23,False,12,False,-0.0021584539901382,-0.0026186603028683,state_ext=stretched_down,-0.0030052708975132,0.4817281534331625,0,0,0.0,0,0,0,0,-3.0,rejected,rejected,rejected,rejected,rejected,rejected,rejected,rejected,123,27,False,False,FUT/NQ|1h|state_session=morning + state_ext=stretched_down|rolling,False,research_only,False,0.00039747336069228807,0.0028694629247221397,regime_switching_research_only
FUT/ES,1h,state_session=lunch + state_slope=uptrend,bear,FUT/ES,ok,988,15,0.0029265605704489853,0.5333333333333333,1.6262494024540102,0.10389661061825617,False,0.0003405925221057221,0.002585968048343263,state_slope=uptrend,0.0006207064936764432,0.002305854076772542,108,rolling,4,long,rejected,rejected_unsupported,100,False,59,False,6.0910886576766914e-05,-0.0001689691832445,state_slope=uptrend,-0.0001473684209066,0.9030086662715892,0,0,0.0,0,1,1,0,-0.75,rejected,rejected,rejected,rejected,rejected,rejected,rejected,rejected,123,32,False,False,FUT/ES|1h|state_session=lunch + state_slope=uptrend|rolling,False,research_only,False,0.00016758450294081443,0.0027589760675081707,regime_switching_research_only
FUT/GC,1h,state_ext=neutral + state_slope=uptrend,bear,FUT/GC,ok,1323,114,0.002884524700107792,0.5350877192982456,1.5404569889527218,0.12344899923955532,False,7.846434822024697e-06,0.002876678265285767,state_slope=uptrend,0.0021687788402069514,0.0007157458599008405,29,rolling,4,long,rejected,rejected_unsupported,1290,False,413,False,-0.0001838468049399,0.0002555002437576,state_slope=uptrend,0.000183533354992,0.785501977938448,0,0,0.0,0,8,8,0,5.0,rejected,rejected,rejected,rejected,rejected,rejected,rejected,rejected,123,33,False,False,FUT/GC|1h|state_ext=neutral + state_slope=uptrend|rolling,False,research_only,False,0.000384548786156812,0.0024999759139509798,regime_switching_research_only
FUT/GC,1h,state_session=afternoon + state_ext=stretched_down,bear,FUT/GC,ok,1323,42,0.0026119353142427765,0.47619047619047616,0.6837854239963868,0.49411067208157267,False,-0.0004078464348220243,0.0030197817490648007,state_ext=stretched_down,1.0590461146123306e-06,0.002610876268128164,96,rolling,4,short,rejected,rejected_unsupported,63,False,30,False,-0.0036375086854839,-0.0036768557341815,state_session=afternoon,-0.0039075632556323,0.0782403887349314,0,0,0.0,0,1,1,3,0.0,rejected,rejected,rejected,rejected,rejected,rejected,rejected,rejected,123,77,False,False,FUT/GC|1h|state_session=afternoon + state_ext=stretched_down|rolling,False,research_only,False,-0.0025484119801569335,0.00516034729439971,regime_switching_research_only
FUT/CL,1h,state_ext=stretched_down + state_vol=high_vol,bear,FUT/CL,ok,1552,242,0.0024494419761936304,0.5165289256198347,1.1911345724321891,0.23360075956220028,False,-0.0005645819035597736,0.003014023879753404,state_ext=stretched_down,0.0019958097722284547,0.00045363220396517573,93,rolling,4,long,rejected,rejected_unsupported,201,False,292,False,0.0007722887651118,0.0012651902622295,state_ext=stretched_down,-0.0002670682030501,0.726903673585126,0,0,0.0,0,8,0,0,0.0,rejected,rejected,rejected,rejected,rejected,rejected,rejected,rejected,123,48,False,False,FUT/CL|1h|state_ext=stretched_down + state_vol=high_vol|rolling,False,research_only,False,0.001379766361159434,0.0010696756150341965,regime_switching_research_only
FUT/CL,1h,state_session=afternoon + state_ext=stretched_down,bear,FUT/CL,ok,1552,104,0.0024402175125816427,0.4519230769230769,0.9410832715411798,0.3466621874865101,False,-0.0005645819035597736,0.0030047994161414163,state_ext=stretched_down,0.0019958097722284547,0.000444407740353188,127,rolling,4,long,rejected,rejected_unsupported,106,False,102,False,-0.0009562151681504,-0.0004633136710326,state_ext=stretched_down,-0.0019955721363124,0.8059723586089216,0,0,0.0,0,1,0,0,-1.0,rejected,rejected,rejected,rejected,rejected,rejected,rejected,rejected,123,60,False,False,FUT/CL|1h|state_session=afternoon + state_ext=stretched_down|rolling,False,research_only,False,0.001099362554673365,0.0013408549579082777,regime_switching_research_only
FUT/CL,1h,state_ext=stretched_down + state_slope=flat,bear,FUT/CL,ok,1552,11,0.002313479270111252,0.36363636363636365,0.7254606256826016,0.4681694919083834,False,0.00016458190355977395,0.0021488973665514783,state_slope=flat,0.0010148368390531595,0.0012986424310580927,48,rolling,4,short,rejected,sample_starved_unsupported,15,False,14,False,0.0077030291782484,0.0076101276811306,state_slope=flat,0.0069552066176139,0.4436688108879105,0,0,0.0,0,7,7,0,2.75,rejected,rejected,rejected,rejected,rejected,rejected,rejected,rejected,123,74,False,False,FUT/CL|1h|state_ext=stretched_down + state_slope=flat|rolling,False,research_only,False,-0.0005998817463826906,0.0029133610164939427,unsupported
FUT/CL,1h,state_ext=stretched_up + state_slope=flat,bear,FUT/CL,ok,1552,2,0.0021594304534491085,0.5,0.2204776848384144,0.8254991497219535,False,0.00016458190355977395,0.0019948485498893346,state_ext=stretched_up,0.004042932933057748,-0.0018835024796086397,116,rolling,4,short,rejected,rejected_unsupported,15,False,23,False,-0.0038331224421328,-0.0039260239392505,state_slope=flat,-0.0045809450027672,0.1568666846923352,0,0,0.0,0,0,0,1,-0.75,rejected,rejected,rejected,rejected,rejected,rejected,rejected,rejected,123,110,False,False,FUT/CL|1h|state_ext=stretched_up + state_slope=flat|rolling,False,research_only,False,9.752612223235855e-05,0.00206190433121675,unsupported
FUT/GC,1h,state_session=afternoon + state_slope=uptrend,bear,FUT/GC,ok,1323,51,0.002091744503525493,0.5098039215686274,0.8553620835834792,0.3923507274979823,False,7.846434822024697e-06,0.002083898068703468,state_slope=uptrend,0.0021687788402069514,-7.703433668145845e-05,60,rolling,4,long,rejected,rejected_unsupported,563,True,210,False,-0.0004150281361821,2.431891251546592e-05,state_slope=uptrend,-4.764797625016068e-05,0.6376794085262918,2,1100,0.5,0,8,2,0,1.5,rejected,rejected,rejected,rejected,rejected,rejected,rejected,rejected,123,66,False,False,FUT/GC|1h|state_session=afternoon + state_slope=uptrend|rolling,False,research_only,False,0.0010079124304370516,0.0010838320730884414,regime_switching_research_only
FUT/NQ,1h,state_session=lunch + state_ext=stretched_down,bear,FUT/NQ,ok,1113,8,0.0020743785913045127,0.5,0.7293870465543625,0.4657649391632881,False,0.0007070686168169594,0.0013673099744875533,state_ext=stretched_down,0.0026546909787029858,-0.000580312387398473,49,rolling,4,long,rejected,sample_starved_unsupported,11,False,8,False,0.0013030178851779,0.0008428115724478,state_session=lunch,0.0004532404322355,0.7366322920167563,0,0,0.0,0,8,7,0,2.75,rejected,rejected,rejected,rejected,rejected,rejected,rejected,rejected,123,73,False,False,FUT/NQ|1h|state_session=lunch + state_ext=stretched_down|rolling,False,research_only,False,0.0011435691157750916,0.0009308094755294211,unsupported
FUT/CL,1h,state_ext=stretched_down + state_slope=downtrend,bear,FUT/CL,ok,1552,275,0.0020604795826619023,0.5054545454545455,1.1316695836651791,0.2577733737133736,False,-0.0005645819035597736,0.002625061486221676,state_ext=stretched_down,0.0019958097722284547,6.466981043344762e-05,35,rolling,4,long,rejected,rejected_unsupported,231,False,317,False,0.0013121297946941,0.0018050312918119,state_ext=stretched_down,0.0002727728265321,0.5066220641527439,0,0,0.0,0,8,7,0,4.75,rejected,rejected,rejected,rejected,rejected,rejected,rejected,rejected,123,50,False,False,FUT/CL|1h|state_ext=stretched_down + state_slope=downtrend|rolling,False,research_only,False,0.0018760542342235792,0.0001844253484383231,regime_switching_research_only
FUT/NQ,1h,state_session=morning + state_slope=uptrend,bear,FUT/NQ,ok,1113,57,0.0018469601039033685,0.543859649122807,1.3172236544831903,0.18776366721625992,False,0.0007070686168169594,0.001139891487086409,state_slope=uptrend,0.0016489996974147717,0.00019796040648859675,1,rolling,4,long,rejected,late_emerging_regime_switching,607,False,370,True,0.0014804406441704,0.0010202343314403,state_slope=uptrend,0.0006460571734177,0.0060309606161057,2,11,0.5,0,8,8,7,8.75,rejected,rejected,rejected,rejected,rejected,rejected,rejected,rejected,123,40,False,False,FUT/NQ|1h|state_session=morning + state_slope=uptrend|rolling,False,research_only,False,1.8473547250269105e-06,0.0018451127491783416,regime_switching_research_only
FUT/GC,1h,state_session=lunch + state_ext=stretched_down,bear,FUT/GC,ok,1323,15,0.0018100819432780833,0.7333333333333333,0.5040318315959145,0.6142390085215397,False,7.846434822024697e-06,0.0018022355084560586,state_session=lunch,-0.00013843293166562013,0.0019485148749437034,129,rolling,4,long,rejected,sample_starved_unsupported,23,False,9,False,0.0014213199518834,0.0018606670005811,state_ext=stretched_down,-0.0003208457166681,0.3423182988649953,0,0,0.0,0,8,1,0,-1.75,rejected,rejected,rejected,rejected,rejected,rejected,rejected,rejected,123,90,False,False,FUT/GC|1h|state_session=lunch + state_ext=stretched_down|rolling,False,research_only,False,0.003834595836838556,-0.0020245138935604725,regime_switching_research_only
FUT/GC,1h,state_session=lunch + state_slope=flat,bear,FUT/GC,ok,1323,25,0.0017894811336825495,0.36,1.0513890740872915,0.2930799318230308,False,7.846434822024697e-06,0.0017816346988605248,state_slope=flat,0.00014721841392800733,0.0016422627197545422,97,rolling,4,long,rejected,rejected_unsupported,108,True,32,False,-0.0004952341304879,-5.588708179032171e-05,state_slope=flat,-0.0003269146686636,0.8586585687663588,1,100,0.25,0,1,1,0,-0.25,rejected,rejected,rejected,rejected,rejected,rejected,rejected,rejected,123,54,False,False,FUT/GC|1h|state_session=lunch + state_slope=flat|rolling,False,research_only,False,0.0007433484757615244,0.0010461326579210251,regime_switching_research_only
FUT/NQ,1h,state_ext=neutral + state_slope=uptrend,bear,FUT/NQ,ok,1113,134,0.0016164013586682196,0.5895522388059702,1.6599127205540032,0.09693201205046043,False,0.0007070686168169594,0.0009093327418512602,state_slope=uptrend,0.0016489996974147717,-3.259833874655208e-05,89,rolling,4,long,rejected,rejected_unsupported,1260,False,674,False,0.000670959108871,0.000210752796141,state_slope=uptrend,-0.0001634243618815,0.0798172446004552,0,0,0.0,0,8,0,0,0.0,rejected,rejected,rejected,rejected,rejected,rejected,rejected,rejected,123,28,False,False,FUT/NQ|1h|state_ext=neutral + state_slope=uptrend|rolling,False,research_only,False,7.185650432673235e-06,0.0016092157082355464,regime_switching_research_only
FUT/CL,1h,state_session=lunch + state_slope=downtrend,bear,FUT/CL,ok,1552,81,0.0015582508137909682,0.5185185185185185,0.653177126714237,0.513642094459408,False,-0.0005645819035597736,0.002122832717350742,state_session=lunch,0.00038998867945264684,0.0011682621343383213,40,rolling,4,long,rejected,rejected_unsupported,110,False,75,False,0.0038006214543782,0.004293522951496,state_session=lunch,0.0004620210841164,0.251486961781836,0,0,0.0,0,8,6,0,4.5,rejected,rejected,rejected,rejected,rejected,rejected,rejected,rejected,123,79,False,False,FUT/CL|1h|state_session=lunch + state_slope=downtrend|rolling,False,research_only,False,0.0018901198644453103,-0.0003318690506543421,regime_switching_research_only
FUT/CL,1h,state_ext=stretched_down + state_vol=mid_vol,bear,FUT/CL,ok,1552,38,0.0015513293786708908,0.5789473684210527,0.8375274494542504,0.40229615425058407,False,-0.0005645819035597736,0.0021159112822306645,state_ext=stretched_down,0.0019958097722284547,-0.00044448039355756384,18,rolling,4,long,rejected,rejected_unsupported,44,False,40,False,0.0040627075262665,0.0045556090233842,state_ext=stretched_down,0.0030233505581045,0.1645602107274197,0,0,0.0,0,8,8,0,5.0,rejected,rejected,rejected,rejected,rejected,rejected,rejected,rejected,123,67,False,False,FUT/CL|1h|state_ext=stretched_down + state_vol=mid_vol|rolling,False,research_only,False,0.0037747056562261066,-0.002223376277555216,regime_switching_research_only
FUT/CL,1h,state_session=morning + state_slope=flat,bear,FUT/CL,ok,1552,287,0.0014983983680100573,0.5714285714285714,1.3850127451180683,0.16604857025348374,False,0.00016458190355977395,0.0013338164644502834,state_slope=flat,0.0010148368390531595,0.0004835615289568978,20,rolling,4,short,rejected,rejected_unsupported,753,False,174,False,0.0019619887193359,0.0018690872222181,state_slope=flat,0.0012141661587014,0.3700350995227461,0,0,0.0,0,8,8,0,5.0,rejected,rejected,rejected,rejected,rejected,rejected,rejected,rejected,123,37,False,False,FUT/CL|1h|state_session=morning + state_slope=flat|rolling,False,research_only,False,0.0008207013320227638,0.0006776970359872934,regime_switching_research_only
FUT/CL,1h,state_ext=neutral + state_vol=high_vol,bear,FUT/CL,ok,1552,588,0.0014793932013147434,0.4965986394557823,1.639635560367729,0.10108096468241046,False,0.00016458190355977395,0.0013148112977549695,state_ext=neutral,0.0006814778090396454,0.000797915392275098,90,rolling,4,short,rejected,rejected_unsupported,1174,False,712,False,0.0008457349776625,0.0007528334805447,state_ext=neutral,-0.0001748514534034,0.5336713577376431,0,0,0.0,0,8,0,0,0.0,rejected,rejected,rejected,rejected,rejected,rejected,rejected,rejected,123,31,False,False,FUT/CL|1h|state_ext=neutral + state_vol=high_vol|rolling,False,research_only,False,4.821361077696817e-05,0.0014311795905377752,regime_switching_research_only
FUT/NQ,1h,state_session=lunch + state_slope=flat,bear,FUT/NQ,ok,1113,13,0.0014428937403077767,0.46153846153846156,0.9117640322524246,0.3618929481421769,False,0.0007070686168169594,0.0007358251234908172,state_slope=flat,0.0006394377481160832,0.0008034559921916935,24,rolling,4,long,rejected,rejected_unsupported,83,False,42,False,0.0013974443393698,0.0009372380266397,state_session=lunch,0.0005476668864274,0.1736134637570496,0,0,0.0,0,8,8,0,5.0,rejected,rejected,rejected,rejected,rejected,rejected,rejected,rejected,123,63,False,False,FUT/NQ|1h|state_session=lunch + state_slope=flat|rolling,False,research_only,False,0.0005741471348837088,0.0008687466054240679,unsupported
FUT/ES,1h,state_session=afternoon + state_slope=flat,bear,FUT/ES,ok,988,37,0.00129168431614426,0.6486486486486487,1.6536233730535423,0.09820406065086451,False,0.0003405925221057221,0.0009510917940385379,state_slope=flat,0.0005410514817991875,0.0007506328343450725,31,rolling,4,long,rejected,rejected_unsupported,310,False,153,False,0.0003969017175501,0.0001670216477288,state_slope=flat,6.646495392471799e-06,0.4173020429080334,0,0,0.0,0,8,8,0,5.0,rejected,rejected,rejected,rejected,rejected,rejected,rejected,rejected,123,29,False,False,FUT/ES|1h|state_session=afternoon + state_slope=flat|rolling,False,research_only,False,0.00010753475545610763,0.0011841495606881524,regime_switching_research_only
FUT/ES,1h,state_session=lunch + state_slope=flat,bear,FUT/ES,ok,988,11,0.0012396234380853365,0.6363636363636364,1.0527664858939385,0.2924480285439581,False,0.0003405925221057221,0.0008990309159796143,state_slope=flat,0.0005410514817991875,0.0006985719562861489,28,rolling,4,long,rejected,rejected_unsupported,97,False,51,False,0.0007054330138842,0.0004755529440629,state_slope=flat,0.0003151777917266,0.2297175204381087,0,0,0.0,0,8,8,0,5.0,rejected,rejected,rejected,rejected,rejected,rejected,rejected,rejected,123,53,False,False,FUT/ES|1h|state_session=lunch + state_slope=flat|rolling,False,research_only,False,0.0002868613304861118,0.0009527621075992247,unsupported
FUT/NQ,1h,state_session=morning + state_slope=downtrend,bear,FUT/NQ,ok,1113,402,0.0011582401244085827,0.5771144278606966,1.7617692247725956,0.07810829640893813,False,0.0007070686168169594,0.00045117150759162324,state_session=morning,0.0010447746289485812,0.00011346549546000146,114,rolling,4,long,rejected,rejected_unsupported,723,False,288,False,-0.0010105527632814,-0.0014707590760114,state_session=morning,-0.0014735031405136,0.1878160029466415,0,0,0.0,0,0,0,1,-0.75,rejected,rejected,rejected,rejected,rejected,rejected,rejected,rejected,123,26,False,False,FUT/NQ|1h|state_session=morning + state_slope=downtrend|rolling,False,research_only,False,-6.467497300060063e-06,0.0011647076217086428,regime_switching_research_only
FUT/CL,1h,state_session=morning + state_ext=stretched_down,bear,FUT/CL,ok,1552,152,0.001092809574253796,0.5394736842105263,0.5016931130414619,0.6158834097072754,False,-0.0005645819035597736,0.0016573914778135696,state_ext=stretched_down,0.0019958097722284547,-0.0009030001979746587,81,rolling,4,long,rejected,rejected_unsupported,125,False,190,False,0.000668458999473,0.0011613604965908,state_ext=stretched_down,-0.0003708979686889,0.7559922460435795,0,0,0.0,0,8,1,0,0.25,rejected,rejected,rejected,rejected,rejected,rejected,rejected,rejected,123,91,False,False,FUT/CL|1h|state_session=morning + state_ext=stretched_down|rolling,False,research_only,False,0.0011086131727235575,-1.5803598469761593e-05,regime_switching_research_only
FUT/CL,1h,state_ext=neutral + state_slope=uptrend,bear,FUT/CL,ok,1552,176,0.0010628426511384288,0.48295454545454547,0.752185837477261,0.451939309341435,False,0.00016458190355977395,0.0008982607475786549,state_slope=uptrend,0.0013903864715342315,-0.00032754382039580274,91,rolling,4,short,rejected,rejected_unsupported,1087,False,348,False,0.0008124674477066,0.0007195659505888,state_ext=neutral,-0.0002081189833593,0.6177795740119194,0,0,0.0,0,8,0,0,0.0,rejected,rejected,rejected,rejected,rejected,rejected,rejected,rejected,123,71,False,False,FUT/CL|1h|state_ext=neutral + state_slope=uptrend|rolling,False,research_only,False,-3.9248569851046105e-05,0.001102091220989475,regime_switching_research_only
FUT/NQ,1h,state_session=afternoon + state_slope=uptrend,bear,FUT/NQ,ok,1113,67,0.0010504785385650691,0.6567164179104478,0.988646908701617,0.3228359269010712,False,0.0007070686168169594,0.00034340992174810973,state_slope=uptrend,0.0016489996974147717,-0.0005985211588497026,112,rolling,4,long,rejected,rejected_unsupported,568,False,296,False,-7.696064154323754e-05,-0.0005371669542733,state_slope=uptrend,-0.0009113441122959,0.8528352574464042,0,0,0.0,0,1,0,1,-0.75,rejected,rejected,rejected,rejected,rejected,rejected,rejected,rejected,123,58,False,False,FUT/NQ|1h|state_session=afternoon + state_slope=uptrend|rolling,False,research_only,False,7.782709634137185e-05,0.0009726514422236973,regime_switching_research_only
FUT/ES,1h,state_session=lunch + state_slope=downtrend,bear,FUT/ES,ok,988,64,0.0010398467748712204,0.484375,1.1024206889105692,0.2702788211886382,False,-0.0007405925221057216,0.0017804392969769421,state_session=lunch,-1.537858648794851e-05,0.0010552253613591688,21,rolling,4,short,rejected,rejected_unsupported,135,False,40,False,0.0001611211631195,0.0007910012329408,state_slope=downtrend,0.0006596540311133,0.9237983196525964,0,0,0.0,0,8,8,0,5.0,rejected,rejected,rejected,rejected,rejected,rejected,rejected,rejected,123,51,False,False,FUT/ES|1h|state_session=lunch + state_slope=downtrend|rolling,False,research_only,False,-2.7919773178438e-06,0.0010426387521890643,regime_switching_research_only
FUT/CL,1h,state_ext=neutral + state_slope=flat,bear,FUT/CL,ok,1552,488,0.0009808732038678496,0.5450819672131147,1.286789820764098,0.19816755585445267,False,0.00016458190355977395,0.0008162913003080757,state_slope=flat,0.0010148368390531595,-3.396363518530987e-05,72,rolling,4,short,rejected,rejected_unsupported,1157,False,270,False,0.0007774108658828,0.000684509368765,state_ext=neutral,-0.0002431755651831,0.6463844560442045,0,0,0.0,0,8,2,0,0.5,rejected,rejected,rejected,rejected,rejected,rejected,rejected,rejected,123,42,False,False,FUT/CL|1h|state_ext=neutral + state_slope=flat|rolling,False,research_only,False,0.00033592011851169793,0.0006449530853561517,regime_switching_research_only
FUT/NQ,1h,state_session=morning + state_ext=neutral,bear,FUT/NQ,ok,1113,549,0.0009757746573308794,0.5591985428051002,1.6454651174754005,0.09987393048609006,False,0.0007070686168169594,0.00026870604051392,state_session=morning,0.0010447746289485812,-6.89999716177018e-05,38,rolling,4,long,rejected,rejected_unsupported,2059,False,859,False,0.0004770569674765,1.685065474650414e-05,state_session=morning,1.4106590244341144e-05,0.2697961697767441,0,0,0.0,0,7,7,0,4.75,rejected,rejected,rejected,rejected,rejected,rejected,rejected,rejected,123,30,False,False,FUT/NQ|1h|state_session=morning + state_ext=neutral|rolling,False,research_only,False,-8.91736966551137e-05,0.001064948353985993,regime_switching_research_only
FUT/CL,1h,state_session=morning + state_ext=neutral,bear,FUT/CL,ok,1552,633,0.0008269252520832287,0.5229067930489731,1.0361116716128165,0.30015004770612164,False,0.00016458190355977395,0.0006623433485234548,state_ext=neutral,0.0006814778090396454,0.0001454474430435833,22,rolling,4,short,rejected,rejected_unsupported,1785,False,534,False,0.0016274749952453,0.0015345734981275,state_ext=neutral,0.0006068885641793,0.2461404688130397,0,0,0.0,0,8,8,0,5.0,rejected,rejected,rejected,rejected,rejected,rejected,rejected,rejected,123,57,False,False,FUT/CL|1h|state_session=morning + state_ext=neutral|rolling,False,research_only,False,0.00047845554800316777,0.0003484697040800609,regime_switching_research_only
FUT/ES,1h,state_session=morning + state_slope=downtrend,bear,FUT/ES,ok,988,341,0.0008256208150751999,0.5689149560117303,1.3765984593170866,0.16863642750747454,False,0.0003405925221057221,0.0004850282929694778,state_session=morning,0.0006674947319098989,0.000158126083165301,123,rolling,4,long,rejected,rejected_unsupported,722,False,275,False,-0.0001553303413966,-0.0003852104112179,state_session=morning,-0.000514387658983,0.7580899018130614,0,0,0.0,0,0,0,0,-1.0,rejected,rejected,rejected,rejected,rejected,rejected,rejected,rejected,123,38,False,False,FUT/ES|1h|state_session=morning + state_slope=downtrend|rolling,False,research_only,False,0.0002074411329479175,0.0006181796821272825,regime_switching_research_only
FUT/NQ,1h,state_ext=neutral + state_slope=flat,bear,FUT/NQ,ok,1113,184,0.0006706945310886327,0.5597826086956522,0.9089333301913716,0.3633853189303866,False,0.0007070686168169594,-3.6374085728326714e-05,state_slope=flat,0.0006394377481160832,3.125678297254955e-05,86,rolling,4,long,rejected,rejected_unsupported,1021,False,412,False,0.0005911254964299,0.0001309191836998,state_slope=flat,-3.5654672756734525e-05,0.216498009441703,0,0,0.0,0,7,0,0,0.0,rejected,rejected,rejected,rejected,rejected,rejected,rejected,rejected,123,64,False,False,FUT/NQ|1h|state_ext=neutral + state_slope=flat|rolling,False,research_only,False,-8.236497481715915e-05,0.0007530595059057918,unsupported
FUT/ES,1h,state_session=morning + state_slope=uptrend,bear,FUT/ES,ok,988,58,0.0006260292973341748,0.4827586206896552,0.5354194257886686,0.5923598602987106,False,0.0003405925221057221,0.0002854367752284527,state_session=morning,0.0006674947319098989,-4.146543457572412e-05,4,rolling,4,long,rejected,late_emerging_valid_supported,586,False,296,True,0.0008611743910315,0.0006312943212102,state_session=morning,0.0005021170734451,0.0427265849209699,0,0,0.0,0,8,8,4,7.0,rejected,rejected,rejected,rejected,rejected,rejected,rejected,rejected,123,87,False,False,FUT/ES|1h|state_session=morning + state_slope=uptrend|rolling,False,research_only,False,-7.979055903432553e-06,0.0006340083532376074,regime_switching_research_only
FUT/ES,1h,state_session=morning + state_ext=neutral,bear,FUT/ES,ok,988,523,0.0006239225936570543,0.5468451242829828,1.2945680329140705,0.19546928595193913,False,0.0003405925221057221,0.00028333007155133223,state_session=morning,0.0006674947319098989,-4.357213825284458e-05,84,rolling,4,long,rejected,rejected_unsupported,2084,False,884,False,0.0003506411833868,0.0001207611135655,state_session=morning,-8.416134199518003e-06,0.1987421670622071,0,0,0.0,0,8,0,0,0.0,rejected,rejected,rejected,rejected,rejected,rejected,rejected,rejected,123,41,False,False,FUT/ES|1h|state_session=morning + state_ext=neutral|rolling,False,research_only,False,-1.32716814563522e-05,0.0006371942751134066,regime_switching_research_only
FUT/ES,1h,state_ext=neutral + state_slope=uptrend,bear,FUT/ES,ok,988,118,0.0006207064936764432,0.5338983050847458,0.7007203582924716,0.48347754846896995,False,0.0003405925221057221,0.0002801139715707211,state_slope=uptrend,0.0006207064936764432,0.0,107,rolling,4,long,rejected,rejected_unsupported,1219,False,652,False,0.0001810189247642,-4.8861145057052855e-05,state_slope=uptrend,-2.726038271919472e-05,0.5008550730239121,0,0,0.0,0,2,0,1,-0.75,rejected,rejected,rejected,rejected,rejected,rejected,rejected,rejected,123,76,False,False,FUT/ES|1h|state_ext=neutral + state_slope=uptrend|rolling,False,research_only,False,-7.116111856147943e-05,0.0006918676122379227,regime_switching_research_only
FUT/ZN,1h,state_session=morning + state_slope=uptrend,bear,FUT/ZN,ok,1573,54,0.0005540648202543119,0.6111111111111112,1.7946329480390009,0.07271220006740009,False,-0.0001768557010589735,0.0007309205213132854,state_slope=uptrend,0.00016331559367523167,0.00039074922657908023,61,rolling,4,long,rejected,rejected_unsupported,534,False,268,False,-0.000326542902411,-9.558208247852991e-05,state_session=morning,-8.150999576136226e-05,0.0383539932499084,0,0,0.0,0,2,0,6,1.5,rejected,rejected,rejected,rejected,rejected,rejected,rejected,rejected,123,24,False,False,FUT/ZN|1h|state_session=morning + state_slope=uptrend|rolling,False,research_only,False,-0.000171046422558722,0.0007251112428130339,regime_switching_research_only
FUT/NQ,1h,state_ext=neutral + state_vol=mid_vol,bear,FUT/NQ,ok,1113,191,0.0005228195499703425,0.5078534031413613,0.6402100545519446,0.522036046949168,False,-0.0011070686168169592,0.0016298881667873018,state_vol=mid_vol,0.00046062195433124026,6.219759563910222e-05,9,rolling,4,short,rejected,rejected_unsupported,1095,False,689,False,-0.0002014870931207,0.0006587192196093,state_vol=mid_vol,3.0881325823098744e-05,0.599288043759838,0,0,0.0,0,8,8,3,5.75,rejected,rejected,rejected,rejected,rejected,rejected,rejected,rejected,123,80,False,False,FUT/NQ|1h|state_ext=neutral + state_vol=mid_vol|rolling,False,research_only,False,2.266926105589411e-05,0.0005001502889144483,regime_switching_research_only
FUT/CL,1h,state_ext=neutral + state_vol=low_vol,bear,FUT/CL,ok,1552,327,0.00049162172066491,0.5351681957186545,0.5158851677516493,0.6059346139597579,False,0.00016458190355977395,0.0003270398171051361,state_vol=low_vol,0.0006999479489074124,-0.00020832622824250237,69,rolling,4,short,rejected,rejected_unsupported,883,False,37,False,0.0026848528176448,0.002591951320527,state_vol=low_vol,-0.0006452016558611,0.5463307487695719,1,10,0.25,0,8,0,0,0.5,rejected,rejected,rejected,rejected,rejected,rejected,rejected,rejected,123,88,False,False,FUT/CL|1h|state_ext=neutral + state_vol=low_vol|rolling,False,research_only,False,0.00019067731174095298,0.00030094440892395707,regime_switching_research_only
FUT/ES,1h,state_ext=neutral + state_slope=flat,bear,FUT/ES,ok,988,174,0.00048420211015177126,0.5574712643678161,0.9204869318213336,0.3573183589966997,False,0.0003405925221057221,0.00014360958804604914,state_slope=flat,0.0005410514817991875,-5.6849371647416276e-05,85,rolling,4,long,rejected,rejected_unsupported,1079,False,521,False,0.0003709796234507,0.0001410995536294,state_slope=flat,-1.927559870689436e-05,0.1606607532947817,0,0,0.0,0,7,0,0,0.0,rejected,rejected,rejected,rejected,rejected,rejected,rejected,rejected,123,62,False,False,FUT/ES|1h|state_ext=neutral + state_slope=flat|rolling,False,research_only,False,-8.990719572679476e-05,0.000574109305878566,regime_switching_research_only
FUT/GC,1h,state_ext=neutral + state_vol=high_vol,bear,FUT/GC,ok,1323,549,0.000419872475045686,0.4936247723132969,0.5955619676119331,0.5514678903707741,False,7.846434822024697e-06,0.00041202604022366133,state_vol=high_vol,0.00015398989355080536,0.0002658825814948806,30,rolling,4,long,rejected,rejected_unsupported,1738,False,521,False,0.0008216659861585,0.0012610130348561,state_vol=high_vol,0.0001477874908452,0.2515039841140438,0,0,0.0,0,8,8,0,5.0,rejected,rejected,rejected,rejected,rejected,rejected,rejected,rejected,123,82,False,False,FUT/GC|1h|state_ext=neutral + state_vol=high_vol|rolling,False,research_only,False,0.0002249483149763374,0.0001949241600693486,regime_switching_research_only
FUT/NQ,1h,state_ext=neutral + state_slope=downtrend,bear,FUT/NQ,ok,1113,728,0.0003839173432414078,0.5480769230769231,0.829930393408866,0.406578139591415,False,0.0007070686168169594,-0.0003231512735755516,state_ext=neutral,0.0005922537300780066,-0.00020833638683659877,124,rolling,4,long,rejected,rejected_unsupported,1409,False,543,False,-0.0001368506888937,-0.0005970570016237,state_ext=neutral,-0.0005183486752896,0.807843870721618,0,0,0.0,0,0,0,0,-1.0,rejected,rejected,rejected,rejected,rejected,rejected,rejected,rejected,123,68,False,False,FUT/NQ|1h|state_ext=neutral + state_slope=downtrend|rolling,False,research_only,False,-6.29909370736839e-05,0.0004469082803150917,unsupported
FUT/CL,1h,state_session=afternoon + state_slope=flat,bear,FUT/CL,ok,1552,176,0.0003699252114210263,0.5170454545454546,0.45859470118553547,0.6465252424693189,False,0.00016458190355977395,0.00020534330786125236,state_slope=flat,0.0010148368390531595,-0.0006449116276321332,41,rolling,4,short,rejected,rejected_unsupported,361,False,111,False,0.0011135505349018,0.001020649037784,state_slope=flat,0.0003657279742673,0.6867278796787701,0,0,0.0,0,7,6,0,4.5,rejected,rejected,rejected,rejected,rejected,rejected,rejected,rejected,123,96,False,False,FUT/CL|1h|state_session=afternoon + state_slope=flat|rolling,False,research_only,False,-1.4839725138181631e-06,0.00037140918393484447,regime_switching_research_only
FUT/GC,1h,state_session=morning + state_slope=flat,bear,FUT/GC,ok,1323,191,0.00035377957289180407,0.41361256544502617,0.4187107911412943,0.6754275082052112,False,7.846434822024697e-06,0.0003459331380697794,state_session=morning,0.0001961235340402731,0.00015765603885153096,10,rolling,4,long,rejected,rejected_unsupported,537,True,265,False,0.0001983336059784,0.000637680654676,state_session=morning,0.0003485492875077,0.7799710573016747,1,100,0.25,0,8,8,0,5.5,rejected,rejected,rejected,rejected,rejected,rejected,rejected,rejected,123,98,False,False,FUT/GC|1h|state_session=morning + state_slope=flat|rolling,False,research_only,False,0.0007148237162335951,-0.000361044143341791,regime_switching_research_only
FUT/ES,1h,state_ext=neutral + state_vol=high_vol,bear,FUT/ES,ok,988,865,0.0003137624578279663,0.5468208092485549,0.8721345800571008,0.38313496336323283,False,0.0003405925221057221,-2.6830064277755846e-05,state_vol=high_vol,0.0003787297452173535,-6.496728738938722e-05,88,rolling,4,long,rejected,rejected_unsupported,1851,False,640,False,0.0006746409292045,0.0004447608593833,state_vol=high_vol,-7.06663988987601e-05,0.0936823692893562,0,0,0.0,0,8,0,0,0.0,rejected,rejected,rejected,rejected,rejected,rejected,rejected,rejected,123,65,False,False,FUT/ES|1h|state_ext=neutral + state_vol=high_vol|rolling,False,research_only,False,0.0001517567579163736,0.00016200569991159266,unsupported
FUT/ES,1h,state_ext=neutral + state_vol=mid_vol,bear,FUT/ES,ok,988,93,0.00031127823684093636,0.5806451612903226,0.32846915936814464,0.7425569591393757,False,0.0003405925221057221,-2.9314285264785763e-05,state_vol=mid_vol,0.0003826529358228111,-7.137469898187474e-05,109,rolling,4,long,rejected,rejected_unsupported,1032,False,615,False,3.8501405271496215e-05,-0.0001913786645497,state_ext=neutral,-0.0001542604793221,0.8750254988589083,0,0,0.0,0,0,0,1,-0.75,rejected,rejected,rejected,rejected,rejected,rejected,rejected,rejected,123,104,False,False,FUT/ES|1h|state_ext=neutral + state_vol=mid_vol|rolling,False,research_only,False,-0.00022737565960687092,0.0005386538964478073,unsupported
FUT/CL,1h,state_ext=neutral + state_slope=downtrend,bear,FUT/CL,ok,1552,575,0.0003106514353256457,0.4608695652173913,0.38883280577166157,0.6973998312410306,False,0.00016458190355977395,0.00014606953176587176,state_ext=neutral,0.0006814778090396454,-0.0003708263737139997,27,rolling,4,short,rejected,rejected_unsupported,908,False,397,False,0.0013684020703821,0.0012755005732643,state_ext=neutral,0.0003478156393161,0.415274801585733,0,0,0.0,0,8,8,0,5.0,rejected,rejected,rejected,rejected,rejected,rejected,rejected,rejected,123,101,False,False,FUT/CL|1h|state_ext=neutral + state_slope=downtrend|rolling,False,research_only,False,4.022234618465084e-05,0.00027042908914099486,regime_switching_research_only
FUT/ES,1h,state_session=morning + state_slope=flat,bear,FUT/ES,ok,988,127,0.00026185694329591727,0.5275590551181102,0.41559298043616594,0.6777078640962362,False,0.0003405925221057221,-7.873557880980485e-05,state_session=morning,0.0006674947319098989,-0.00040563778861398166,87,rolling,4,long,rejected,rejected_unsupported,673,False,318,False,0.0003365099983428,0.0001066299285215,state_slope=flat,-5.3745223814794776e-05,0.2980471875189106,0,0,0.0,0,7,0,0,0.0,rejected,rejected,rejected,rejected,rejected,rejected,rejected,rejected,123,99,False,False,FUT/ES|1h|state_session=morning + state_slope=flat|rolling,False,research_only,False,-0.00023253304919071044,0.0004943899924866277,unsupported
FUT/NQ,1h,state_session=afternoon + state_ext=neutral,bear,FUT/NQ,ok,1113,416,0.00020677266792177242,0.5769230769230769,0.5062273585231292,0.6126970511659067,False,0.0007070686168169594,-0.000500295948895187,state_ext=neutral,0.0005922537300780066,-0.00038548106215623417,120,rolling,4,long,rejected,rejected_unsupported,1500,False,632,False,0.0001956908962438,-0.0002645154164862,state_ext=neutral,-0.000185807090152,0.6065283676500286,0,0,0.0,0,0,0,0,-1.0,rejected,rejected,rejected,rejected,rejected,rejected,rejected,rejected,123,89,False,False,FUT/NQ|1h|state_session=afternoon + state_ext=neutral|rolling,False,research_only,False,9.038046980877271e-07,0.0002058688632236847,unsupported
FUT/GC,1h,state_session=morning + state_ext=neutral,bear,FUT/GC,ok,1323,648,0.00019398128371657432,0.48919753086419754,0.30771629627758945,0.7582982184027502,False,7.846434822024697e-06,0.00018613484889454962,state_session=morning,0.0001961235340402731,-2.1422503236987888e-06,37,rolling,4,long,rejected,rejected_unsupported,1925,False,832,False,-9.00625531987537e-05,0.0003492844954989,state_session=morning,6.015312833055077e-05,0.8610537754827117,0,0,0.0,0,7,7,0,4.75,rejected,rejected,rejected,rejected,rejected,rejected,rejected,rejected,123,106,False,False,FUT/GC|1h|state_session=morning + state_ext=neutral|rolling,False,research_only,False,-0.00015430514209500585,0.0003482864258115802,regime_switching_research_only
FUT/GC,1h,state_session=afternoon + state_ext=neutral,bear,FUT/GC,ok,1323,460,0.0001770106021972757,0.5108695652173914,0.3090498479860431,0.7572836083429964,False,7.846434822024697e-06,0.000169164167375251,state_ext=neutral,0.00013786457794275208,3.914602425452362e-05,100,rolling,4,long,rejected,rejected_unsupported,1400,True,612,False,-0.0008024864567829,-0.0003631394080853,state_ext=neutral,-0.0003236543455386,0.1248517553874304,0,0,0.0,0,1,1,2,-0.25,rejected,rejected,rejected,rejected,rejected,rejected,rejected,rejected,123,105,False,False,FUT/GC|1h|state_session=afternoon + state_ext=neutral|rolling,False,research_only,False,0.00017021379385011098,6.796808347164725e-06,regime_switching_research_only
FUT/GC,1h,state_ext=neutral + state_slope=flat,bear,FUT/GC,ok,1323,319,0.0001745537700625047,0.4231974921630094,0.26542510402749675,0.7906819992636986,False,7.846434822024697e-06,0.00016670733524048,state_slope=flat,0.00014721841392800733,2.7335356134497376e-05,11,rolling,4,long,rejected,rejected_unsupported,1009,True,457,False,-0.0001202149506872,0.0003191320980104,state_slope=flat,4.81045111371375e-05,0.8574746912493918,1,100,0.25,0,8,8,0,5.5,rejected,rejected,rejected,rejected,rejected,rejected,rejected,rejected,123,108,False,False,FUT/GC|1h|state_ext=neutral + state_slope=flat|rolling,False,research_only,False,0.0004879185335906036,-0.00031336476352809893,regime_switching_research_only
FUT/ES,1h,state_ext=neutral + state_slope=downtrend,bear,FUT/ES,ok,988,672,0.00015934953980248291,0.5491071428571429,0.3920330733980297,0.6950337767762564,False,0.0003405925221057221,-0.0001812429823032392,state_ext=neutral,0.00027445790888744526,-0.00011510836908496235,119,rolling,4,long,rejected,rejected_unsupported,1458,False,520,False,2.8925284332413545e-05,-0.0002009547854888,state_ext=neutral,-0.0001638366002611,0.9419179644163864,0,0,0.0,0,0,0,0,-1.0,rejected,rejected,rejected,rejected,rejected,rejected,rejected,rejected,123,100,False,False,FUT/ES|1h|state_ext=neutral + state_slope=downtrend|rolling,False,research_only,False,-2.3809687204031732e-05,0.00018315922700651465,unsupported
FUT/CL,1h,state_session=afternoon + state_slope=downtrend,bear,FUT/CL,ok,1552,373,0.00014838128984424997,0.5013404825737265,0.14422412104982468,0.8853234942241881,False,-0.0005645819035597736,0.0007129631934040236,state_slope=downtrend,0.00020763022266546638,-5.92489328212164e-05,39,rolling,4,long,rejected,rejected_unsupported,492,False,267,False,0.0005257314265747,0.0010186329236925,state_slope=downtrend,0.0009538067125601,0.7752041581842211,0,0,0.0,0,7,6,0,4.5,rejected,rejected,rejected,rejected,rejected,rejected,rejected,rejected,123,118,False,False,FUT/CL|1h|state_session=afternoon + state_slope=downtrend|rolling,False,research_only,False,0.0007862770413490406,-0.0006378957515047906,regime_switching_research_only
FUT/NQ,1h,state_session=afternoon + state_slope=downtrend,bear,FUT/NQ,ok,1113,325,9.582626557280883e-05,0.5538461538461539,0.20576276225116127,0.8369762301582686,False,0.0007070686168169594,-0.0006112423512441506,state_slope=downtrend,0.0005610214797968086,-0.00046519521422399977,23,rolling,4,long,rejected,rejected_unsupported,614,False,240,False,0.0009486507006205,0.0004884443878904,state_session=afternoon,0.0005784963766098,0.1359983122834616,0,0,0.0,0,7,8,0,5.0,rejected,rejected,rejected,rejected,rejected,rejected,rejected,rejected,123,111,False,False,FUT/NQ|1h|state_session=afternoon + state_slope=downtrend|rolling,False,research_only,False,9.211538031983825e-05,3.710885252970582e-06,unsupported
FUT/GC,1h,state_session=afternoon + state_slope=downtrend,bear,FUT/GC,ok,1323,348,5.024711151653682e-05,0.4482758620689655,0.060975326602200924,0.9513788590023691,False,-0.0004078464348220243,0.0004580935463385611,state_slope=downtrend,-4.341690431747851e-05,9.366401583401534e-05,15,rolling,4,short,rejected,rejected_unsupported,536,False,302,False,0.0004311028490199,0.0003917558003222,state_session=afternoon,0.0001610482788715,0.5206518307133603,0,0,0.0,0,8,8,1,5.25,rejected,rejected,rejected,rejected,rejected,rejected,rejected,rejected,123,121,False,False,FUT/GC|1h|state_session=afternoon + state_slope=downtrend|rolling,False,research_only,False,-0.00020158092376052693,0.00025182803527706377,regime_switching_research_only
FUT/GC,1h,state_ext=stretched_down + state_slope=downtrend,bear,FUT/GC,ok,1323,113,2.7940156924632404e-05,0.45132743362831856,0.01053623525130026,0.9915934561025184,False,-0.0004078464348220243,0.00043578659174665674,state_ext=stretched_down,1.0590461146123306e-06,2.6881110810020074e-05,82,rolling,4,short,rejected,rejected_unsupported,170,False,71,False,-0.0021421656685516,-0.0021815127172492,state_slope=downtrend,-0.0023853445468213,0.0637737086112859,0,0,0.0,0,0,0,5,0.25,rejected,rejected,rejected,rejected,rejected,rejected,rejected,rejected,123,123,False,False,FUT/GC|1h|state_ext=stretched_down + state_slope=downtrend|rolling,False,research_only,False,0.0003041877716705201,-0.0002762476147458877,regime_switching_research_only
FUT/NQ,1h,state_session=lunch + state_ext=neutral,bear,FUT/NQ,ok,1113,81,-2.741129714216522e-05,0.41975308641975306,-0.023610916214495313,0.9811629646994899,False,0.0007070686168169594,-0.0007344799139591246,state_ext=neutral,0.0005922537300780066,-0.0006196650272201718,92,rolling,4,long,rejected,rejected_unsupported,331,False,138,False,0.0006376205677571,0.000177414255027,state_session=lunch,-0.0002121568851852,0.4137572068919397,0,0,0.0,0,6,0,0,0.0,rejected,rejected,rejected,rejected,rejected,rejected,rejected,rejected,123,122,False,False,FUT/NQ|1h|state_session=lunch + state_ext=neutral|rolling,False,research_only,False,0.00017703918884460283,-0.00020445048598676806,unsupported
FUT/ZN,1h,state_session=lunch + state_slope=downtrend,bear,FUT/ZN,ok,1573,87,-2.7987681060526407e-05,0.3448275862068966,-0.159435742551586,0.8733255805719466,False,-0.0002231442989410266,0.0001951566178805002,state_slope=downtrend,-0.00018916307592018526,0.00016117539485965886,8,rolling,4,short,rejected,rejected_unsupported,121,False,47,False,0.0001171093643238,0.0002861485443913,state_session=lunch,0.0001662121073439,0.5846667087118465,0,0,0.0,0,8,8,3,5.75,rejected,rejected,rejected,rejected,rejected,rejected,rejected,rejected,123,116,False,False,FUT/ZN|1h|state_session=lunch + state_slope=downtrend|rolling,False,research_only,False,4.1571662837387386e-05,-6.95593438979138e-05,unsupported
FUT/ES,1h,state_session=afternoon + state_ext=neutral,bear,FUT/ES,ok,988,354,-6.643673719955405e-05,0.556497175141243,-0.17645435999805212,0.8599370014614705,False,0.0003405925221057221,-0.0004070292593052762,state_ext=neutral,0.00027445790888744526,-0.00034089464608699934,110,rolling,4,long,rejected,rejected_unsupported,1526,False,660,False,1.5769916736307855e-05,-0.0002141101530849,state_ext=neutral,-0.0001769919678572,0.9476105208757876,0,0,0.0,0,0,0,1,-0.75,rejected,rejected,rejected,rejected,rejected,rejected,rejected,rejected,123,114,False,False,FUT/ES|1h|state_session=afternoon + state_ext=neutral|rolling,False,research_only,False,-0.00011493460797626533,4.849787077671128e-05,unsupported
FUT/ES,1h,state_session=afternoon + state_slope=downtrend,bear,FUT/ES,ok,988,290,-7.175333819693045e-05,0.5482758620689655,-0.18047970248126513,0.8567759878182093,False,0.0003405925221057221,-0.00041234586030265257,state_slope=downtrend,0.00024255832557089956,-0.00031431166376783004,26,rolling,4,long,rejected,rejected_unsupported,621,False,213,False,0.0005501692239886,0.0003202891541673,state_slope=downtrend,0.0004516363559948,0.1781943702787245,0,0,0.0,0,7,8,0,5.0,rejected,rejected,rejected,rejected,rejected,rejected,rejected,rejected,123,112,False,False,FUT/ES|1h|state_session=afternoon + state_slope=downtrend|rolling,False,research_only,False,-0.00010950356218617531,3.775022398924486e-05,unsupported
FUT/ZN,1h,state_session=morning + state_slope=flat,bear,FUT/ZN,ok,1573,312,-8.322696682804997e-05,0.4583333333333333,-0.5573407353385919,0.577294648846727,False,-0.0002231442989410266,0.00013991733211297664,state_slope=flat,-0.00020462021779279452,0.00012139325096474455,5,rolling,4,short,rejected,rejected_unsupported,776,False,309,False,1.7672249221361904e-05,0.0001867114292888,state_slope=flat,0.0001005699277904,0.9110132717885906,0,0,0.0,0,8,8,4,6.0,rejected,rejected,rejected,rejected,rejected,rejected,rejected,rejected,123,84,False,False,FUT/ZN|1h|state_session=morning + state_slope=flat|rolling,False,research_only,False,-0.00015509408578475648,7.186711895670651e-05,unsupported
FUT/GC,1h,state_ext=neutral + state_vol=mid_vol,bear,FUT/GC,ok,1323,473,-8.7694189705304e-05,0.4904862579281184,-0.17801543332878345,0.8587108552836555,False,7.846434822024697e-06,-9.554062452732869e-05,state_ext=neutral,0.00013786457794275208,-0.00022555876764805607,50,rolling,4,long,rejected,rejected_unsupported,1167,False,829,False,-0.0008933887392502,-0.0004540416905526,state_ext=neutral,-0.0004145566280059,0.025318909329159,1,1000,0.25,0,0,0,7,2.25,rejected,rejected,rejected,rejected,rejected,rejected,rejected,rejected,123,113,False,False,FUT/GC|1h|state_ext=neutral + state_vol=mid_vol|rolling,False,research_only,False,-0.00010789625503141665,2.020206532611265e-05,unsupported
FUT/GC,1h,state_ext=neutral + state_slope=downtrend,bear,FUT/GC,ok,1323,764,-8.860761032777546e-05,0.4607329842931937,-0.1696140735701388,0.8653136538197201,False,-0.0004078464348220243,0.00031923882449424887,state_slope=downtrend,-4.341690431747851e-05,-4.519070601029695e-05,14,rolling,4,short,rejected,rejected_unsupported,1144,False,708,False,0.0004823871590949,0.0004430401103973,state_slope=downtrend,0.0002392082808253,0.362433543837565,0,0,0.0,0,8,8,1,5.25,rejected,rejected,rejected,rejected,rejected,rejected,rejected,rejected,123,115,False,False,FUT/GC|1h|state_ext=neutral + state_slope=downtrend|rolling,False,research_only,False,0.0002989719541339343,-0.0003875795644617097,unsupported
FUT/ZN,1h,state_session=afternoon + state_slope=downtrend,bear,FUT/ZN,ok,1573,379,-0.00012626716271270258,0.42744063324538256,-1.916016881417142,0.05536294695795663,False,-0.0002231442989410266,9.687713622832402e-05,state_session=afternoon,-0.00018415510531846166,5.788794260575908e-05,6,rolling,4,short,rejected,rejected_unsupported,497,False,260,False,-0.0001564822910151,1.2556889052317788e-05,state_session=afternoon,5.729449107693468e-05,0.1506651353011803,0,0,0.0,0,7,7,5,6.0,rejected,rejected,rejected,rejected,rejected,rejected,rejected,rejected,123,22,False,False,FUT/ZN|1h|state_session=afternoon + state_slope=downtrend|rolling,False,research_only,False,-0.0001268103388352477,5.431761225451078e-07,unsupported
FUT/ZN,1h,state_session=morning + state_slope=downtrend,bear,FUT/ZN,ok,1573,480,-0.00013196231895809337,0.44375,-1.0410848562262605,0.29783616727907414,False,-0.0001768557010589735,4.489338210088013e-05,state_session=morning,-0.00015633049545602887,2.4368176497935497e-05,16,rolling,4,long,rejected,rejected_unsupported,681,False,298,False,7.283320594296366e-06,0.0002382441405267,state_slope=downtrend,0.0001485202047631,0.9607618051148388,0,0,0.0,0,8,8,1,5.25,rejected,rejected,rejected,rejected,rejected,rejected,rejected,rejected,123,56,False,False,FUT/ZN|1h|state_session=morning + state_slope=downtrend|rolling,False,research_only,False,-6.862561912419305e-05,-6.333669983390032e-05,unsupported
FUT/ZN,1h,state_ext=neutral + state_vol=low_vol,bear,FUT/ZN,ok,1573,413,-0.00013463302754672176,0.47699757869249393,-1.2492162225043533,0.211586000088948,False,-0.0001768557010589735,4.222267351225174e-05,state_vol=low_vol,-0.00013463302754672176,0.0,54,rolling,4,long,rejected,rejected_unsupported,1379,False,327,False,-0.0003875844213497,-0.0001566236014172,state_ext=neutral,-0.0001566236014172,0.0075715466779162,0,0,0.0,0,0,0,8,2.0,rejected,rejected,rejected,rejected,rejected,rejected,rejected,rejected,123,45,False,False,FUT/ZN|1h|state_ext=neutral + state_vol=low_vol|rolling,False,research_only,False,-0.0001925545882513774,5.792156070465564e-05,unsupported
FUT/ES,1h,state_session=afternoon + state_slope=uptrend,bear,FUT/ES,ok,988,45,-0.00015477203440659147,0.6,-0.12730221310185455,0.8987012087577406,False,0.0003405925221057221,-0.0004953645565123135,state_slope=uptrend,0.0006207064936764432,-0.0007754785280830347,101,rolling,4,long,rejected,rejected_unsupported,537,False,310,False,-0.0003870826534738,-0.000616962723295,state_slope=uptrend,-0.0005953619609572,0.1459387913006837,0,0,0.0,0,0,0,3,-0.25,rejected,rejected,rejected,rejected,rejected,rejected,rejected,rejected,123,119,False,False,FUT/ES|1h|state_session=afternoon + state_slope=uptrend|rolling,False,research_only,False,-0.00016997681854815142,1.5204784141559951e-05,unsupported
FUT/ZN,1h,state_session=morning + state_ext=neutral,bear,FUT/ZN,ok,1573,846,-0.00015633049545602887,0.44208037825059104,-1.4764121630177887,0.13983327947695345,False,-0.0001768557010589735,2.0525205602944633e-05,state_session=morning,-0.00015633049545602887,0.0,51,rolling,4,long,rejected,rejected_unsupported,2100,False,875,False,-0.0002450329066496,-1.4072086717167664e-05,state_ext=neutral,-1.4072086717167664e-05,0.0105164870947844,0,0,0.0,0,1,0,8,2.0,rejected,rejected,rejected,rejected,rejected,rejected,rejected,rejected,123,34,False,False,FUT/ZN|1h|state_session=morning + state_ext=neutral|rolling,False,research_only,False,-0.00015497733460710864,-1.353160848920228e-06,unsupported
FUT/GC,1h,state_ext=neutral + state_vol=low_vol,bear,FUT/GC,ok,1323,175,-0.00015762311818957232,0.49142857142857144,-0.15451532880768445,0.8772034257206016,False,-0.0004078464348220243,0.00025022331663245197,state_vol=low_vol,-0.00015762311818957232,0.0,66,rolling,4,short,rejected,rejected_unsupported,537,False,228,False,0.0015432709890071,0.0015039239403094,state_vol=low_vol,0.0,0.0837189117793686,1,10,0.25,0,8,0,1,0.75,rejected,rejected,rejected,rejected,rejected,rejected,rejected,rejected,123,117,False,False,FUT/GC|1h|state_ext=neutral + state_vol=low_vol|rolling,False,research_only,False,-9.499633134867305e-05,-6.262678684089927e-05,unsupported
FUT/GC,1h,state_ext=stretched_down + state_vol=high_vol,bear,FUT/GC,ok,1323,97,-0.00017933348367702134,0.422680412371134,-0.06101509461485832,0.9513471876891151,False,-0.0004078464348220243,0.00022851295114500298,state_ext=stretched_down,1.0590461146123306e-06,-0.00018039252979163366,95,rolling,4,short,rejected,rejected_unsupported,172,False,46,False,-0.0024199331986745,-0.0024592802473722,state_vol=high_vol,-0.0013460547033613,0.0934594417298928,0,0,0.0,0,1,1,3,0.0,rejected,rejected,rejected,rejected,rejected,rejected,rejected,rejected,123,120,False,False,FUT/GC|1h|state_ext=stretched_down + state_vol=high_vol|rolling,False,research_only,False,0.00021132487398499905,-0.0003906583576620204,unsupported
FUT/ZN,1h,state_session=afternoon + state_ext=neutral,bear,FUT/ZN,ok,1573,588,-0.00018415510531846166,0.39285714285714285,-2.89331572181564,0.0038119790467048276,False,-0.0002231442989410266,3.898919362256494e-05,state_session=afternoon,-0.00018415510531846166,0.0,56,rolling,4,short,rejected,rejected_unsupported,1483,False,672,False,-0.0002137767820921,-4.473760202461689e-05,state_ext=neutral,-4.473760202461689e-05,0.0034485448680277,0,0,0.0,0,0,0,7,1.75,rejected,rejected,rejected,rejected,rejected,rejected,rejected,rejected,123,7,False,False,FUT/ZN|1h|state_session=afternoon + state_ext=neutral|rolling,False,research_only,False,-0.00014523849959263146,-3.89166057258302e-05,unsupported
FUT/ZN,1h,state_ext=neutral + state_vol=high_vol,bear,FUT/ZN,ok,1573,658,-0.00018784935171281298,0.44072948328267475,-1.7734470198446828,0.07615466351268463,False,-0.0002231442989410266,3.529494722821362e-05,state_vol=high_vol,-0.00018784935171281298,0.0,53,rolling,4,short,rejected,rejected_unsupported,1222,False,790,False,-0.0002932338793747,-0.0001241946993072,state_ext=neutral,-0.0001241946993072,0.0013325324155049,0,0,0.0,0,0,0,8,2.0,rejected,rejected,rejected,rejected,rejected,rejected,rejected,rejected,123,25,False,False,FUT/ZN|1h|state_ext=neutral + state_vol=high_vol|rolling,False,research_only,False,-0.00017338706848680696,-1.4462283226006014e-05,unsupported
FUT/ZN,1h,state_session=afternoon + state_slope=uptrend,bear,FUT/ZN,ok,1573,56,-0.00020317156394452228,0.35714285714285715,-0.972621806949795,0.3307413003949975,False,-0.0002231442989410266,1.9972734996504324e-05,state_session=afternoon,-0.00018415510531846166,-1.9016458626060613e-05,57,rolling,4,short,rejected,rejected_unsupported,514,False,254,False,-0.0002579358405719,-8.889666050449359e-05,state_slope=uptrend,-0.0001061490220093,0.0087814471101315,0,0,0.0,0,0,0,7,1.75,rejected,rejected,rejected,rejected,rejected,rejected,rejected,rejected,123,59,False,False,FUT/ZN|1h|state_session=afternoon + state_slope=uptrend|rolling,False,research_only,False,-0.00015021137843473272,-5.296018550978956e-05,unsupported
FUT/ZN,1h,state_ext=neutral + state_slope=flat,bear,FUT/ZN,ok,1573,505,-0.00020462021779279452,0.4,-1.8967841389398699,0.05785643352655434,False,-0.0002231442989410266,1.8524081148232083e-05,state_slope=flat,-0.00020462021779279452,0.0,62,rolling,4,short,rejected,rejected_unsupported,1277,False,515,False,-8.289767856912091e-05,8.614150149838351e-05,state_slope=flat,0.0,0.5066129199010212,0,0,0.0,0,8,0,5,1.25,rejected,rejected,rejected,rejected,rejected,rejected,rejected,rejected,123,23,False,False,FUT/ZN|1h|state_ext=neutral + state_slope=flat|rolling,False,research_only,False,-0.0001575109136884746,-4.710930410431992e-05,unsupported
FUT/ZN,1h,state_ext=neutral + state_slope=downtrend,bear,FUT/ZN,ok,1573,946,-0.00021083692407981478,0.41966173361522197,-2.659522209257889,0.007825157070610711,False,-0.0001768557010589735,-3.398122302084128e-05,state_ext=neutral,-0.0001768557010589735,-3.398122302084128e-05,68,rolling,4,long,rejected,rejected_unsupported,1299,False,605,False,-0.0001412368841688,8.972393576361684e-05,state_slope=downtrend,0.0,0.1563730407741657,0,0,0.0,0,8,0,3,0.75,rejected,rejected,rejected,rejected,rejected,rejected,rejected,rejected,123,9,False,False,FUT/ZN|1h|state_ext=neutral + state_slope=downtrend|rolling,False,research_only,False,-0.00018149330533454705,-2.934361874526773e-05,unsupported
FUT/ZN,1h,state_ext=neutral + state_vol=mid_vol,bear,FUT/ZN,ok,1573,502,-0.0002346704167011951,0.4123505976095618,-2.4531912670446125,0.014159502772952637,False,-0.0002231442989410266,-1.152611776016849e-05,state_ext=neutral,-0.0002231442989410266,-1.152611776016849e-05,63,rolling,4,short,rejected,rejected_unsupported,1133,False,578,False,-8.790095378849782e-05,8.113822627900661e-05,state_vol=mid_vol,0.0,0.3494520013028563,0,0,0.0,0,8,0,5,1.25,rejected,rejected,rejected,rejected,rejected,rejected,rejected,rejected,123,12,False,False,FUT/ZN|1h|state_ext=neutral + state_vol=mid_vol|rolling,False,research_only,False,-0.00017550221971913271,-5.9168196982062375e-05,unsupported
FUT/ZN,1h,state_session=lunch + state_ext=neutral,bear,FUT/ZN,ok,1573,139,-0.00026315380908474605,0.31654676258992803,-2.0388216884065686,0.04146782691191575,False,-0.0002231442989410266,-4.000951014371945e-05,state_ext=neutral,-0.0002231442989410266,-4.000951014371945e-05,65,rolling,4,short,rejected,rejected_unsupported,352,False,148,False,-4.9102743020066025e-05,0.0001199364370474,state_session=lunch,0.0,0.77145997368341,0,0,0.0,0,8,0,4,1.0,rejected,rejected,rejected,rejected,rejected,rejected,rejected,rejected,123,20,False,False,FUT/ZN|1h|state_session=lunch + state_ext=neutral|rolling,False,research_only,False,-4.046815718142551e-05,-0.00022268565190332055,unsupported
FUT/GC,1h,state_session=morning + state_slope=downtrend,bear,FUT/GC,ok,1323,459,-0.0002765880321932233,0.4684095860566449,-0.3433187682664734,0.7313586628839219,False,-0.0004078464348220243,0.000131258402628801,state_slope=downtrend,-4.341690431747851e-05,-0.0002331711278757448,79,rolling,4,short,rejected,rejected_unsupported,686,False,414,False,8.526800796735003e-05,4.592095926969511e-05,state_slope=downtrend,-0.0001579108703023,0.9090812071086152,0,0,0.0,0,7,0,1,0.25,rejected,rejected,rejected,rejected,rejected,rejected,rejected,rejected,123,103,False,False,FUT/GC|1h|state_session=morning + state_slope=downtrend|rolling,False,research_only,False,0.0008062896352346732,-0.0010828776674278965,unsupported
FUT/ZN,1h,state_session=afternoon + state_slope=flat,bear,FUT/ZN,ok,1573,153,-0.0003205904554133852,0.3202614379084967,-2.7467305562661,0.006019256257822514,False,-0.0002231442989410266,-9.744615647235862e-05,state_session=afternoon,-0.00018415510531846166,-0.00013643535009492356,78,rolling,4,short,rejected,rejected_unsupported,399,False,158,False,-0.0002370689771941,-6.802979712660615e-05,state_slope=flat,-0.0001541712986249,0.0632795471549982,0,0,0.0,0,1,0,5,0.25,rejected,rejected,rejected,rejected,rejected,rejected,rejected,rejected,123,8,False,False,FUT/ZN|1h|state_session=afternoon + state_slope=flat|rolling,False,research_only,False,-0.000157209957892525,-0.00016338049752086023,unsupported
FUT/CL,1h,state_session=morning + state_slope=downtrend,bear,FUT/CL,ok,1552,404,-0.0003915400842029617,0.4777227722772277,-0.2895333575362973,0.7721732568291046,False,0.00016458190355977395,-0.0005561219877627357,state_session=morning,0.0004280477540115028,-0.0008195878382144645,34,rolling,4,short,rejected,rejected_unsupported,544,False,383,False,0.0015210743663531,0.0014281728692353,state_session=morning,0.0010000911424899,0.3660893942464298,0,0,0.0,0,8,7,0,4.75,rejected,rejected,rejected,rejected,rejected,rejected,rejected,rejected,123,107,False,False,FUT/CL|1h|state_session=morning + state_slope=downtrend|rolling,False,research_only,False,0.0002599215146886097,-0.0006514615988915714,unsupported
FUT/ES,1h,state_session=lunch + state_ext=neutral,bear,FUT/ES,ok,988,87,-0.00043925847524712837,0.5287356321839081,-0.5479574068862173,0.5837211493639765,False,0.0003405925221057221,-0.0007798509973528505,state_ext=neutral,0.00027445790888744526,-0.0007137163841345736,118,rolling,4,long,rejected,rejected_unsupported,346,False,149,False,4.007328494656932e-05,-0.0001898067848747,state_ext=neutral,-0.000152688599647,0.9443152588200744,0,0,0.0,0,0,0,0,-1.0,rejected,rejected,rejected,rejected,rejected,rejected,rejected,rejected,123,86,False,False,FUT/ES|1h|state_session=lunch + state_ext=neutral|rolling,False,research_only,False,3.289335597897542e-05,-0.00047215183122610376,unsupported
FUT/GC,1h,state_session=lunch + state_ext=neutral,bear,FUT/GC,ok,1323,91,-0.0004596167022607362,0.4065934065934066,-0.47600516627499784,0.6340706973193972,False,7.846434822024697e-06,-0.0004674631370827609,state_ext=neutral,0.00013786457794275208,-0.0005974812802034883,113,rolling,4,long,rejected,rejected_unsupported,318,False,134,False,-0.0014145023562012,-0.0009751553075036,state_ext=neutral,-0.0009356702449569,0.1137703510909262,0,0,0.0,0,0,0,1,-0.75,rejected,rejected,rejected,rejected,rejected,rejected,rejected,rejected,123,95,False,False,FUT/GC|1h|state_session=lunch + state_ext=neutral|rolling,False,research_only,False,0.00021619561396919019,-0.0006758123162299264,unsupported
FUT/ZN,1h,state_session=lunch + state_slope=uptrend,bear,FUT/ZN,ok,1573,12,-0.0004856162128126819,0.3333333333333333,-2.212629892026864,0.026923172437974596,False,-0.0002231442989410266,-0.0002624719138716553,state_session=lunch,-0.00026315380908474605,-0.00022246240372793583,13,rolling,4,short,rejected,rejected_unsupported,111,False,53,False,-3.915500027097445e-05,0.0001298841797965,state_session=lunch,9.947742749091572e-06,0.8308192203428482,0,0,0.0,0,6,6,4,5.5,rejected,rejected,rejected,rejected,rejected,rejected,rejected,rejected,123,14,False,False,FUT/ZN|1h|state_session=lunch + state_slope=uptrend|rolling,False,research_only,False,-3.262053484232178e-05,-0.0004529956779703601,unsupported
FUT/CL,1h,state_session=lunch + state_ext=neutral,bear,FUT/CL,ok,1552,103,-0.00048641995822230503,0.5436893203883495,-0.4191054937550478,0.6751390358580753,False,-0.0005645819035597736,7.816194533746861e-05,state_session=lunch,0.00038998867945264684,-0.0008764086376749519,128,rolling,4,long,rejected,rejected_unsupported,278,False,74,False,-0.0010971368537189,-0.0006042353566011,state_session=lunch,-0.0044357372239806,0.8104895667794698,0,0,0.0,0,2,0,0,-1.0,rejected,rejected,rejected,rejected,rejected,rejected,rejected,rejected,123,97,False,False,FUT/CL|1h|state_session=lunch + state_ext=neutral|rolling,False,research_only,False,0.0006373287701376519,-0.001123748728359957,unsupported
FUT/NQ,1h,state_ext=neutral + state_vol=low_vol,bear,FUT/NQ,ok,1113,9,-0.0005625284938029779,0.4444444444444444,-0.4801424788347945,0.6311260847762692,False,0.0007070686168169594,-0.0012695971106199372,state_ext=neutral,0.0005922537300780066,-0.0011547822238809845,121,rolling,4,long,rejected,rejected_unsupported,771,False,224,False,0.000143290479004,-0.000316915833726,state_ext=neutral,-0.0002382075073918,0.8100158342036221,0,0,0.0,0,1,0,0,-1.0,rejected,rejected,rejected,rejected,rejected,rejected,rejected,rejected,123,94,False,False,FUT/NQ|1h|state_ext=neutral + state_vol=low_vol|rolling,False,research_only,False,-0.00012589236737171005,-0.0004366361264312678,unsupported
FUT/CL,1h,state_ext=neutral + state_vol=mid_vol,bear,FUT/CL,ok,1552,324,-0.0005749768507110313,0.45987654320987653,-0.7387463283180773,0.46006104820430016,False,0.00016458190355977395,-0.0007395587542708053,state_ext=neutral,0.0006814778090396454,-0.0012564546597506766,36,rolling,4,short,rejected,rejected_unsupported,1094,False,266,False,0.0012571141698624,0.0011642126727447,state_ext=neutral,0.0002365277387964,0.3181359622094919,0,0,0.0,0,8,7,0,4.75,rejected,rejected,rejected,rejected,rejected,rejected,rejected,rejected,123,72,False,False,FUT/CL|1h|state_ext=neutral + state_vol=mid_vol|rolling,False,research_only,False,0.00016053354710372601,-0.0007355103978147572,unsupported
FUT/GC,1h,state_session=afternoon + state_slope=flat,bear,FUT/GC,ok,1323,106,-0.0006123075233922641,0.4528301886792453,-0.6617955791365586,0.50810223975716,False,7.846434822024697e-06,-0.0006201539582142888,state_slope=flat,0.00014721841392800733,-0.0007595259373202714,125,rolling,4,long,rejected,rejected_unsupported,369,False,163,False,-0.0007002323058151,-0.0002608852571175,state_slope=flat,-0.0005319128439907,0.366085307629671,0,0,0.0,0,1,0,0,-1.0,rejected,rejected,rejected,rejected,rejected,rejected,rejected,rejected,123,78,False,False,FUT/GC|1h|state_session=afternoon + state_slope=flat|rolling,False,research_only,False,0.00010458395141326211,-0.0007168914748055262,unsupported
FUT/NQ,1h,state_session=morning + state_slope=flat,bear,FUT/NQ,ok,1113,112,-0.0006292594392401573,0.4732142857142857,-0.5578490501780647,0.5769474652885902,False,-0.0011070686168169592,0.00047780917757680183,state_slope=flat,-0.0010394377481160828,0.00041017830887592546,71,rolling,4,short,rejected,rejected_unsupported,651,False,231,False,-0.0010702988867595,-0.0002100925740294,state_session=morning,-0.0002073485095272,0.0671182209000449,0,0,0.0,0,1,1,5,0.5,rejected,rejected,rejected,rejected,rejected,rejected,rejected,rejected,123,83,False,False,FUT/NQ|1h|state_session=morning + state_slope=flat|rolling,False,research_only,False,-0.00014241265400584903,-0.00048684678523430833,unsupported
FUT/CL,1h,state_session=lunch + state_slope=flat,bear,FUT/CL,ok,1552,38,-0.0007496338825433068,0.5789473684210527,-0.5008506615721546,0.6164762279990545,False,-0.0005645819035597736,-0.00018505197898353312,state_session=lunch,0.00038998867945264684,-0.0011396225619959535,32,rolling,4,long,rejected,rejected_unsupported,73,False,22,False,0.0103003918374443,0.0107932933345621,state_session=lunch,0.0069617914671826,0.1104846133103449,0,0,0.0,0,8,7,0,4.75,rejected,rejected,rejected,rejected,rejected,rejected,rejected,rejected,123,92,False,False,FUT/CL|1h|state_session=lunch + state_slope=flat|rolling,False,research_only,False,0.0023721538174988318,-0.0031217877000421384,unsupported
FUT/NQ,1h,state_session=lunch + state_slope=downtrend,bear,FUT/NQ,ok,1113,64,-0.0008279386844396504,0.421875,-0.7846048806069694,0.4326852676123587,False,0.0007070686168169594,-0.0015350073012566098,state_slope=downtrend,0.0005610214797968086,-0.001388960164236459,126,rolling,4,long,rejected,rejected_unsupported,136,False,50,False,-0.0002067397738169,-0.000666946086547,state_session=lunch,-0.0010565172267593,0.9054896298335452,0,0,0.0,0,0,0,0,-1.0,rejected,rejected,rejected,rejected,rejected,rejected,rejected,rejected,123,70,False,False,FUT/NQ|1h|state_session=lunch + state_slope=downtrend|rolling,False,research_only,False,-0.00019758620229538018,-0.0006303524821442703,unsupported
FUT/CL,1h,state_session=afternoon + state_ext=neutral,bear,FUT/CL,ok,1552,503,-0.0010202903879414297,0.48906560636182905,-1.4721420508582148,0.14098252210219164,False,-0.0005645819035597736,-0.0004557084843816561,state_session=afternoon,-0.0004359169264344711,-0.0005843734615069586,44,rolling,4,long,rejected,rejected_unsupported,1281,False,407,False,-0.0006831337908987,-0.0001902322937809,state_session=afternoon,9.450582618290512e-05,0.5516255255636762,0,0,0.0,0,0,6,0,3.5,rejected,rejected,rejected,rejected,rejected,rejected,rejected,rejected,123,35,False,False,FUT/CL|1h|state_session=afternoon + state_ext=neutral|rolling,False,research_only,False,-0.0001299242112630896,-0.0008903661766783401,unsupported
FUT/CL,1h,state_session=morning + state_slope=uptrend,bear,FUT/CL,ok,1552,111,-0.001043569019066086,0.4774774774774775,-0.5536270191212959,0.5798341308694814,False,-0.0005645819035597736,-0.00047898711550631236,state_session=morning,-0.0008280477540115028,-0.0002155212650545832,33,rolling,4,long,rejected,rejected_unsupported,665,False,326,False,0.0010230961129034,0.0015159976100212,state_slope=uptrend,0.0012836269261168,0.5902467264524978,0,0,0.0,0,7,7,0,4.75,rejected,rejected,rejected,rejected,rejected,rejected,rejected,rejected,123,85,False,False,FUT/CL|1h|state_session=morning + state_slope=uptrend|rolling,False,research_only,False,9.19242532603242e-05,-0.0011354932723264101,unsupported
FUT/GC,1h,state_session=morning + state_ext=stretched_down,bear,FUT/GC,ok,1323,59,-0.0012953763508428884,0.4745762711864407,-0.37305985422051824,0.70910389695462,False,-0.0004078464348220243,-0.000887529916020864,state_ext=stretched_down,1.0590461146123306e-06,-0.0012964353969575008,111,rolling,4,short,rejected,rejected_unsupported,89,False,32,False,-0.0008305194479904,-0.0008698664966881,state_session=morning,-0.0005807351295197,0.5813236166895297,0,0,0.0,0,1,1,0,-0.75,rejected,rejected,rejected,rejected,rejected,rejected,rejected,rejected,123,102,False,False,FUT/GC|1h|state_session=morning + state_ext=stretched_down|rolling,False,research_only,False,0.0033692022816288283,-0.0046645786324717164,unsupported
FUT/GC,1h,state_ext=stretched_down + state_vol=mid_vol,bear,FUT/GC,ok,1323,19,-0.0013220103824192666,0.42105263157894735,-0.7903459864231065,0.42932573725664014,False,7.846434822024697e-06,-0.0013298568172412913,state_vol=mid_vol,-0.0001353608719442578,-0.0011866495104750087,73,rolling,4,long,rejected,rejected_unsupported,3,False,25,False,0.0012310734131253,0.0016704204618229,state_ext=stretched_down,-0.0005110922554262,0.5106606773331308,0,0,0.0,0,8,2,0,0.5,rejected,rejected,rejected,rejected,rejected,rejected,rejected,rejected,123,69,False,False,FUT/GC|1h|state_ext=stretched_down + state_vol=mid_vol|rolling,False,research_only,False,0.00039457834687377225,-0.001716588729293039,unsupported
FUT/GC,1h,state_session=lunch + state_slope=downtrend,bear,FUT/GC,ok,1323,73,-0.0013761785776651187,0.4794520547945205,-1.1352374735490176,0.2562758323088774,False,7.846434822024697e-06,-0.0013840250124871434,state_session=lunch,-0.00013843293166562013,-0.0012377456459994986,117,rolling,4,long,rejected,rejected_unsupported,95,False,63,False,-0.0007800369915806,-0.000340689942883,state_slope=downtrend,-0.0001368581133109,0.4313671238543646,0,0,0.0,0,0,0,0,-1.0,rejected,rejected,rejected,rejected,rejected,rejected,rejected,rejected,123,49,False,False,FUT/GC|1h|state_session=lunch + state_slope=downtrend|rolling,False,research_only,False,7.033653860343502e-05,-0.0014465151162685536,unsupported
FUT/CL,1h,state_session=afternoon + state_ext=stretched_up,bear,FUT/CL,ok,1552,4,-0.001730449556353342,0.25,-0.49588863386671844,0.619972985784478,False,-0.0005645819035597736,-0.0011658676527935685,state_session=afternoon,-0.0004359169264344711,-0.0012945326299188711,115,rolling,4,long,rejected,rejected_unsupported,133,False,155,False,-0.0009082793915811,-0.0004153778944633,state_ext=stretched_up,-0.0016559632538338,0.580922264414196,0,0,0.0,0,1,1,0,-0.75,rejected,rejected,rejected,rejected,rejected,rejected,rejected,rejected,123,93,False,False,FUT/CL|1h|state_session=afternoon + state_ext=stretched_up|rolling,False,research_only,False,0.0029993590666676532,-0.004729808623020995,unsupported
FUT/CL,1h,state_session=lunch + state_slope=uptrend,bear,FUT/CL,ok,1552,20,-0.0021761900968252416,0.6,-0.6338785271005979,0.5261601000875198,False,-0.0005645819035597736,-0.001611608193265468,state_session=lunch,0.00038998867945264684,-0.0025661787762778884,75,rolling,4,long,rejected,rejected_unsupported,147,False,51,False,-0.0003439681314393,0.0001489333656784,state_session=lunch,-0.003682568501701,0.9477967848483267,0,0,0.0,0,8,2,0,0.5,rejected,rejected,rejected,rejected,rejected,rejected,rejected,rejected,123,81,False,False,FUT/CL|1h|state_session=lunch + state_slope=uptrend|rolling,False,research_only,False,0.0028271206663479788,-0.00500331076317322,unsupported
FUT/GC,1h,state_session=morning + state_slope=uptrend,bear,FUT/GC,ok,1323,60,-0.0022392599205648786,0.45,-1.0416695652757433,0.2975649040232051,False,-0.0004078464348220243,-0.0018314134857428544,state_session=morning,-0.0005961235340402728,-0.0016431363865246058,106,rolling,4,short,rejected,rejected_unsupported,756,False,209,False,-0.0004715360024697,-0.0005108830511674,state_slope=uptrend,-0.0004389161624018,0.5739753710599842,0,0,0.0,0,1,1,1,-0.5,rejected,rejected,rejected,rejected,rejected,rejected,rejected,rejected,123,55,False,False,FUT/GC|1h|state_session=morning + state_slope=uptrend|rolling,False,research_only,False,-0.00021091227268454224,-0.0020283476478803364,unsupported
FUT/CL,1h,state_ext=stretched_up + state_vol=mid_vol,bear,FUT/CL,ok,1552,2,-0.002559430453449106,0.5,-0.2613176543750595,0.7938475532164393,False,-0.0005645819035597736,-0.0019948485498893324,state_vol=mid_vol,0.00030363778877189545,-0.0028630682422210014,19,rolling,4,long,rejected,rejected_unsupported,39,False,52,False,0.0037352585836444,0.0042281600807622,state_ext=stretched_up,0.0029875747213917,0.1742380300706638,0,0,0.0,0,8,8,0,5.0,rejected,rejected,rejected,rejected,rejected,rejected,rejected,rejected,123,109,False,False,FUT/CL|1h|state_ext=stretched_up + state_vol=mid_vol|rolling,False,research_only,False,0.0030880312843233303,-0.005647461737772436,unsupported
FUT/CL,1h,state_ext=stretched_up + state_slope=downtrend,bear,FUT/CL,ok,1552,8,-0.002917427640899161,0.5,-1.319784054316282,0.18690712693039457,False,0.00016458190355977395,-0.003082009544458935,state_ext=stretched_up,0.004042932933057748,-0.006960360573956909,47,rolling,4,short,rejected,sample_starved_unsupported,7,False,11,False,0.0018040095741588,0.001711108077041,state_slope=downtrend,0.0017759342881734,0.6723227379152952,0,0,0.0,0,8,8,0,3.0,rejected,rejected,rejected,rejected,rejected,rejected,rejected,rejected,123,39,False,False,FUT/CL|1h|state_ext=stretched_up + state_slope=downtrend|rolling,False,research_only,False,0.006416784539811121,-0.009334212180710282,unsupported
FUT/CL,1h,state_session=afternoon + state_slope=uptrend,bear,FUT/CL,ok,1552,62,-0.0030029778379559078,0.43548387096774194,-1.2067134879162469,0.22754250286999578,False,-0.0005645819035597736,-0.002438395934396134,state_session=afternoon,-0.0004359169264344711,-0.002567060911521437,102,rolling,4,long,rejected,rejected_unsupported,592,False,286,False,-0.0017088072981243,-0.0012159058010065,state_slope=uptrend,-0.001448276484911,0.1286577617386444,0,0,0.0,0,1,1,2,-0.25,rejected,rejected,rejected,rejected,rejected,rejected,rejected,rejected,123,47,False,False,FUT/CL|1h|state_session=afternoon + state_slope=uptrend|rolling,False,research_only,False,0.0005691420186001047,-0.0035721198565560122,unsupported
FUT/CL,1h,state_session=morning + state_ext=stretched_up,bear,FUT/CL,ok,1552,17,-0.0031504511432422742,0.35294117647058826,-0.7221146813281132,0.47022397260479654,False,-0.0005645819035597736,-0.0025858692396825006,state_session=morning,-0.0008280477540115028,-0.0023224033892307715,42,rolling,4,long,rejected,rejected_unsupported,159,False,159,False,0.0008958254772952,0.001388726974413,state_ext=stretched_up,0.0001481416150426,0.7016656217609225,0,0,0.0,0,6,6,0,4.5,rejected,rejected,rejected,rejected,rejected,rejected,rejected,rejected,123,75,False,False,FUT/CL|1h|state_session=morning + state_ext=stretched_up|rolling,False,research_only,False,0.0004284045677809885,-0.0035788557110232625,unsupported
FUT/CL,1h,state_ext=stretched_up + state_vol=high_vol,bear,FUT/CL,ok,1552,23,-0.004606715757371544,0.30434782608695654,-1.0972796558407376,0.2725191613745326,False,-0.0005645819035597736,-0.00404213385381177,state_vol=high_vol,-0.0007248214613760327,-0.0038818942959955114,94,rolling,4,long,rejected,rejected_unsupported,285,False,292,False,0.0002156500077582,0.000708551504876,state_ext=stretched_up,-0.0005320338544944,0.8985409991657833,0,0,0.0,0,7,0,0,0.0,rejected,rejected,rejected,rejected,rejected,rejected,rejected,rejected,123,52,False,False,FUT/CL|1h|state_ext=stretched_up + state_vol=high_vol|rolling,False,research_only,False,0.0023541346306506245,-0.006960850388022168,unsupported
FUT/NQ,1h,state_session=morning + state_ext=stretched_up,bear,FUT/NQ,ok,1113,1,-0.007739635738715855,0.0,,,False,0.0007070686168169594,-0.008446704355532814,state_session=morning,0.0010447746289485812,-0.008784410367664437,74,rolling,4,long,rejected,rejected_unsupported,7,False,18,False,0.0015373554543743,0.0010771491416442,state_ext=stretched_up,-0.0012475706868549,0.3796359151081758,0,0,0.0,0,8,1,1,0.5,rejected,rejected,rejected,rejected,rejected,rejected,rejected,rejected,123,,False,False,FUT/NQ|1h|state_session=morning + state_ext=stretched_up|rolling,False,research_only,False,0.0002753797449129718,-0.008015015483628827,unsupported
FUT/NQ,1h,state_ext=stretched_up + state_vol=high_vol,bear,FUT/NQ,ok,1113,1,-0.007739635738715855,0.0,,,False,0.0007070686168169594,-0.008446704355532814,state_vol=high_vol,0.001060168304261033,-0.008799804042976887,45,rolling,4,long,rejected,parent_underperformed,29,False,49,True,0.0027849261412292,0.0023247198284991,state_ext=stretched_up,0.0,0.0099730240301123,1,1,0.25,0,8,0,7,3.25,rejected,rejected,rejected,rejected,rejected,rejected,rejected,rejected,123,,False,False,FUT/NQ|1h|state_ext=stretched_up + state_vol=high_vol|rolling,False,research_only,False,0.0017969781115399627,-0.009536613850255818,unsupported
FUT/NQ,1h,state_ext=stretched_up + state_slope=uptrend,bear,FUT/NQ,ok,1113,1,-0.007739635738715855,0.0,,,False,0.0007070686168169594,-0.008446704355532814,state_slope=uptrend,0.0016489996974147717,-0.009388635436130627,43,rolling,4,long,rejected,parent_underperformed,28,False,49,True,0.0027849261412292,0.0023247198284991,state_ext=stretched_up,0.0,0.0099730240301123,1,1,0.25,0,8,1,7,3.5,rejected,rejected,rejected,rejected,rejected,rejected,rejected,rejected,123,,False,False,FUT/NQ|1h|state_ext=stretched_up + state_slope=uptrend|rolling,False,research_only,False,0.0019009811976291088,-0.009640616936344965,unsupported
FUT/CL,1h,state_ext=stretched_up + state_slope=uptrend,bear,FUT/CL,ok,1552,15,-0.008406258903115919,0.2,-1.4133334825704278,0.15755769355368754,False,-0.0005645819035597736,-0.007841676999556145,state_slope=uptrend,-0.0017903864715342313,-0.006615872431581687,77,rolling,4,long,rejected,rejected_unsupported,309,False,310,False,0.0006531791540697,0.0011460806511875,state_ext=stretched_up,-9.45047081829534e-05,0.6916654500995443,0,0,0.0,0,8,1,0,0.25,rejected,rejected,rejected,rejected,rejected,rejected,rejected,rejected,123,36,False,False,FUT/CL|1h|state_ext=stretched_up + state_slope=uptrend|rolling,False,research_only,False,0.0028944491292026836,-0.011300708032318602,unsupported
FUT/CL,1h,state_session=lunch + state_ext=stretched_up,bear,FUT/CL,ok,1552,4,-0.012648463916477915,0.25,-1.2642749492926804,0.2061313576803978,False,-0.0005645819035597736,-0.012083882012918141,state_session=lunch,0.00038998867945264684,-0.01303845259593056,2,rolling,4,long,rejected,late_emerging_recent_only,41,False,30,True,0.008518343447335,0.0090112449444528,state_session=lunch,0.0051797430770733,0.0186704521002947,1,1,0.25,0,8,8,7,8.25,rejected,rejected,rejected,rejected,rejected,rejected,rejected,rejected,123,44,False,False,FUT/CL|1h|state_session=lunch + state_ext=stretched_up|rolling,False,research_only,False,0.008752456016851509,-0.021400919933329425,unsupported
FUT/NQ,1h,state_session=afternoon + state_ext=stretched_up,bear,FUT/NQ,ok,1113,0,,,,,False,0.0007070686168169594,,state_session=afternoon,0.00038857912522232953,,3,rolling,4,long,rejected,late_emerging_valid_supported,14,False,27,True,0.0029532646752607,0.0024930583625307,state_ext=stretched_up,0.0001683385340315,0.0167719624894082,1,10,0.25,0,8,7,6,7.75,rejected,rejected,rejected,rejected,rejected,rejected,rejected,rejected,123,,False,False,FUT/NQ|1h|state_session=afternoon + state_ext=stretched_up|rolling,False,research_only,False,0.0018451664363510736,,unsupported
FUT/GC,1h,state_session=lunch + state_ext=stretched_up,bear,FUT/GC,ok,1323,0,,,,,False,7.846434822024697e-06,,state_session=lunch,-0.00013843293166562013,,46,rolling,4,long,rejected,sample_starved_unsupported,9,False,7,False,0.0014040431133025,0.0018433901620001,state_session=lunch,0.0025168640091085,0.3321567724412932,0,0,0.0,0,8,8,0,3.0,rejected,rejected,rejected,rejected,rejected,rejected,rejected,rejected,123,,False,False,FUT/GC|1h|state_session=lunch + state_ext=stretched_up|rolling,False,research_only,False,0.00382605200320829,,unsupported
FUT/ES,1h,state_ext=stretched_up + state_slope=uptrend,bear,FUT/ES,ok,988,0,,,,,False,0.0003405925221057221,,state_slope=uptrend,0.0006207064936764432,,70,rolling,4,long,rejected,sample_starved_unsupported,4,False,13,False,0.0015754923484768,0.0013456122786556,state_ext=stretched_up,0.0,0.0148994074199673,0,0,0.0,0,7,1,5,0.5,rejected,rejected,rejected,rejected,rejected,rejected,rejected,rejected,123,,False,False,FUT/ES|1h|state_ext=stretched_up + state_slope=uptrend|rolling,False,research_only,False,0.00032337555376716183,,unsupported
FUT/ES,1h,state_ext=stretched_up + state_vol=high_vol,bear,FUT/ES,ok,988,0,,,,,False,0.0003405925221057221,,state_vol=high_vol,0.0003787297452173535,,76,rolling,4,long,rejected,sample_starved_unsupported,5,False,13,False,0.0015754923484768,0.0013456122786556,state_ext=stretched_up,0.0,0.0148994074199673,0,0,0.0,0,6,0,5,0.25,rejected,rejected,rejected,rejected,rejected,rejected,rejected,rejected,123,,False,False,FUT/ES|1h|state_ext=stretched_up + state_vol=high_vol|rolling,False,research_only,False,2.2364830119941466e-05,,unsupported
FUT/GC,1h,state_ext=stretched_up + state_vol=mid_vol,bear,FUT/GC,ok,1323,0,,,,,False,-0.0004078464348220243,,state_ext=stretched_up,0.013149493291815771,,130,rolling,4,short,rejected,sample_starved_unsupported,13,False,11,False,0.001190722409938,0.0011513753612403,state_ext=stretched_up,-0.0002951867360419,0.5476711241338239,0,0,0.0,0,7,0,0,-2.0,rejected,rejected,rejected,rejected,rejected,rejected,rejected,rejected,123,,False,False,FUT/GC|1h|state_ext=stretched_up + state_vol=mid_vol|rolling,False,research_only,False,3.811122727875061e-05,,unsupported
