symbol,timeframe,slice_combination,side,bin_mode,candidate_key,status,strict_gate_pass,live_decay_flag,valid_n,valid_mean_ret_costadj,valid_p_value_nw,walk_forward_folds,walk_forward_pass_count,walk_forward_pass_pattern,scenario_survived_count,search_wide_bh_pass,search_wide_bonferroni_pass,valid_excess_vs_baseline,valid_excess_vs_best_parent,leverage_gate_pass,leverage_gate_reason,auto_promotion_block_reason,leverage_1x_multiple,leverage_1x_expected_return,leverage_1x_expected_pnl_at_position_cap,leverage_1x_theoretical_return_on_equity,leverage_1x_overnight_compatible,leverage_1x_requires_same_day_flatten,leverage_1x_margin_cushion_fraction,leverage_1x_risk_status,leverage_2x_multiple,leverage_2x_expected_return,leverage_2x_expected_pnl_at_position_cap,leverage_2x_theoretical_return_on_equity,leverage_2x_overnight_compatible,leverage_2x_requires_same_day_flatten,leverage_2x_margin_cushion_fraction,leverage_2x_risk_status,leverage_4x_multiple,leverage_4x_expected_return,leverage_4x_expected_pnl_at_position_cap,leverage_4x_theoretical_return_on_equity,leverage_4x_overnight_compatible,leverage_4x_requires_same_day_flatten,leverage_4x_margin_cushion_fraction,leverage_4x_risk_status,leverage_overnight_max_multiple,leverage_auto_promotion_gate
FUT/CL,1h,state_session=lunch + state_ext=stretched_up,long,rolling,FUT/CL|1h|state_session=lunch + state_ext=stretched_up|rolling,research_only,False,False,30,0.008518343447335,0.0186704521002947,4,1,0001,0,False,False,0.0090112449444528,0.0051797430770733,False,risk data unavailable: lifecycle has no per-candidate ATR/R input; auto-promotion remains disabled until that evidence source exists,strict_research_gate_failed,1.0,0.008518343447335,21.2958586183375,0.008518343447335,True,False,0.975,unknown_missing_atr_risk,2.0,0.008518343447335,21.2958586183375,0.01703668689467,True,False,0.9875,unknown_missing_atr_risk,4.0,0.008518343447335,21.2958586183375,0.03407337378934,False,True,0.99375,fail_overnight_constraint,2.0,False
FUT/CL,1h,state_session=lunch + state_ext=stretched_down,long,rolling,FUT/CL|1h|state_session=lunch + state_ext=stretched_down|rolling,research_only,False,False,44,0.0072670608762246,0.0561461140625278,4,0,0000,0,False,False,0.0077599623733424,0.0039284605059629,False,risk data unavailable: lifecycle has no per-candidate ATR/R input; auto-promotion remains disabled until that evidence source exists,strict_research_gate_failed,1.0,0.0072670608762246,18.1676521905615,0.0072670608762246,True,False,0.975,unknown_missing_atr_risk,2.0,0.0072670608762246,18.1676521905615,0.0145341217524492,True,False,0.9875,unknown_missing_atr_risk,4.0,0.0072670608762246,18.1676521905615,0.0290682435048984,False,True,0.99375,fail_overnight_constraint,2.0,False
FUT/CL,1h,state_ext=stretched_down + state_vol=mid_vol,long,rolling,FUT/CL|1h|state_ext=stretched_down + state_vol=mid_vol|rolling,research_only,False,False,40,0.0040627075262665,0.1645602107274197,4,0,0000,0,False,False,0.0045556090233842,0.0030233505581045,False,risk data unavailable: lifecycle has no per-candidate ATR/R input; auto-promotion remains disabled until that evidence source exists,strict_research_gate_failed,1.0,0.0040627075262665,10.156768815666249,0.0040627075262665,True,False,0.975,unknown_missing_atr_risk,2.0,0.0040627075262665,10.156768815666249,0.008125415052533,True,False,0.9875,unknown_missing_atr_risk,4.0,0.0040627075262665,10.156768815666249,0.016250830105066,False,True,0.99375,fail_overnight_constraint,2.0,False
FUT/CL,1h,state_ext=stretched_up + state_vol=mid_vol,long,rolling,FUT/CL|1h|state_ext=stretched_up + state_vol=mid_vol|rolling,research_only,False,False,52,0.0037352585836444,0.1742380300706638,4,0,0000,0,False,False,0.0042281600807622,0.0029875747213917,False,risk data unavailable: lifecycle has no per-candidate ATR/R input; auto-promotion remains disabled until that evidence source exists,strict_research_gate_failed,1.0,0.0037352585836444,9.338146459111,0.0037352585836444,True,False,0.975,unknown_missing_atr_risk,2.0,0.0037352585836444,9.338146459111,0.0074705171672888,True,False,0.9875,unknown_missing_atr_risk,4.0,0.0037352585836444,9.338146459111,0.0149410343345776,False,True,0.99375,fail_overnight_constraint,2.0,False
FUT/CL,1h,state_session=morning + state_slope=flat,short,rolling,FUT/CL|1h|state_session=morning + state_slope=flat|rolling,research_only,False,False,174,0.0019619887193359,0.3700350995227461,4,0,0000,0,False,False,0.0018690872222181,0.0012141661587014,False,risk data unavailable: lifecycle has no per-candidate ATR/R input; auto-promotion remains disabled until that evidence source exists,strict_research_gate_failed,1.0,0.0019619887193359,4.90497179833975,0.0019619887193359,True,False,0.975,unknown_missing_atr_risk,2.0,0.0019619887193359,4.90497179833975,0.0039239774386718,True,False,0.9875,unknown_missing_atr_risk,4.0,0.0019619887193359,4.90497179833975,0.0078479548773436,False,True,0.99375,fail_overnight_constraint,2.0,False
FUT/CL,1h,state_session=morning + state_ext=neutral,short,rolling,FUT/CL|1h|state_session=morning + state_ext=neutral|rolling,research_only,False,False,534,0.0016274749952453,0.2461404688130397,4,0,0000,0,False,False,0.0015345734981275,0.0006068885641793,False,risk data unavailable: lifecycle has no per-candidate ATR/R input; auto-promotion remains disabled until that evidence source exists,strict_research_gate_failed,1.0,0.0016274749952453,4.06868748811325,0.0016274749952453,True,False,0.975,unknown_missing_atr_risk,2.0,0.0016274749952453,4.06868748811325,0.0032549499904906,True,False,0.9875,unknown_missing_atr_risk,4.0,0.0016274749952453,4.06868748811325,0.0065098999809812,False,True,0.99375,fail_overnight_constraint,2.0,False
FUT/CL,1h,state_ext=neutral + state_slope=downtrend,short,rolling,FUT/CL|1h|state_ext=neutral + state_slope=downtrend|rolling,research_only,False,False,397,0.0013684020703821,0.415274801585733,4,0,0000,0,False,False,0.0012755005732643,0.0003478156393161,False,risk data unavailable: lifecycle has no per-candidate ATR/R input; auto-promotion remains disabled until that evidence source exists,strict_research_gate_failed,1.0,0.0013684020703821,3.42100517595525,0.0013684020703821,True,False,0.975,unknown_missing_atr_risk,2.0,0.0013684020703821,3.42100517595525,0.0027368041407642,True,False,0.9875,unknown_missing_atr_risk,4.0,0.0013684020703821,3.42100517595525,0.0054736082815284,False,True,0.99375,fail_overnight_constraint,2.0,False
FUT/CL,1h,state_session=lunch + state_slope=flat,long,rolling,FUT/CL|1h|state_session=lunch + state_slope=flat|rolling,research_only,False,False,22,0.0103003918374443,0.1104846133103449,4,0,0000,0,False,False,0.0107932933345621,0.0069617914671826,False,risk data unavailable: lifecycle has no per-candidate ATR/R input; auto-promotion remains disabled until that evidence source exists,strict_research_gate_failed,1.0,0.0103003918374443,25.75097959361075,0.0103003918374443,True,False,0.975,unknown_missing_atr_risk,2.0,0.0103003918374443,25.75097959361075,0.0206007836748886,True,False,0.9875,unknown_missing_atr_risk,4.0,0.0103003918374443,25.75097959361075,0.0412015673497772,False,True,0.99375,fail_overnight_constraint,2.0,False
FUT/CL,1h,state_session=morning + state_slope=uptrend,long,rolling,FUT/CL|1h|state_session=morning + state_slope=uptrend|rolling,research_only,False,False,326,0.0010230961129034,0.5902467264524978,4,0,0000,0,False,False,0.0015159976100212,0.0012836269261168,False,risk data unavailable: lifecycle has no per-candidate ATR/R input; auto-promotion remains disabled until that evidence source exists,strict_research_gate_failed,1.0,0.0010230961129034,2.5577402822585,0.0010230961129034,True,False,0.975,unknown_missing_atr_risk,2.0,0.0010230961129034,2.5577402822585,0.0020461922258068,True,False,0.9875,unknown_missing_atr_risk,4.0,0.0010230961129034,2.5577402822585,0.0040923844516136,False,True,0.99375,fail_overnight_constraint,2.0,False
FUT/CL,1h,state_session=morning + state_slope=downtrend,short,rolling,FUT/CL|1h|state_session=morning + state_slope=downtrend|rolling,research_only,False,False,383,0.0015210743663531,0.3660893942464298,4,0,0000,0,False,False,0.0014281728692353,0.0010000911424899,False,risk data unavailable: lifecycle has no per-candidate ATR/R input; auto-promotion remains disabled until that evidence source exists,strict_research_gate_failed,1.0,0.0015210743663531,3.80268591588275,0.0015210743663531,True,False,0.975,unknown_missing_atr_risk,2.0,0.0015210743663531,3.80268591588275,0.0030421487327062,True,False,0.9875,unknown_missing_atr_risk,4.0,0.0015210743663531,3.80268591588275,0.0060842974654124,False,True,0.99375,fail_overnight_constraint,2.0,False
FUT/CL,1h,state_ext=stretched_down + state_slope=downtrend,long,rolling,FUT/CL|1h|state_ext=stretched_down + state_slope=downtrend|rolling,research_only,False,False,317,0.0013121297946941,0.5066220641527439,4,0,0000,0,False,False,0.0018050312918119,0.0002727728265321,False,risk data unavailable: lifecycle has no per-candidate ATR/R input; auto-promotion remains disabled until that evidence source exists,strict_research_gate_failed,1.0,0.0013121297946941,3.28032448673525,0.0013121297946941,True,False,0.975,unknown_missing_atr_risk,2.0,0.0013121297946941,3.28032448673525,0.0026242595893882,True,False,0.9875,unknown_missing_atr_risk,4.0,0.0013121297946941,3.28032448673525,0.0052485191787764,False,True,0.99375,fail_overnight_constraint,2.0,False
FUT/CL,1h,state_ext=neutral + state_vol=mid_vol,short,rolling,FUT/CL|1h|state_ext=neutral + state_vol=mid_vol|rolling,research_only,False,False,266,0.0012571141698624,0.3181359622094919,4,0,0000,0,False,False,0.0011642126727447,0.0002365277387964,False,risk data unavailable: lifecycle has no per-candidate ATR/R input; auto-promotion remains disabled until that evidence source exists,strict_research_gate_failed,1.0,0.0012571141698624,3.1427854246559996,0.0012571141698624,True,False,0.975,unknown_missing_atr_risk,2.0,0.0012571141698624,3.1427854246559996,0.0025142283397248,True,False,0.9875,unknown_missing_atr_risk,4.0,0.0012571141698624,3.1427854246559996,0.0050284566794496,False,True,0.99375,fail_overnight_constraint,2.0,False
FUT/CL,1h,state_session=afternoon + state_slope=downtrend,long,rolling,FUT/CL|1h|state_session=afternoon + state_slope=downtrend|rolling,research_only,False,False,267,0.0005257314265747,0.7752041581842211,4,0,0000,0,False,False,0.0010186329236925,0.0009538067125601,False,risk data unavailable: lifecycle has no per-candidate ATR/R input; auto-promotion remains disabled until that evidence source exists,strict_research_gate_failed,1.0,0.0005257314265747,1.3143285664367501,0.0005257314265747,True,False,0.975,unknown_missing_atr_risk,2.0,0.0005257314265747,1.3143285664367501,0.0010514628531494,True,False,0.9875,unknown_missing_atr_risk,4.0,0.0005257314265747,1.3143285664367501,0.0021029257062988,False,True,0.99375,fail_overnight_constraint,2.0,False
FUT/CL,1h,state_session=lunch + state_slope=downtrend,long,rolling,FUT/CL|1h|state_session=lunch + state_slope=downtrend|rolling,research_only,False,False,75,0.0038006214543782,0.251486961781836,4,0,0000,0,False,False,0.004293522951496,0.0004620210841164,False,risk data unavailable: lifecycle has no per-candidate ATR/R input; auto-promotion remains disabled until that evidence source exists,strict_research_gate_failed,1.0,0.0038006214543782,9.5015536359455,0.0038006214543782,True,False,0.975,unknown_missing_atr_risk,2.0,0.0038006214543782,9.5015536359455,0.0076012429087564,True,False,0.9875,unknown_missing_atr_risk,4.0,0.0038006214543782,9.5015536359455,0.0152024858175128,False,True,0.99375,fail_overnight_constraint,2.0,False
FUT/CL,1h,state_session=afternoon + state_slope=flat,short,rolling,FUT/CL|1h|state_session=afternoon + state_slope=flat|rolling,research_only,False,False,111,0.0011135505349018,0.6867278796787701,4,0,0000,0,False,False,0.001020649037784,0.0003657279742673,False,risk data unavailable: lifecycle has no per-candidate ATR/R input; auto-promotion remains disabled until that evidence source exists,strict_research_gate_failed,1.0,0.0011135505349018,2.7838763372545,0.0011135505349018,True,False,0.975,unknown_missing_atr_risk,2.0,0.0011135505349018,2.7838763372545,0.0022271010698036,True,False,0.9875,unknown_missing_atr_risk,4.0,0.0011135505349018,2.7838763372545,0.0044542021396072,False,True,0.99375,fail_overnight_constraint,2.0,False
FUT/CL,1h,state_session=morning + state_ext=stretched_up,long,rolling,FUT/CL|1h|state_session=morning + state_ext=stretched_up|rolling,research_only,False,False,159,0.0008958254772952,0.7016656217609225,4,0,0000,0,False,False,0.001388726974413,0.0001481416150426,False,risk data unavailable: lifecycle has no per-candidate ATR/R input; auto-promotion remains disabled until that evidence source exists,strict_research_gate_failed,1.0,0.0008958254772952,2.2395636932380003,0.0008958254772952,True,False,0.975,unknown_missing_atr_risk,2.0,0.0008958254772952,2.2395636932380003,0.0017916509545904,True,False,0.9875,unknown_missing_atr_risk,4.0,0.0008958254772952,2.2395636932380003,0.0035833019091808,False,True,0.99375,fail_overnight_constraint,2.0,False
FUT/CL,1h,state_session=afternoon + state_ext=neutral,long,rolling,FUT/CL|1h|state_session=afternoon + state_ext=neutral|rolling,research_only,False,False,407,-0.0006831337908987,0.5516255255636762,4,0,0000,0,False,False,-0.0001902322937809,9.450582618290512e-05,False,risk data unavailable: lifecycle has no per-candidate ATR/R input; auto-promotion remains disabled until that evidence source exists,strict_research_gate_failed,1.0,-0.0006831337908987,-1.70783447724675,-0.0006831337908987,True,False,0.975,unknown_missing_atr_risk,2.0,-0.0006831337908987,-1.70783447724675,-0.0013662675817974,True,False,0.9875,unknown_missing_atr_risk,4.0,-0.0006831337908987,-1.70783447724675,-0.0027325351635948,False,True,0.99375,fail_overnight_constraint,2.0,False
FUT/CL,1h,state_ext=stretched_up + state_slope=downtrend,short,rolling,FUT/CL|1h|state_ext=stretched_up + state_slope=downtrend|rolling,research_only,False,False,11,0.0018040095741588,0.6723227379152952,4,0,0000,0,False,False,0.001711108077041,0.0017759342881734,False,risk data unavailable: lifecycle has no per-candidate ATR/R input; auto-promotion remains disabled until that evidence source exists,strict_research_gate_failed,1.0,0.0018040095741588,4.510023935397,0.0018040095741588,True,False,0.975,unknown_missing_atr_risk,2.0,0.0018040095741588,4.510023935397,0.0036080191483176,True,False,0.9875,unknown_missing_atr_risk,4.0,0.0018040095741588,4.510023935397,0.0072160382966352,False,True,0.99375,fail_overnight_constraint,2.0,False
FUT/CL,1h,state_ext=stretched_down + state_slope=flat,short,rolling,FUT/CL|1h|state_ext=stretched_down + state_slope=flat|rolling,research_only,False,False,14,0.0077030291782484,0.4436688108879105,4,0,0000,0,False,False,0.0076101276811306,0.0069552066176139,False,risk data unavailable: lifecycle has no per-candidate ATR/R input; auto-promotion remains disabled until that evidence source exists,strict_research_gate_failed,1.0,0.0077030291782484,19.257572945621,0.0077030291782484,True,False,0.975,unknown_missing_atr_risk,2.0,0.0077030291782484,19.257572945621,0.0154060583564968,True,False,0.9875,unknown_missing_atr_risk,4.0,0.0077030291782484,19.257572945621,0.0308121167129936,False,True,0.99375,fail_overnight_constraint,2.0,False
FUT/CL,1h,state_ext=neutral + state_vol=low_vol,short,rolling,FUT/CL|1h|state_ext=neutral + state_vol=low_vol|rolling,research_only,False,False,37,0.0026848528176448,0.5463307487695719,4,1,0010,0,False,False,0.002591951320527,-0.0006452016558611,False,risk data unavailable: lifecycle has no per-candidate ATR/R input; auto-promotion remains disabled until that evidence source exists,strict_research_gate_failed,1.0,0.0026848528176448,6.712132044112001,0.0026848528176448,True,False,0.975,unknown_missing_atr_risk,2.0,0.0026848528176448,6.712132044112001,0.0053697056352896,True,False,0.9875,unknown_missing_atr_risk,4.0,0.0026848528176448,6.712132044112001,0.0107394112705792,False,True,0.99375,fail_overnight_constraint,2.0,False
FUT/CL,1h,state_ext=neutral + state_slope=flat,short,rolling,FUT/CL|1h|state_ext=neutral + state_slope=flat|rolling,research_only,False,False,270,0.0007774108658828,0.6463844560442045,4,0,0000,0,False,False,0.000684509368765,-0.0002431755651831,False,risk data unavailable: lifecycle has no per-candidate ATR/R input; auto-promotion remains disabled until that evidence source exists,strict_research_gate_failed,1.0,0.0007774108658828,1.943527164707,0.0007774108658828,True,False,0.975,unknown_missing_atr_risk,2.0,0.0007774108658828,1.943527164707,0.0015548217317656,True,False,0.9875,unknown_missing_atr_risk,4.0,0.0007774108658828,1.943527164707,0.0031096434635312,False,True,0.99375,fail_overnight_constraint,2.0,False
FUT/CL,1h,state_session=lunch + state_slope=uptrend,long,rolling,FUT/CL|1h|state_session=lunch + state_slope=uptrend|rolling,research_only,False,False,51,-0.0003439681314393,0.9477967848483267,4,0,0000,0,False,False,0.0001489333656784,-0.003682568501701,False,risk data unavailable: lifecycle has no per-candidate ATR/R input; auto-promotion remains disabled until that evidence source exists,strict_research_gate_failed,1.0,-0.0003439681314393,-0.85992032859825,-0.0003439681314393,True,False,0.975,unknown_missing_atr_risk,2.0,-0.0003439681314393,-0.85992032859825,-0.0006879362628786,True,False,0.9875,unknown_missing_atr_risk,4.0,-0.0003439681314393,-0.85992032859825,-0.0013758725257572,False,True,0.99375,fail_overnight_constraint,2.0,False
FUT/CL,1h,state_ext=stretched_up + state_slope=uptrend,long,rolling,FUT/CL|1h|state_ext=stretched_up + state_slope=uptrend|rolling,research_only,False,False,310,0.0006531791540697,0.6916654500995443,4,0,0000,0,False,False,0.0011460806511875,-9.45047081829534e-05,False,risk data unavailable: lifecycle has no per-candidate ATR/R input; auto-promotion remains disabled until that evidence source exists,strict_research_gate_failed,1.0,0.0006531791540697,1.6329478851742498,0.0006531791540697,True,False,0.975,unknown_missing_atr_risk,2.0,0.0006531791540697,1.6329478851742498,0.0013063583081394,True,False,0.9875,unknown_missing_atr_risk,4.0,0.0006531791540697,1.6329478851742498,0.0026127166162788,False,True,0.99375,fail_overnight_constraint,2.0,False
FUT/CL,1h,state_session=morning + state_ext=stretched_down,long,rolling,FUT/CL|1h|state_session=morning + state_ext=stretched_down|rolling,research_only,False,False,190,0.000668458999473,0.7559922460435795,4,0,0000,0,False,False,0.0011613604965908,-0.0003708979686889,False,risk data unavailable: lifecycle has no per-candidate ATR/R input; auto-promotion remains disabled until that evidence source exists,strict_research_gate_failed,1.0,0.000668458999473,1.6711474986825001,0.000668458999473,True,False,0.975,unknown_missing_atr_risk,2.0,0.000668458999473,1.6711474986825001,0.001336917998946,True,False,0.9875,unknown_missing_atr_risk,4.0,0.000668458999473,1.6711474986825001,0.002673835997892,False,True,0.99375,fail_overnight_constraint,2.0,False
FUT/CL,1h,state_ext=neutral + state_vol=high_vol,short,rolling,FUT/CL|1h|state_ext=neutral + state_vol=high_vol|rolling,research_only,False,False,712,0.0008457349776625,0.5336713577376431,4,0,0000,0,False,False,0.0007528334805447,-0.0001748514534034,False,risk data unavailable: lifecycle has no per-candidate ATR/R input; auto-promotion remains disabled until that evidence source exists,strict_research_gate_failed,1.0,0.0008457349776625,2.11433744415625,0.0008457349776625,True,False,0.975,unknown_missing_atr_risk,2.0,0.0008457349776625,2.11433744415625,0.001691469955325,True,False,0.9875,unknown_missing_atr_risk,4.0,0.0008457349776625,2.11433744415625,0.00338293991065,False,True,0.99375,fail_overnight_constraint,2.0,False
FUT/CL,1h,state_ext=neutral + state_slope=uptrend,short,rolling,FUT/CL|1h|state_ext=neutral + state_slope=uptrend|rolling,research_only,False,False,348,0.0008124674477066,0.6177795740119194,4,0,0000,0,False,False,0.0007195659505888,-0.0002081189833593,False,risk data unavailable: lifecycle has no per-candidate ATR/R input; auto-promotion remains disabled until that evidence source exists,strict_research_gate_failed,1.0,0.0008124674477066,2.0311686192665,0.0008124674477066,True,False,0.975,unknown_missing_atr_risk,2.0,0.0008124674477066,2.0311686192665,0.0016249348954132,True,False,0.9875,unknown_missing_atr_risk,4.0,0.0008124674477066,2.0311686192665,0.0032498697908264,False,True,0.99375,fail_overnight_constraint,2.0,False
FUT/CL,1h,state_ext=stretched_down + state_vol=high_vol,long,rolling,FUT/CL|1h|state_ext=stretched_down + state_vol=high_vol|rolling,research_only,False,False,292,0.0007722887651118,0.726903673585126,4,0,0000,0,False,False,0.0012651902622295,-0.0002670682030501,False,risk data unavailable: lifecycle has no per-candidate ATR/R input; auto-promotion remains disabled until that evidence source exists,strict_research_gate_failed,1.0,0.0007722887651118,1.9307219127795,0.0007722887651118,True,False,0.975,unknown_missing_atr_risk,2.0,0.0007722887651118,1.9307219127795,0.0015445775302236,True,False,0.9875,unknown_missing_atr_risk,4.0,0.0007722887651118,1.9307219127795,0.0030891550604472,False,True,0.99375,fail_overnight_constraint,2.0,False
FUT/CL,1h,state_ext=stretched_up + state_vol=high_vol,long,rolling,FUT/CL|1h|state_ext=stretched_up + state_vol=high_vol|rolling,research_only,False,False,292,0.0002156500077582,0.8985409991657833,4,0,0000,0,False,False,0.000708551504876,-0.0005320338544944,False,risk data unavailable: lifecycle has no per-candidate ATR/R input; auto-promotion remains disabled until that evidence source exists,strict_research_gate_failed,1.0,0.0002156500077582,0.5391250193955,0.0002156500077582,True,False,0.975,unknown_missing_atr_risk,2.0,0.0002156500077582,0.5391250193955,0.0004313000155164,True,False,0.9875,unknown_missing_atr_risk,4.0,0.0002156500077582,0.5391250193955,0.0008626000310328,False,True,0.99375,fail_overnight_constraint,2.0,False
FUT/CL,1h,state_session=afternoon + state_slope=uptrend,long,rolling,FUT/CL|1h|state_session=afternoon + state_slope=uptrend|rolling,research_only,False,False,286,-0.0017088072981243,0.1286577617386444,4,0,0000,0,False,False,-0.0012159058010065,-0.001448276484911,False,risk data unavailable: lifecycle has no per-candidate ATR/R input; auto-promotion remains disabled until that evidence source exists,strict_research_gate_failed,1.0,-0.0017088072981243,-4.2720182453107505,-0.0017088072981243,True,False,0.975,unknown_missing_atr_risk,2.0,-0.0017088072981243,-4.2720182453107505,-0.0034176145962486,True,False,0.9875,unknown_missing_atr_risk,4.0,-0.0017088072981243,-4.2720182453107505,-0.0068352291924972,False,True,0.99375,fail_overnight_constraint,2.0,False
FUT/CL,1h,state_session=afternoon + state_ext=stretched_up,long,rolling,FUT/CL|1h|state_session=afternoon + state_ext=stretched_up|rolling,research_only,False,False,155,-0.0009082793915811,0.580922264414196,4,0,0000,0,False,False,-0.0004153778944633,-0.0016559632538338,False,risk data unavailable: lifecycle has no per-candidate ATR/R input; auto-promotion remains disabled until that evidence source exists,strict_research_gate_failed,1.0,-0.0009082793915811,-2.2706984789527502,-0.0009082793915811,True,False,0.975,unknown_missing_atr_risk,2.0,-0.0009082793915811,-2.2706984789527502,-0.0018165587831622,True,False,0.9875,unknown_missing_atr_risk,4.0,-0.0009082793915811,-2.2706984789527502,-0.0036331175663244,False,True,0.99375,fail_overnight_constraint,2.0,False
FUT/CL,1h,state_ext=stretched_up + state_slope=flat,short,rolling,FUT/CL|1h|state_ext=stretched_up + state_slope=flat|rolling,research_only,False,False,23,-0.0038331224421328,0.1568666846923352,4,0,0000,0,False,False,-0.0039260239392505,-0.0045809450027672,False,risk data unavailable: lifecycle has no per-candidate ATR/R input; auto-promotion remains disabled until that evidence source exists,strict_research_gate_failed,1.0,-0.0038331224421328,-9.582806105332,-0.0038331224421328,True,False,0.975,unknown_missing_atr_risk,2.0,-0.0038331224421328,-9.582806105332,-0.0076662448842656,True,False,0.9875,unknown_missing_atr_risk,4.0,-0.0038331224421328,-9.582806105332,-0.0153324897685312,False,True,0.99375,fail_overnight_constraint,2.0,False
FUT/CL,1h,state_session=afternoon + state_ext=stretched_down,long,rolling,FUT/CL|1h|state_session=afternoon + state_ext=stretched_down|rolling,research_only,False,False,102,-0.0009562151681504,0.8059723586089216,4,0,0000,0,False,False,-0.0004633136710326,-0.0019955721363124,False,risk data unavailable: lifecycle has no per-candidate ATR/R input; auto-promotion remains disabled until that evidence source exists,strict_research_gate_failed,1.0,-0.0009562151681504,-2.390537920376,-0.0009562151681504,True,False,0.975,unknown_missing_atr_risk,2.0,-0.0009562151681504,-2.390537920376,-0.0019124303363008,True,False,0.9875,unknown_missing_atr_risk,4.0,-0.0009562151681504,-2.390537920376,-0.0038248606726016,False,True,0.99375,fail_overnight_constraint,2.0,False
FUT/CL,1h,state_session=lunch + state_ext=neutral,long,rolling,FUT/CL|1h|state_session=lunch + state_ext=neutral|rolling,research_only,False,False,74,-0.0010971368537189,0.8104895667794698,4,0,0000,0,False,False,-0.0006042353566011,-0.0044357372239806,False,risk data unavailable: lifecycle has no per-candidate ATR/R input; auto-promotion remains disabled until that evidence source exists,strict_research_gate_failed,1.0,-0.0010971368537189,-2.7428421342972498,-0.0010971368537189,True,False,0.975,unknown_missing_atr_risk,2.0,-0.0010971368537189,-2.7428421342972498,-0.0021942737074378,True,False,0.9875,unknown_missing_atr_risk,4.0,-0.0010971368537189,-2.7428421342972498,-0.0043885474148756,False,True,0.99375,fail_overnight_constraint,2.0,False
FUT/ES,1h,state_session=morning + state_slope=uptrend,long,rolling,FUT/ES|1h|state_session=morning + state_slope=uptrend|rolling,research_only,False,False,296,0.0008611743910315,0.0427265849209699,4,0,0000,0,False,False,0.0006312943212102,0.0005021170734451,False,risk data unavailable: lifecycle has no per-candidate ATR/R input; auto-promotion remains disabled until that evidence source exists,strict_research_gate_failed,1.0,0.0008611743910315,2.1529359775787498,0.0008611743910315,True,False,0.975,unknown_missing_atr_risk,2.0,0.0008611743910315,2.1529359775787498,0.001722348782063,True,False,0.9875,unknown_missing_atr_risk,4.0,0.0008611743910315,2.1529359775787498,0.003444697564126,False,True,0.99375,fail_overnight_constraint,2.0,False
FUT/ES,1h,state_session=lunch + state_slope=downtrend,short,rolling,FUT/ES|1h|state_session=lunch + state_slope=downtrend|rolling,research_only,False,False,40,0.0001611211631195,0.9237983196525964,4,0,0000,0,False,False,0.0007910012329408,0.0006596540311133,False,risk data unavailable: lifecycle has no per-candidate ATR/R input; auto-promotion remains disabled until that evidence source exists,strict_research_gate_failed,1.0,0.0001611211631195,0.40280290779875,0.0001611211631195,True,False,0.975,unknown_missing_atr_risk,2.0,0.0001611211631195,0.40280290779875,0.000322242326239,True,False,0.9875,unknown_missing_atr_risk,4.0,0.0001611211631195,0.40280290779875,0.000644484652478,False,True,0.99375,fail_overnight_constraint,2.0,False
FUT/ES,1h,state_session=afternoon + state_slope=downtrend,long,rolling,FUT/ES|1h|state_session=afternoon + state_slope=downtrend|rolling,research_only,False,False,213,0.0005501692239886,0.1781943702787245,4,0,0000,0,False,False,0.0003202891541673,0.0004516363559948,False,risk data unavailable: lifecycle has no per-candidate ATR/R input; auto-promotion remains disabled until that evidence source exists,strict_research_gate_failed,1.0,0.0005501692239886,1.3754230599715,0.0005501692239886,True,False,0.975,unknown_missing_atr_risk,2.0,0.0005501692239886,1.3754230599715,0.0011003384479772,True,False,0.9875,unknown_missing_atr_risk,4.0,0.0005501692239886,1.3754230599715,0.0022006768959544,False,True,0.99375,fail_overnight_constraint,2.0,False
FUT/ES,1h,state_session=lunch + state_slope=flat,long,rolling,FUT/ES|1h|state_session=lunch + state_slope=flat|rolling,research_only,False,False,51,0.0007054330138842,0.2297175204381087,4,0,0000,0,False,False,0.0004755529440629,0.0003151777917266,False,risk data unavailable: lifecycle has no per-candidate ATR/R input; auto-promotion remains disabled until that evidence source exists,strict_research_gate_failed,1.0,0.0007054330138842,1.7635825347105,0.0007054330138842,True,False,0.975,unknown_missing_atr_risk,2.0,0.0007054330138842,1.7635825347105,0.0014108660277684,True,False,0.9875,unknown_missing_atr_risk,4.0,0.0007054330138842,1.7635825347105,0.0028217320555368,False,True,0.99375,fail_overnight_constraint,2.0,False
FUT/ES,1h,state_session=afternoon + state_slope=flat,long,rolling,FUT/ES|1h|state_session=afternoon + state_slope=flat|rolling,research_only,False,False,153,0.0003969017175501,0.4173020429080334,4,0,0000,0,False,False,0.0001670216477288,6.646495392471799e-06,False,risk data unavailable: lifecycle has no per-candidate ATR/R input; auto-promotion remains disabled until that evidence source exists,strict_research_gate_failed,1.0,0.0003969017175501,0.9922542938752501,0.0003969017175501,True,False,0.975,unknown_missing_atr_risk,2.0,0.0003969017175501,0.9922542938752501,0.0007938034351002,True,False,0.9875,unknown_missing_atr_risk,4.0,0.0003969017175501,0.9922542938752501,0.0015876068702004,False,True,0.99375,fail_overnight_constraint,2.0,False
FUT/ES,1h,state_ext=stretched_down + state_vol=high_vol,long,rolling,FUT/ES|1h|state_ext=stretched_down + state_vol=high_vol|rolling,research_only,False,False,8,0.0050495685818971,0.0062047786064522,4,0,0000,0,False,False,0.0048196885120759,-0.0002189923732488,False,risk data unavailable: lifecycle has no per-candidate ATR/R input; auto-promotion remains disabled until that evidence source exists,strict_research_gate_failed,1.0,0.0050495685818971,12.62392145474275,0.0050495685818971,True,False,0.975,unknown_missing_atr_risk,2.0,0.0050495685818971,12.62392145474275,0.0100991371637942,True,False,0.9875,unknown_missing_atr_risk,4.0,0.0050495685818971,12.62392145474275,0.0201982743275884,False,True,0.99375,fail_overnight_constraint,2.0,False
FUT/ES,1h,state_ext=stretched_down + state_slope=downtrend,long,rolling,FUT/ES|1h|state_ext=stretched_down + state_slope=downtrend|rolling,research_only,False,False,8,0.0046230258059831,0.0008685042650042,4,0,0000,0,False,False,0.0043931457361618,-0.0006455351491629,False,risk data unavailable: lifecycle has no per-candidate ATR/R input; auto-promotion remains disabled until that evidence source exists,strict_research_gate_failed,1.0,0.0046230258059831,11.55756451495775,0.0046230258059831,True,False,0.975,unknown_missing_atr_risk,2.0,0.0046230258059831,11.55756451495775,0.0092460516119662,True,False,0.9875,unknown_missing_atr_risk,4.0,0.0046230258059831,11.55756451495775,0.0184921032239324,False,True,0.99375,fail_overnight_constraint,2.0,False
FUT/ES,1h,state_session=afternoon + state_ext=stretched_down,long,rolling,FUT/ES|1h|state_session=afternoon + state_ext=stretched_down|rolling,research_only,False,False,7,0.0036898780590799,0.0006513787490636,4,0,0000,0,False,False,0.0034599979892586,-0.0015786828960661,False,risk data unavailable: lifecycle has no per-candidate ATR/R input; auto-promotion remains disabled until that evidence source exists,strict_research_gate_failed,1.0,0.0036898780590799,9.22469514769975,0.0036898780590799,True,False,0.975,unknown_missing_atr_risk,2.0,0.0036898780590799,9.22469514769975,0.0073797561181598,True,False,0.9875,unknown_missing_atr_risk,4.0,0.0036898780590799,9.22469514769975,0.0147595122363196,False,True,0.99375,fail_overnight_constraint,2.0,False
FUT/ES,1h,state_ext=neutral + state_vol=low_vol,short,rolling,FUT/ES|1h|state_ext=neutral + state_vol=low_vol|rolling,research_only,False,False,438,-0.0001052450038448,0.7105978063181944,4,0,0000,0,False,False,0.0005246350659763,0.0,False,risk data unavailable: lifecycle has no per-candidate ATR/R input; auto-promotion remains disabled until that evidence source exists,strict_research_gate_failed,1.0,-0.0001052450038448,-0.263112509612,-0.0001052450038448,True,False,0.975,unknown_missing_atr_risk,2.0,-0.0001052450038448,-0.263112509612,-0.0002104900076896,True,False,0.9875,unknown_missing_atr_risk,4.0,-0.0001052450038448,-0.263112509612,-0.0004209800153792,False,True,0.99375,fail_overnight_constraint,2.0,False
FUT/ES,1h,state_ext=stretched_up + state_slope=uptrend,long,rolling,FUT/ES|1h|state_ext=stretched_up + state_slope=uptrend|rolling,research_only,False,False,13,0.0015754923484768,0.0148994074199673,4,0,0000,0,False,False,0.0013456122786556,0.0,False,risk data unavailable: lifecycle has no per-candidate ATR/R input; auto-promotion remains disabled until that evidence source exists,strict_research_gate_failed,1.0,0.0015754923484768,3.9387308711920004,0.0015754923484768,True,False,0.975,unknown_missing_atr_risk,2.0,0.0015754923484768,3.9387308711920004,0.0031509846969536,True,False,0.9875,unknown_missing_atr_risk,4.0,0.0015754923484768,3.9387308711920004,0.0063019693939072,False,True,0.99375,fail_overnight_constraint,2.0,False
FUT/ES,1h,state_ext=stretched_up + state_vol=high_vol,long,rolling,FUT/ES|1h|state_ext=stretched_up + state_vol=high_vol|rolling,research_only,False,False,13,0.0015754923484768,0.0148994074199673,4,0,0000,0,False,False,0.0013456122786556,0.0,False,risk data unavailable: lifecycle has no per-candidate ATR/R input; auto-promotion remains disabled until that evidence source exists,strict_research_gate_failed,1.0,0.0015754923484768,3.9387308711920004,0.0015754923484768,True,False,0.975,unknown_missing_atr_risk,2.0,0.0015754923484768,3.9387308711920004,0.0031509846969536,True,False,0.9875,unknown_missing_atr_risk,4.0,0.0015754923484768,3.9387308711920004,0.0063019693939072,False,True,0.99375,fail_overnight_constraint,2.0,False
FUT/ES,1h,state_session=morning + state_ext=neutral,long,rolling,FUT/ES|1h|state_session=morning + state_ext=neutral|rolling,research_only,False,False,884,0.0003506411833868,0.1987421670622071,4,0,0000,0,False,False,0.0001207611135655,-8.416134199518003e-06,False,risk data unavailable: lifecycle has no per-candidate ATR/R input; auto-promotion remains disabled until that evidence source exists,strict_research_gate_failed,1.0,0.0003506411833868,0.876602958467,0.0003506411833868,True,False,0.975,unknown_missing_atr_risk,2.0,0.0003506411833868,0.876602958467,0.0007012823667736,True,False,0.9875,unknown_missing_atr_risk,4.0,0.0003506411833868,0.876602958467,0.0014025647335472,False,True,0.99375,fail_overnight_constraint,2.0,False
FUT/ES,1h,state_ext=neutral + state_slope=flat,long,rolling,FUT/ES|1h|state_ext=neutral + state_slope=flat|rolling,research_only,False,False,521,0.0003709796234507,0.1606607532947817,4,0,0000,0,False,False,0.0001410995536294,-1.927559870689436e-05,False,risk data unavailable: lifecycle has no per-candidate ATR/R input; auto-promotion remains disabled until that evidence source exists,strict_research_gate_failed,1.0,0.0003709796234507,0.92744905862675,0.0003709796234507,True,False,0.975,unknown_missing_atr_risk,2.0,0.0003709796234507,0.92744905862675,0.0007419592469014,True,False,0.9875,unknown_missing_atr_risk,4.0,0.0003709796234507,0.92744905862675,0.0014839184938028,False,True,0.99375,fail_overnight_constraint,2.0,False
FUT/ES,1h,state_session=morning + state_slope=flat,long,rolling,FUT/ES|1h|state_session=morning + state_slope=flat|rolling,research_only,False,False,318,0.0003365099983428,0.2980471875189106,4,0,0000,0,False,False,0.0001066299285215,-5.3745223814794776e-05,False,risk data unavailable: lifecycle has no per-candidate ATR/R input; auto-promotion remains disabled until that evidence source exists,strict_research_gate_failed,1.0,0.0003365099983428,0.841274995857,0.0003365099983428,True,False,0.975,unknown_missing_atr_risk,2.0,0.0003365099983428,0.841274995857,0.0006730199966856,True,False,0.9875,unknown_missing_atr_risk,4.0,0.0003365099983428,0.841274995857,0.0013460399933712,False,True,0.99375,fail_overnight_constraint,2.0,False
FUT/ES,1h,state_ext=neutral + state_vol=high_vol,long,rolling,FUT/ES|1h|state_ext=neutral + state_vol=high_vol|rolling,research_only,False,False,640,0.0006746409292045,0.0936823692893562,4,0,0000,0,False,False,0.0004447608593833,-7.06663988987601e-05,False,risk data unavailable: lifecycle has no per-candidate ATR/R input; auto-promotion remains disabled until that evidence source exists,strict_research_gate_failed,1.0,0.0006746409292045,1.6866023230112501,0.0006746409292045,True,False,0.975,unknown_missing_atr_risk,2.0,0.0006746409292045,1.6866023230112501,0.001349281858409,True,False,0.9875,unknown_missing_atr_risk,4.0,0.0006746409292045,1.6866023230112501,0.002698563716818,False,True,0.99375,fail_overnight_constraint,2.0,False
FUT/ES,1h,state_session=afternoon + state_slope=uptrend,long,rolling,FUT/ES|1h|state_session=afternoon + state_slope=uptrend|rolling,research_only,False,False,310,-0.0003870826534738,0.1459387913006837,4,0,0000,0,False,False,-0.000616962723295,-0.0005953619609572,False,risk data unavailable: lifecycle has no per-candidate ATR/R input; auto-promotion remains disabled until that evidence source exists,strict_research_gate_failed,1.0,-0.0003870826534738,-0.9677066336844999,-0.0003870826534738,True,False,0.975,unknown_missing_atr_risk,2.0,-0.0003870826534738,-0.9677066336844999,-0.0007741653069476,True,False,0.9875,unknown_missing_atr_risk,4.0,-0.0003870826534738,-0.9677066336844999,-0.0015483306138952,False,True,0.99375,fail_overnight_constraint,2.0,False
FUT/ES,1h,state_ext=neutral + state_slope=uptrend,long,rolling,FUT/ES|1h|state_ext=neutral + state_slope=uptrend|rolling,research_only,False,False,652,0.0001810189247642,0.5008550730239121,4,0,0000,0,False,False,-4.8861145057052855e-05,-2.726038271919472e-05,False,risk data unavailable: lifecycle has no per-candidate ATR/R input; auto-promotion remains disabled until that evidence source exists,strict_research_gate_failed,1.0,0.0001810189247642,0.4525473119105,0.0001810189247642,True,False,0.975,unknown_missing_atr_risk,2.0,0.0001810189247642,0.4525473119105,0.0003620378495284,True,False,0.9875,unknown_missing_atr_risk,4.0,0.0001810189247642,0.4525473119105,0.0007240756990568,False,True,0.99375,fail_overnight_constraint,2.0,False
FUT/ES,1h,state_session=lunch + state_slope=uptrend,long,rolling,FUT/ES|1h|state_session=lunch + state_slope=uptrend|rolling,research_only,False,False,59,6.0910886576766914e-05,0.9030086662715892,4,0,0000,0,False,False,-0.0001689691832445,-0.0001473684209066,False,risk data unavailable: lifecycle has no per-candidate ATR/R input; auto-promotion remains disabled until that evidence source exists,strict_research_gate_failed,1.0,6.0910886576766914e-05,0.15227721644191727,6.0910886576766914e-05,True,False,0.975,unknown_missing_atr_risk,2.0,6.0910886576766914e-05,0.15227721644191727,0.00012182177315353383,True,False,0.9875,unknown_missing_atr_risk,4.0,6.0910886576766914e-05,0.15227721644191727,0.00024364354630706766,False,True,0.99375,fail_overnight_constraint,2.0,False
FUT/ES,1h,state_ext=neutral + state_vol=mid_vol,long,rolling,FUT/ES|1h|state_ext=neutral + state_vol=mid_vol|rolling,research_only,False,False,615,3.8501405271496215e-05,0.8750254988589083,4,0,0000,0,False,False,-0.0001913786645497,-0.0001542604793221,False,risk data unavailable: lifecycle has no per-candidate ATR/R input; auto-promotion remains disabled until that evidence source exists,strict_research_gate_failed,1.0,3.8501405271496215e-05,0.09625351317874054,3.8501405271496215e-05,True,False,0.975,unknown_missing_atr_risk,2.0,3.8501405271496215e-05,0.09625351317874054,7.700281054299243e-05,True,False,0.9875,unknown_missing_atr_risk,4.0,3.8501405271496215e-05,0.09625351317874054,0.00015400562108598486,False,True,0.99375,fail_overnight_constraint,2.0,False
FUT/ES,1h,state_session=afternoon + state_ext=neutral,long,rolling,FUT/ES|1h|state_session=afternoon + state_ext=neutral|rolling,research_only,False,False,660,1.5769916736307855e-05,0.9476105208757876,4,0,0000,0,False,False,-0.0002141101530849,-0.0001769919678572,False,risk data unavailable: lifecycle has no per-candidate ATR/R input; auto-promotion remains disabled until that evidence source exists,strict_research_gate_failed,1.0,1.5769916736307855e-05,0.039424791840769635,1.5769916736307855e-05,True,False,0.975,unknown_missing_atr_risk,2.0,1.5769916736307855e-05,0.039424791840769635,3.153983347261571e-05,True,False,0.9875,unknown_missing_atr_risk,4.0,1.5769916736307855e-05,0.039424791840769635,6.307966694523142e-05,False,True,0.99375,fail_overnight_constraint,2.0,False
FUT/ES,1h,state_session=lunch + state_ext=neutral,long,rolling,FUT/ES|1h|state_session=lunch + state_ext=neutral|rolling,research_only,False,False,149,4.007328494656932e-05,0.9443152588200744,4,0,0000,0,False,False,-0.0001898067848747,-0.000152688599647,False,risk data unavailable: lifecycle has no per-candidate ATR/R input; auto-promotion remains disabled until that evidence source exists,strict_research_gate_failed,1.0,4.007328494656932e-05,0.10018321236642329,4.007328494656932e-05,True,False,0.975,unknown_missing_atr_risk,2.0,4.007328494656932e-05,0.10018321236642329,8.014656989313864e-05,True,False,0.9875,unknown_missing_atr_risk,4.0,4.007328494656932e-05,0.10018321236642329,0.00016029313978627727,False,True,0.99375,fail_overnight_constraint,2.0,False
FUT/ES,1h,state_ext=neutral + state_slope=downtrend,long,rolling,FUT/ES|1h|state_ext=neutral + state_slope=downtrend|rolling,research_only,False,False,520,2.8925284332413545e-05,0.9419179644163864,4,0,0000,0,False,False,-0.0002009547854888,-0.0001638366002611,False,risk data unavailable: lifecycle has no per-candidate ATR/R input; auto-promotion remains disabled until that evidence source exists,strict_research_gate_failed,1.0,2.8925284332413545e-05,0.07231321083103387,2.8925284332413545e-05,True,False,0.975,unknown_missing_atr_risk,2.0,2.8925284332413545e-05,0.07231321083103387,5.785056866482709e-05,True,False,0.9875,unknown_missing_atr_risk,4.0,2.8925284332413545e-05,0.07231321083103387,0.00011570113732965418,False,True,0.99375,fail_overnight_constraint,2.0,False
FUT/ES,1h,state_session=morning + state_slope=downtrend,long,rolling,FUT/ES|1h|state_session=morning + state_slope=downtrend|rolling,research_only,False,False,275,-0.0001553303413966,0.7580899018130614,4,0,0000,0,False,False,-0.0003852104112179,-0.000514387658983,False,risk data unavailable: lifecycle has no per-candidate ATR/R input; auto-promotion remains disabled until that evidence source exists,strict_research_gate_failed,1.0,-0.0001553303413966,-0.3883258534915,-0.0001553303413966,True,False,0.975,unknown_missing_atr_risk,2.0,-0.0001553303413966,-0.3883258534915,-0.0003106606827932,True,False,0.9875,unknown_missing_atr_risk,4.0,-0.0001553303413966,-0.3883258534915,-0.0006213213655864,False,True,0.99375,fail_overnight_constraint,2.0,False
FUT/GC,1h,state_session=morning + state_ext=stretched_up,short,rolling,FUT/GC|1h|state_session=morning + state_ext=stretched_up|rolling,research_only,False,False,24,0.0026098376363481,0.0593764554882476,4,1,0010,0,False,False,0.0025704905876504,0.0011239284903681,False,risk data unavailable: lifecycle has no per-candidate ATR/R input; auto-promotion remains disabled until that evidence source exists,strict_research_gate_failed,1.0,0.0026098376363481,6.5245940908702496,0.0026098376363481,True,False,0.975,unknown_missing_atr_risk,2.0,0.0026098376363481,6.5245940908702496,0.0052196752726962,True,False,0.9875,unknown_missing_atr_risk,4.0,0.0026098376363481,6.5245940908702496,0.0104393505453924,False,True,0.99375,fail_overnight_constraint,2.0,False
FUT/GC,1h,state_session=morning + state_slope=flat,long,rolling,FUT/GC|1h|state_session=morning + state_slope=flat|rolling,research_only,False,False,265,0.0001983336059784,0.7799710573016747,4,1,0100,0,False,False,0.000637680654676,0.0003485492875077,False,risk data unavailable: lifecycle has no per-candidate ATR/R input; auto-promotion remains disabled until that evidence source exists,strict_research_gate_failed,1.0,0.0001983336059784,0.495834014946,0.0001983336059784,True,False,0.975,unknown_missing_atr_risk,2.0,0.0001983336059784,0.495834014946,0.0003966672119568,True,False,0.9875,unknown_missing_atr_risk,4.0,0.0001983336059784,0.495834014946,0.0007933344239136,False,True,0.99375,fail_overnight_constraint,2.0,False
FUT/GC,1h,state_ext=neutral + state_slope=flat,long,rolling,FUT/GC|1h|state_ext=neutral + state_slope=flat|rolling,research_only,False,False,457,-0.0001202149506872,0.8574746912493918,4,1,0100,0,False,False,0.0003191320980104,4.81045111371375e-05,False,risk data unavailable: lifecycle has no per-candidate ATR/R input; auto-promotion remains disabled until that evidence source exists,strict_research_gate_failed,1.0,-0.0001202149506872,-0.300537376718,-0.0001202149506872,True,False,0.975,unknown_missing_atr_risk,2.0,-0.0001202149506872,-0.300537376718,-0.0002404299013744,True,False,0.9875,unknown_missing_atr_risk,4.0,-0.0001202149506872,-0.300537376718,-0.0004808598027488,False,True,0.99375,fail_overnight_constraint,2.0,False
FUT/GC,1h,state_ext=neutral + state_slope=downtrend,short,rolling,FUT/GC|1h|state_ext=neutral + state_slope=downtrend|rolling,research_only,False,False,708,0.0004823871590949,0.362433543837565,4,0,0000,0,False,False,0.0004430401103973,0.0002392082808253,False,risk data unavailable: lifecycle has no per-candidate ATR/R input; auto-promotion remains disabled until that evidence source exists,strict_research_gate_failed,1.0,0.0004823871590949,1.2059678977372499,0.0004823871590949,True,False,0.975,unknown_missing_atr_risk,2.0,0.0004823871590949,1.2059678977372499,0.0009647743181898,True,False,0.9875,unknown_missing_atr_risk,4.0,0.0004823871590949,1.2059678977372499,0.0019295486363796,False,True,0.99375,fail_overnight_constraint,2.0,False
FUT/GC,1h,state_session=afternoon + state_slope=downtrend,short,rolling,FUT/GC|1h|state_session=afternoon + state_slope=downtrend|rolling,research_only,False,False,302,0.0004311028490199,0.5206518307133603,4,0,0000,0,False,False,0.0003917558003222,0.0001610482788715,False,risk data unavailable: lifecycle has no per-candidate ATR/R input; auto-promotion remains disabled until that evidence source exists,strict_research_gate_failed,1.0,0.0004311028490199,1.07775712254975,0.0004311028490199,True,False,0.975,unknown_missing_atr_risk,2.0,0.0004311028490199,1.07775712254975,0.0008622056980398,True,False,0.9875,unknown_missing_atr_risk,4.0,0.0004311028490199,1.07775712254975,0.0017244113960796,False,True,0.99375,fail_overnight_constraint,2.0,False
FUT/GC,1h,state_ext=neutral + state_slope=uptrend,long,rolling,FUT/GC|1h|state_ext=neutral + state_slope=uptrend|rolling,research_only,False,False,413,-0.0001838468049399,0.785501977938448,4,0,0000,0,False,False,0.0002555002437576,0.000183533354992,False,risk data unavailable: lifecycle has no per-candidate ATR/R input; auto-promotion remains disabled until that evidence source exists,strict_research_gate_failed,1.0,-0.0001838468049399,-0.45961701234974994,-0.0001838468049399,True,False,0.975,unknown_missing_atr_risk,2.0,-0.0001838468049399,-0.45961701234974994,-0.0003676936098798,True,False,0.9875,unknown_missing_atr_risk,4.0,-0.0001838468049399,-0.45961701234974994,-0.0007353872197596,False,True,0.99375,fail_overnight_constraint,2.0,False
FUT/GC,1h,state_ext=neutral + state_vol=high_vol,long,rolling,FUT/GC|1h|state_ext=neutral + state_vol=high_vol|rolling,research_only,False,False,521,0.0008216659861585,0.2515039841140438,4,0,0000,0,False,False,0.0012610130348561,0.0001477874908452,False,risk data unavailable: lifecycle has no per-candidate ATR/R input; auto-promotion remains disabled until that evidence source exists,strict_research_gate_failed,1.0,0.0008216659861585,2.05416496539625,0.0008216659861585,True,False,0.975,unknown_missing_atr_risk,2.0,0.0008216659861585,2.05416496539625,0.001643331972317,True,False,0.9875,unknown_missing_atr_risk,4.0,0.0008216659861585,2.05416496539625,0.003286663944634,False,True,0.99375,fail_overnight_constraint,2.0,False
FUT/GC,1h,state_session=morning + state_ext=neutral,long,rolling,FUT/GC|1h|state_session=morning + state_ext=neutral|rolling,research_only,False,False,832,-9.00625531987537e-05,0.8610537754827117,4,0,0000,0,False,False,0.0003492844954989,6.015312833055077e-05,False,risk data unavailable: lifecycle has no per-candidate ATR/R input; auto-promotion remains disabled until that evidence source exists,strict_research_gate_failed,1.0,-9.00625531987537e-05,-0.22515638299688426,-9.00625531987537e-05,True,False,0.975,unknown_missing_atr_risk,2.0,-9.00625531987537e-05,-0.22515638299688426,-0.0001801251063975074,True,False,0.9875,unknown_missing_atr_risk,4.0,-9.00625531987537e-05,-0.22515638299688426,-0.0003602502127950148,False,True,0.99375,fail_overnight_constraint,2.0,False
FUT/GC,1h,state_session=lunch + state_ext=stretched_up,long,rolling,FUT/GC|1h|state_session=lunch + state_ext=stretched_up|rolling,research_only,False,False,7,0.0014040431133025,0.3321567724412932,4,0,0000,0,False,False,0.0018433901620001,0.0025168640091085,False,risk data unavailable: lifecycle has no per-candidate ATR/R input; auto-promotion remains disabled until that evidence source exists,strict_research_gate_failed,1.0,0.0014040431133025,3.5101077832562497,0.0014040431133025,True,False,0.975,unknown_missing_atr_risk,2.0,0.0014040431133025,3.5101077832562497,0.002808086226605,True,False,0.9875,unknown_missing_atr_risk,4.0,0.0014040431133025,3.5101077832562497,0.00561617245321,False,True,0.99375,fail_overnight_constraint,2.0,False
FUT/GC,1h,state_ext=neutral + state_vol=mid_vol,long,rolling,FUT/GC|1h|state_ext=neutral + state_vol=mid_vol|rolling,research_only,False,False,829,-0.0008933887392502,0.025318909329159,4,1,1000,0,False,False,-0.0004540416905526,-0.0004145566280059,False,risk data unavailable: lifecycle has no per-candidate ATR/R input; auto-promotion remains disabled until that evidence source exists,strict_research_gate_failed,1.0,-0.0008933887392502,-2.2334718481255,-0.0008933887392502,True,False,0.975,unknown_missing_atr_risk,2.0,-0.0008933887392502,-2.2334718481255,-0.0017867774785004,True,False,0.9875,unknown_missing_atr_risk,4.0,-0.0008933887392502,-2.2334718481255,-0.0035735549570008,False,True,0.99375,fail_overnight_constraint,2.0,False
FUT/GC,1h,state_session=afternoon + state_slope=uptrend,long,rolling,FUT/GC|1h|state_session=afternoon + state_slope=uptrend|rolling,research_only,False,False,210,-0.0004150281361821,0.6376794085262918,4,2,1100,0,False,False,2.431891251546592e-05,-4.764797625016068e-05,False,risk data unavailable: lifecycle has no per-candidate ATR/R input; auto-promotion remains disabled until that evidence source exists,strict_research_gate_failed,1.0,-0.0004150281361821,-1.03757034045525,-0.0004150281361821,True,False,0.975,unknown_missing_atr_risk,2.0,-0.0004150281361821,-1.03757034045525,-0.0008300562723642,True,False,0.9875,unknown_missing_atr_risk,4.0,-0.0004150281361821,-1.03757034045525,-0.0016601125447284,False,True,0.99375,fail_overnight_constraint,2.0,False
FUT/GC,1h,state_ext=neutral + state_vol=low_vol,short,rolling,FUT/GC|1h|state_ext=neutral + state_vol=low_vol|rolling,research_only,False,False,228,0.0015432709890071,0.0837189117793686,4,1,0010,0,False,False,0.0015039239403094,0.0,False,risk data unavailable: lifecycle has no per-candidate ATR/R input; auto-promotion remains disabled until that evidence source exists,strict_research_gate_failed,1.0,0.0015432709890071,3.85817747251775,0.0015432709890071,True,False,0.975,unknown_missing_atr_risk,2.0,0.0015432709890071,3.85817747251775,0.0030865419780142,True,False,0.9875,unknown_missing_atr_risk,4.0,0.0015432709890071,3.85817747251775,0.0061730839560284,False,True,0.99375,fail_overnight_constraint,2.0,False
FUT/GC,1h,state_ext=stretched_down + state_vol=mid_vol,long,rolling,FUT/GC|1h|state_ext=stretched_down + state_vol=mid_vol|rolling,research_only,False,False,25,0.0012310734131253,0.5106606773331308,4,0,0000,0,False,False,0.0016704204618229,-0.0005110922554262,False,risk data unavailable: lifecycle has no per-candidate ATR/R input; auto-promotion remains disabled until that evidence source exists,strict_research_gate_failed,1.0,0.0012310734131253,3.0776835328132504,0.0012310734131253,True,False,0.975,unknown_missing_atr_risk,2.0,0.0012310734131253,3.0776835328132504,0.0024621468262506,True,False,0.9875,unknown_missing_atr_risk,4.0,0.0012310734131253,3.0776835328132504,0.0049242936525012,False,True,0.99375,fail_overnight_constraint,2.0,False
FUT/GC,1h,state_session=morning + state_slope=downtrend,short,rolling,FUT/GC|1h|state_session=morning + state_slope=downtrend|rolling,research_only,False,False,414,8.526800796735003e-05,0.9090812071086152,4,0,0000,0,False,False,4.592095926969511e-05,-0.0001579108703023,False,risk data unavailable: lifecycle has no per-candidate ATR/R input; auto-promotion remains disabled until that evidence source exists,strict_research_gate_failed,1.0,8.526800796735003e-05,0.2131700199183751,8.526800796735003e-05,True,False,0.975,unknown_missing_atr_risk,2.0,8.526800796735003e-05,0.2131700199183751,0.00017053601593470006,True,False,0.9875,unknown_missing_atr_risk,4.0,8.526800796735003e-05,0.2131700199183751,0.0003410720318694001,False,True,0.99375,fail_overnight_constraint,2.0,False
FUT/GC,1h,state_ext=stretched_down + state_slope=downtrend,short,rolling,FUT/GC|1h|state_ext=stretched_down + state_slope=downtrend|rolling,research_only,False,False,71,-0.0021421656685516,0.0637737086112859,4,0,0000,0,False,False,-0.0021815127172492,-0.0023853445468213,False,risk data unavailable: lifecycle has no per-candidate ATR/R input; auto-promotion remains disabled until that evidence source exists,strict_research_gate_failed,1.0,-0.0021421656685516,-5.355414171379,-0.0021421656685516,True,False,0.975,unknown_missing_atr_risk,2.0,-0.0021421656685516,-5.355414171379,-0.0042843313371032,True,False,0.9875,unknown_missing_atr_risk,4.0,-0.0021421656685516,-5.355414171379,-0.0085686626742064,False,True,0.99375,fail_overnight_constraint,2.0,False
FUT/GC,1h,state_session=afternoon + state_ext=stretched_up,long,rolling,FUT/GC|1h|state_session=afternoon + state_ext=stretched_up|rolling,research_only,False,False,33,-0.0017663752685904,0.1617961271782761,4,1,0100,0,False,False,-0.0013270282198927,-0.001096320698442,False,risk data unavailable: lifecycle has no per-candidate ATR/R input; auto-promotion remains disabled until that evidence source exists,strict_research_gate_failed,1.0,-0.0017663752685904,-4.415938171476,-0.0017663752685904,True,False,0.975,unknown_missing_atr_risk,2.0,-0.0017663752685904,-4.415938171476,-0.0035327505371808,True,False,0.9875,unknown_missing_atr_risk,4.0,-0.0017663752685904,-4.415938171476,-0.0070655010743616,False,True,0.99375,fail_overnight_constraint,2.0,False
FUT/GC,1h,state_ext=stretched_down + state_vol=high_vol,short,rolling,FUT/GC|1h|state_ext=stretched_down + state_vol=high_vol|rolling,research_only,False,False,46,-0.0024199331986745,0.0934594417298928,4,0,0000,0,False,False,-0.0024592802473722,-0.0013460547033613,False,risk data unavailable: lifecycle has no per-candidate ATR/R input; auto-promotion remains disabled until that evidence source exists,strict_research_gate_failed,1.0,-0.0024199331986745,-6.04983299668625,-0.0024199331986745,True,False,0.975,unknown_missing_atr_risk,2.0,-0.0024199331986745,-6.04983299668625,-0.004839866397349,True,False,0.9875,unknown_missing_atr_risk,4.0,-0.0024199331986745,-6.04983299668625,-0.009679732794698,False,True,0.99375,fail_overnight_constraint,2.0,False
FUT/GC,1h,state_session=afternoon + state_ext=stretched_down,short,rolling,FUT/GC|1h|state_session=afternoon + state_ext=stretched_down|rolling,research_only,False,False,30,-0.0036375086854839,0.0782403887349314,4,0,0000,0,False,False,-0.0036768557341815,-0.0039075632556323,False,risk data unavailable: lifecycle has no per-candidate ATR/R input; auto-promotion remains disabled until that evidence source exists,strict_research_gate_failed,1.0,-0.0036375086854839,-9.09377171370975,-0.0036375086854839,True,False,0.975,unknown_missing_atr_risk,2.0,-0.0036375086854839,-9.09377171370975,-0.0072750173709678,True,False,0.9875,unknown_missing_atr_risk,4.0,-0.0036375086854839,-9.09377171370975,-0.0145500347419356,False,True,0.99375,fail_overnight_constraint,2.0,False
FUT/GC,1h,state_session=lunch + state_slope=flat,long,rolling,FUT/GC|1h|state_session=lunch + state_slope=flat|rolling,research_only,False,False,32,-0.0004952341304879,0.8586585687663588,4,1,0100,0,False,False,-5.588708179032171e-05,-0.0003269146686636,False,risk data unavailable: lifecycle has no per-candidate ATR/R input; auto-promotion remains disabled until that evidence source exists,strict_research_gate_failed,1.0,-0.0004952341304879,-1.23808532621975,-0.0004952341304879,True,False,0.975,unknown_missing_atr_risk,2.0,-0.0004952341304879,-1.23808532621975,-0.0009904682609758,True,False,0.9875,unknown_missing_atr_risk,4.0,-0.0004952341304879,-1.23808532621975,-0.0019809365219516,False,True,0.99375,fail_overnight_constraint,2.0,False
FUT/GC,1h,state_ext=stretched_up + state_slope=uptrend,long,rolling,FUT/GC|1h|state_ext=stretched_up + state_slope=uptrend|rolling,research_only,False,False,61,-0.001609991235534,0.118662425367237,4,1,0100,0,False,False,-0.0011706441868363,-0.001242611075602,False,risk data unavailable: lifecycle has no per-candidate ATR/R input; auto-promotion remains disabled until that evidence source exists,strict_research_gate_failed,1.0,-0.001609991235534,-4.024978088835,-0.001609991235534,True,False,0.975,unknown_missing_atr_risk,2.0,-0.001609991235534,-4.024978088835,-0.003219982471068,True,False,0.9875,unknown_missing_atr_risk,4.0,-0.001609991235534,-4.024978088835,-0.006439964942136,False,True,0.99375,fail_overnight_constraint,2.0,False
FUT/GC,1h,state_ext=stretched_up + state_vol=high_vol,long,rolling,FUT/GC|1h|state_ext=stretched_up + state_vol=high_vol|rolling,research_only,False,False,53,-0.0019471743176113,0.1134395015180707,4,1,0100,0,False,False,-0.0015078272689137,-0.0026210528129246,False,risk data unavailable: lifecycle has no per-candidate ATR/R input; auto-promotion remains disabled until that evidence source exists,strict_research_gate_failed,1.0,-0.0019471743176113,-4.8679357940282495,-0.0019471743176113,True,False,0.975,unknown_missing_atr_risk,2.0,-0.0019471743176113,-4.8679357940282495,-0.0038943486352226,True,False,0.9875,unknown_missing_atr_risk,4.0,-0.0019471743176113,-4.8679357940282495,-0.0077886972704452,False,True,0.99375,fail_overnight_constraint,2.0,False
FUT/GC,1h,state_session=afternoon + state_ext=neutral,long,rolling,FUT/GC|1h|state_session=afternoon + state_ext=neutral|rolling,research_only,False,False,612,-0.0008024864567829,0.1248517553874304,4,0,0000,0,False,False,-0.0003631394080853,-0.0003236543455386,False,risk data unavailable: lifecycle has no per-candidate ATR/R input; auto-promotion remains disabled until that evidence source exists,strict_research_gate_failed,1.0,-0.0008024864567829,-2.0062161419572497,-0.0008024864567829,True,False,0.975,unknown_missing_atr_risk,2.0,-0.0008024864567829,-2.0062161419572497,-0.0016049729135658,True,False,0.9875,unknown_missing_atr_risk,4.0,-0.0008024864567829,-2.0062161419572497,-0.0032099458271316,False,True,0.99375,fail_overnight_constraint,2.0,False
FUT/GC,1h,state_session=lunch + state_slope=uptrend,long,rolling,FUT/GC|1h|state_session=lunch + state_slope=uptrend|rolling,research_only,False,False,55,-0.0018533329404673,0.0540070831810277,4,0,0000,0,False,False,-0.0014139858917697,-0.0014859527805353,False,risk data unavailable: lifecycle has no per-candidate ATR/R input; auto-promotion remains disabled until that evidence source exists,strict_research_gate_failed,1.0,-0.0018533329404673,-4.63333235116825,-0.0018533329404673,True,False,0.975,unknown_missing_atr_risk,2.0,-0.0018533329404673,-4.63333235116825,-0.0037066658809346,True,False,0.9875,unknown_missing_atr_risk,4.0,-0.0018533329404673,-4.63333235116825,-0.0074133317618692,False,True,0.99375,fail_overnight_constraint,2.0,False
FUT/GC,1h,state_session=morning + state_slope=uptrend,short,rolling,FUT/GC|1h|state_session=morning + state_slope=uptrend|rolling,research_only,False,False,209,-0.0004715360024697,0.5739753710599842,4,0,0000,0,False,False,-0.0005108830511674,-0.0004389161624018,False,risk data unavailable: lifecycle has no per-candidate ATR/R input; auto-promotion remains disabled until that evidence source exists,strict_research_gate_failed,1.0,-0.0004715360024697,-1.17884000617425,-0.0004715360024697,True,False,0.975,unknown_missing_atr_risk,2.0,-0.0004715360024697,-1.17884000617425,-0.0009430720049394,True,False,0.9875,unknown_missing_atr_risk,4.0,-0.0004715360024697,-1.17884000617425,-0.0018861440098788,False,True,0.99375,fail_overnight_constraint,2.0,False
FUT/GC,1h,state_session=morning + state_ext=stretched_down,short,rolling,FUT/GC|1h|state_session=morning + state_ext=stretched_down|rolling,research_only,False,False,32,-0.0008305194479904,0.5813236166895297,4,0,0000,0,False,False,-0.0008698664966881,-0.0005807351295197,False,risk data unavailable: lifecycle has no per-candidate ATR/R input; auto-promotion remains disabled until that evidence source exists,strict_research_gate_failed,1.0,-0.0008305194479904,-2.0762986199760003,-0.0008305194479904,True,False,0.975,unknown_missing_atr_risk,2.0,-0.0008305194479904,-2.0762986199760003,-0.0016610388959808,True,False,0.9875,unknown_missing_atr_risk,4.0,-0.0008305194479904,-2.0762986199760003,-0.0033220777919616,False,True,0.99375,fail_overnight_constraint,2.0,False
FUT/GC,1h,state_session=lunch + state_ext=neutral,long,rolling,FUT/GC|1h|state_session=lunch + state_ext=neutral|rolling,research_only,False,False,134,-0.0014145023562012,0.1137703510909262,4,0,0000,0,False,False,-0.0009751553075036,-0.0009356702449569,False,risk data unavailable: lifecycle has no per-candidate ATR/R input; auto-promotion remains disabled until that evidence source exists,strict_research_gate_failed,1.0,-0.0014145023562012,-3.536255890503,-0.0014145023562012,True,False,0.975,unknown_missing_atr_risk,2.0,-0.0014145023562012,-3.536255890503,-0.0028290047124024,True,False,0.9875,unknown_missing_atr_risk,4.0,-0.0014145023562012,-3.536255890503,-0.0056580094248048,False,True,0.99375,fail_overnight_constraint,2.0,False
FUT/GC,1h,state_session=lunch + state_slope=downtrend,long,rolling,FUT/GC|1h|state_session=lunch + state_slope=downtrend|rolling,research_only,False,False,63,-0.0007800369915806,0.4313671238543646,4,0,0000,0,False,False,-0.000340689942883,-0.0001368581133109,False,risk data unavailable: lifecycle has no per-candidate ATR/R input; auto-promotion remains disabled until that evidence source exists,strict_research_gate_failed,1.0,-0.0007800369915806,-1.9500924789515,-0.0007800369915806,True,False,0.975,unknown_missing_atr_risk,2.0,-0.0007800369915806,-1.9500924789515,-0.0015600739831612,True,False,0.9875,unknown_missing_atr_risk,4.0,-0.0007800369915806,-1.9500924789515,-0.0031201479663224,False,True,0.99375,fail_overnight_constraint,2.0,False
FUT/GC,1h,state_session=afternoon + state_slope=flat,long,rolling,FUT/GC|1h|state_session=afternoon + state_slope=flat|rolling,research_only,False,False,163,-0.0007002323058151,0.366085307629671,4,0,0000,0,False,False,-0.0002608852571175,-0.0005319128439907,False,risk data unavailable: lifecycle has no per-candidate ATR/R input; auto-promotion remains disabled until that evidence source exists,strict_research_gate_failed,1.0,-0.0007002323058151,-1.75058076453775,-0.0007002323058151,True,False,0.975,unknown_missing_atr_risk,2.0,-0.0007002323058151,-1.75058076453775,-0.0014004646116302,True,False,0.9875,unknown_missing_atr_risk,4.0,-0.0007002323058151,-1.75058076453775,-0.0028009292232604,False,True,0.99375,fail_overnight_constraint,2.0,False
FUT/GC,1h,state_session=lunch + state_ext=stretched_down,long,rolling,FUT/GC|1h|state_session=lunch + state_ext=stretched_down|rolling,research_only,False,False,9,0.0014213199518834,0.3423182988649953,4,0,0000,0,False,False,0.0018606670005811,-0.0003208457166681,False,risk data unavailable: lifecycle has no per-candidate ATR/R input; auto-promotion remains disabled until that evidence source exists,strict_research_gate_failed,1.0,0.0014213199518834,3.5532998797085003,0.0014213199518834,True,False,0.975,unknown_missing_atr_risk,2.0,0.0014213199518834,3.5532998797085003,0.0028426399037668,True,False,0.9875,unknown_missing_atr_risk,4.0,0.0014213199518834,3.5532998797085003,0.0056852798075336,False,True,0.99375,fail_overnight_constraint,2.0,False
FUT/GC,1h,state_ext=stretched_up + state_vol=mid_vol,short,rolling,FUT/GC|1h|state_ext=stretched_up + state_vol=mid_vol|rolling,research_only,False,False,11,0.001190722409938,0.5476711241338239,4,0,0000,0,False,False,0.0011513753612403,-0.0002951867360419,False,risk data unavailable: lifecycle has no per-candidate ATR/R input; auto-promotion remains disabled until that evidence source exists,strict_research_gate_failed,1.0,0.001190722409938,2.9768060248449997,0.001190722409938,True,False,0.975,unknown_missing_atr_risk,2.0,0.001190722409938,2.9768060248449997,0.002381444819876,True,False,0.9875,unknown_missing_atr_risk,4.0,0.001190722409938,2.9768060248449997,0.004762889639752,False,True,0.99375,fail_overnight_constraint,2.0,False
FUT/NQ,1h,state_session=morning + state_slope=uptrend,long,rolling,FUT/NQ|1h|state_session=morning + state_slope=uptrend|rolling,research_only,False,False,370,0.0014804406441704,0.0060309606161057,4,2,0011,0,False,False,0.0010202343314403,0.0006460571734177,False,risk data unavailable: lifecycle has no per-candidate ATR/R input; auto-promotion remains disabled until that evidence source exists,strict_research_gate_failed,1.0,0.0014804406441704,3.701101610426,0.0014804406441704,True,False,0.975,unknown_missing_atr_risk,2.0,0.0014804406441704,3.701101610426,0.0029608812883408,True,False,0.9875,unknown_missing_atr_risk,4.0,0.0014804406441704,3.701101610426,0.0059217625766816,False,True,0.99375,fail_overnight_constraint,2.0,False
FUT/NQ,1h,state_session=afternoon + state_ext=stretched_up,long,rolling,FUT/NQ|1h|state_session=afternoon + state_ext=stretched_up|rolling,research_only,False,False,27,0.0029532646752607,0.0167719624894082,4,1,0010,0,False,False,0.0024930583625307,0.0001683385340315,False,risk data unavailable: lifecycle has no per-candidate ATR/R input; auto-promotion remains disabled until that evidence source exists,strict_research_gate_failed,1.0,0.0029532646752607,7.38316168815175,0.0029532646752607,True,False,0.975,unknown_missing_atr_risk,2.0,0.0029532646752607,7.38316168815175,0.0059065293505214,True,False,0.9875,unknown_missing_atr_risk,4.0,0.0029532646752607,7.38316168815175,0.0118130587010428,False,True,0.99375,fail_overnight_constraint,2.0,False
FUT/NQ,1h,state_ext=neutral + state_vol=mid_vol,short,rolling,FUT/NQ|1h|state_ext=neutral + state_vol=mid_vol|rolling,research_only,False,False,689,-0.0002014870931207,0.599288043759838,4,0,0000,0,False,False,0.0006587192196093,3.0881325823098744e-05,False,risk data unavailable: lifecycle has no per-candidate ATR/R input; auto-promotion remains disabled until that evidence source exists,strict_research_gate_failed,1.0,-0.0002014870931207,-0.50371773280175,-0.0002014870931207,True,False,0.975,unknown_missing_atr_risk,2.0,-0.0002014870931207,-0.50371773280175,-0.0004029741862414,True,False,0.9875,unknown_missing_atr_risk,4.0,-0.0002014870931207,-0.50371773280175,-0.0008059483724828,False,True,0.99375,fail_overnight_constraint,2.0,False
FUT/NQ,1h,state_session=afternoon + state_ext=stretched_down,long,rolling,FUT/NQ|1h|state_session=afternoon + state_ext=stretched_down|rolling,research_only,False,False,17,0.0027535017866534,0.0889742071696888,4,0,0000,0,False,False,0.0022932954739233,0.0019066848792785,False,risk data unavailable: lifecycle has no per-candidate ATR/R input; auto-promotion remains disabled until that evidence source exists,strict_research_gate_failed,1.0,0.0027535017866534,6.8837544666335,0.0027535017866534,True,False,0.975,unknown_missing_atr_risk,2.0,0.0027535017866534,6.8837544666335,0.0055070035733068,True,False,0.9875,unknown_missing_atr_risk,4.0,0.0027535017866534,6.8837544666335,0.0110140071466136,False,True,0.99375,fail_overnight_constraint,2.0,False
FUT/NQ,1h,state_session=afternoon + state_slope=downtrend,long,rolling,FUT/NQ|1h|state_session=afternoon + state_slope=downtrend|rolling,research_only,False,False,240,0.0009486507006205,0.1359983122834616,4,0,0000,0,False,False,0.0004884443878904,0.0005784963766098,False,risk data unavailable: lifecycle has no per-candidate ATR/R input; auto-promotion remains disabled until that evidence source exists,strict_research_gate_failed,1.0,0.0009486507006205,2.37162675155125,0.0009486507006205,True,False,0.975,unknown_missing_atr_risk,2.0,0.0009486507006205,2.37162675155125,0.001897301401241,True,False,0.9875,unknown_missing_atr_risk,4.0,0.0009486507006205,2.37162675155125,0.003794602802482,False,True,0.99375,fail_overnight_constraint,2.0,False
FUT/NQ,1h,state_session=lunch + state_slope=flat,long,rolling,FUT/NQ|1h|state_session=lunch + state_slope=flat|rolling,research_only,False,False,42,0.0013974443393698,0.1736134637570496,4,0,0000,0,False,False,0.0009372380266397,0.0005476668864274,False,risk data unavailable: lifecycle has no per-candidate ATR/R input; auto-promotion remains disabled until that evidence source exists,strict_research_gate_failed,1.0,0.0013974443393698,3.4936108484245,0.0013974443393698,True,False,0.975,unknown_missing_atr_risk,2.0,0.0013974443393698,3.4936108484245,0.0027948886787396,True,False,0.9875,unknown_missing_atr_risk,4.0,0.0013974443393698,3.4936108484245,0.0055897773574792,False,True,0.99375,fail_overnight_constraint,2.0,False
FUT/NQ,1h,state_session=lunch + state_slope=uptrend,long,rolling,FUT/NQ|1h|state_session=lunch + state_slope=uptrend|rolling,research_only,False,False,58,0.0013639817996323,0.0574064660024427,4,0,0000,0,False,False,0.0009037754869022,0.0005142043466899,False,risk data unavailable: lifecycle has no per-candidate ATR/R input; auto-promotion remains disabled until that evidence source exists,strict_research_gate_failed,1.0,0.0013639817996323,3.40995449908075,0.0013639817996323,True,False,0.975,unknown_missing_atr_risk,2.0,0.0013639817996323,3.40995449908075,0.0027279635992646,True,False,0.9875,unknown_missing_atr_risk,4.0,0.0013639817996323,3.40995449908075,0.0054559271985292,False,True,0.99375,fail_overnight_constraint,2.0,False
FUT/NQ,1h,state_session=morning + state_ext=neutral,long,rolling,FUT/NQ|1h|state_session=morning + state_ext=neutral|rolling,research_only,False,False,859,0.0004770569674765,0.2697961697767441,4,0,0000,0,False,False,1.685065474650414e-05,1.4106590244341144e-05,False,risk data unavailable: lifecycle has no per-candidate ATR/R input; auto-promotion remains disabled until that evidence source exists,strict_research_gate_failed,1.0,0.0004770569674765,1.19264241869125,0.0004770569674765,True,False,0.975,unknown_missing_atr_risk,2.0,0.0004770569674765,1.19264241869125,0.000954113934953,True,False,0.9875,unknown_missing_atr_risk,4.0,0.0004770569674765,1.19264241869125,0.001908227869906,False,True,0.99375,fail_overnight_constraint,2.0,False
FUT/NQ,1h,state_ext=stretched_up + state_slope=uptrend,long,rolling,FUT/NQ|1h|state_ext=stretched_up + state_slope=uptrend|rolling,research_only,False,False,49,0.0027849261412292,0.0099730240301123,4,1,0001,0,False,False,0.0023247198284991,0.0,False,risk data unavailable: lifecycle has no per-candidate ATR/R input; auto-promotion remains disabled until that evidence source exists,strict_research_gate_failed,1.0,0.0027849261412292,6.9623153530729995,0.0027849261412292,True,False,0.975,unknown_missing_atr_risk,2.0,0.0027849261412292,6.9623153530729995,0.0055698522824584,True,False,0.9875,unknown_missing_atr_risk,4.0,0.0027849261412292,6.9623153530729995,0.0111397045649168,False,True,0.99375,fail_overnight_constraint,2.0,False
FUT/NQ,1h,state_ext=stretched_up + state_vol=high_vol,long,rolling,FUT/NQ|1h|state_ext=stretched_up + state_vol=high_vol|rolling,research_only,False,False,49,0.0027849261412292,0.0099730240301123,4,1,0001,0,False,False,0.0023247198284991,0.0,False,risk data unavailable: lifecycle has no per-candidate ATR/R input; auto-promotion remains disabled until that evidence source exists,strict_research_gate_failed,1.0,0.0027849261412292,6.9623153530729995,0.0027849261412292,True,False,0.975,unknown_missing_atr_risk,2.0,0.0027849261412292,6.9623153530729995,0.0055698522824584,True,False,0.9875,unknown_missing_atr_risk,4.0,0.0027849261412292,6.9623153530729995,0.0111397045649168,False,True,0.99375,fail_overnight_constraint,2.0,False
FUT/NQ,1h,state_session=lunch + state_ext=stretched_down,long,rolling,FUT/NQ|1h|state_session=lunch + state_ext=stretched_down|rolling,research_only,False,False,8,0.0013030178851779,0.7366322920167563,4,0,0000,0,False,False,0.0008428115724478,0.0004532404322355,False,risk data unavailable: lifecycle has no per-candidate ATR/R input; auto-promotion remains disabled until that evidence source exists,strict_research_gate_failed,1.0,0.0013030178851779,3.25754471294475,0.0013030178851779,True,False,0.975,unknown_missing_atr_risk,2.0,0.0013030178851779,3.25754471294475,0.0026060357703558,True,False,0.9875,unknown_missing_atr_risk,4.0,0.0013030178851779,3.25754471294475,0.0052120715407116,False,True,0.99375,fail_overnight_constraint,2.0,False
FUT/NQ,1h,state_ext=neutral + state_vol=high_vol,long,rolling,FUT/NQ|1h|state_ext=neutral + state_vol=high_vol|rolling,research_only,False,False,716,0.0010141599795836,0.0449570877915617,4,0,0000,0,False,False,0.0005539536668535,-8.659061365480893e-05,False,risk data unavailable: lifecycle has no per-candidate ATR/R input; auto-promotion remains disabled until that evidence source exists,strict_research_gate_failed,1.0,0.0010141599795836,2.535399948959,0.0010141599795836,True,False,0.975,unknown_missing_atr_risk,2.0,0.0010141599795836,2.535399948959,0.0020283199591672,True,False,0.9875,unknown_missing_atr_risk,4.0,0.0010141599795836,2.535399948959,0.0040566399183344,False,True,0.99375,fail_overnight_constraint,2.0,False
FUT/NQ,1h,state_session=morning + state_slope=flat,short,rolling,FUT/NQ|1h|state_session=morning + state_slope=flat|rolling,research_only,False,False,231,-0.0010702988867595,0.0671182209000449,4,0,0000,0,False,False,-0.0002100925740294,-0.0002073485095272,False,risk data unavailable: lifecycle has no per-candidate ATR/R input; auto-promotion remains disabled until that evidence source exists,strict_research_gate_failed,1.0,-0.0010702988867595,-2.67574721689875,-0.0010702988867595,True,False,0.975,unknown_missing_atr_risk,2.0,-0.0010702988867595,-2.67574721689875,-0.002140597773519,True,False,0.9875,unknown_missing_atr_risk,4.0,-0.0010702988867595,-2.67574721689875,-0.004281195547038,False,True,0.99375,fail_overnight_constraint,2.0,False
FUT/NQ,1h,state_session=morning + state_ext=stretched_up,long,rolling,FUT/NQ|1h|state_session=morning + state_ext=stretched_up|rolling,research_only,False,False,18,0.0015373554543743,0.3796359151081758,4,0,0000,0,False,False,0.0010771491416442,-0.0012475706868549,False,risk data unavailable: lifecycle has no per-candidate ATR/R input; auto-promotion remains disabled until that evidence source exists,strict_research_gate_failed,1.0,0.0015373554543743,3.84338863593575,0.0015373554543743,True,False,0.975,unknown_missing_atr_risk,2.0,0.0015373554543743,3.84338863593575,0.0030747109087486,True,False,0.9875,unknown_missing_atr_risk,4.0,0.0015373554543743,3.84338863593575,0.0061494218174972,False,True,0.99375,fail_overnight_constraint,2.0,False
FUT/NQ,1h,state_ext=neutral + state_slope=flat,long,rolling,FUT/NQ|1h|state_ext=neutral + state_slope=flat|rolling,research_only,False,False,412,0.0005911254964299,0.216498009441703,4,0,0000,0,False,False,0.0001309191836998,-3.5654672756734525e-05,False,risk data unavailable: lifecycle has no per-candidate ATR/R input; auto-promotion remains disabled until that evidence source exists,strict_research_gate_failed,1.0,0.0005911254964299,1.4778137410747498,0.0005911254964299,True,False,0.975,unknown_missing_atr_risk,2.0,0.0005911254964299,1.4778137410747498,0.0011822509928598,True,False,0.9875,unknown_missing_atr_risk,4.0,0.0005911254964299,1.4778137410747498,0.0023645019857196,False,True,0.99375,fail_overnight_constraint,2.0,False
FUT/NQ,1h,state_ext=neutral + state_slope=uptrend,long,rolling,FUT/NQ|1h|state_ext=neutral + state_slope=uptrend|rolling,research_only,False,False,674,0.000670959108871,0.0798172446004552,4,0,0000,0,False,False,0.000210752796141,-0.0001634243618815,False,risk data unavailable: lifecycle has no per-candidate ATR/R input; auto-promotion remains disabled until that evidence source exists,strict_research_gate_failed,1.0,0.000670959108871,1.6773977721775002,0.000670959108871,True,False,0.975,unknown_missing_atr_risk,2.0,0.000670959108871,1.6773977721775002,0.001341918217742,True,False,0.9875,unknown_missing_atr_risk,4.0,0.000670959108871,1.6773977721775002,0.002683836435484,False,True,0.99375,fail_overnight_constraint,2.0,False
FUT/NQ,1h,state_session=lunch + state_ext=neutral,long,rolling,FUT/NQ|1h|state_session=lunch + state_ext=neutral|rolling,research_only,False,False,138,0.0006376205677571,0.4137572068919397,4,0,0000,0,False,False,0.000177414255027,-0.0002121568851852,False,risk data unavailable: lifecycle has no per-candidate ATR/R input; auto-promotion remains disabled until that evidence source exists,strict_research_gate_failed,1.0,0.0006376205677571,1.59405141939275,0.0006376205677571,True,False,0.975,unknown_missing_atr_risk,2.0,0.0006376205677571,1.59405141939275,0.0012752411355142,True,False,0.9875,unknown_missing_atr_risk,4.0,0.0006376205677571,1.59405141939275,0.0025504822710284,False,True,0.99375,fail_overnight_constraint,2.0,False
FUT/NQ,1h,state_ext=stretched_down + state_vol=high_vol,long,rolling,FUT/NQ|1h|state_ext=stretched_down + state_vol=high_vol|rolling,research_only,False,False,29,0.0003929670596278,0.8940096731733531,4,1,0100,0,False,False,-6.723925310226351e-05,-0.0007077835336105,False,risk data unavailable: lifecycle has no per-candidate ATR/R input; auto-promotion remains disabled until that evidence source exists,strict_research_gate_failed,1.0,0.0003929670596278,0.9824176490695,0.0003929670596278,True,False,0.975,unknown_missing_atr_risk,2.0,0.0003929670596278,0.9824176490695,0.0007859341192556,True,False,0.9875,unknown_missing_atr_risk,4.0,0.0003929670596278,0.9824176490695,0.0015718682385112,False,True,0.99375,fail_overnight_constraint,2.0,False
FUT/NQ,1h,state_ext=stretched_down + state_slope=downtrend,long,rolling,FUT/NQ|1h|state_ext=stretched_down + state_slope=downtrend|rolling,research_only,False,False,35,1.7425934352233672e-05,0.9933201054722832,4,1,0100,0,False,False,-0.0004427803783778,-0.0008293909730227,False,risk data unavailable: lifecycle has no per-candidate ATR/R input; auto-promotion remains disabled until that evidence source exists,strict_research_gate_failed,1.0,1.7425934352233672e-05,0.04356483588058418,1.7425934352233672e-05,True,False,0.975,unknown_missing_atr_risk,2.0,1.7425934352233672e-05,0.04356483588058418,3.4851868704467344e-05,True,False,0.9875,unknown_missing_atr_risk,4.0,1.7425934352233672e-05,0.04356483588058418,6.970373740893469e-05,False,True,0.99375,fail_overnight_constraint,2.0,False
FUT/NQ,1h,state_session=afternoon + state_slope=uptrend,long,rolling,FUT/NQ|1h|state_session=afternoon + state_slope=uptrend|rolling,research_only,False,False,296,-7.696064154323754e-05,0.8528352574464042,4,0,0000,0,False,False,-0.0005371669542733,-0.0009113441122959,False,risk data unavailable: lifecycle has no per-candidate ATR/R input; auto-promotion remains disabled until that evidence source exists,strict_research_gate_failed,1.0,-7.696064154323754e-05,-0.19240160385809385,-7.696064154323754e-05,True,False,0.975,unknown_missing_atr_risk,2.0,-7.696064154323754e-05,-0.19240160385809385,-0.00015392128308647508,True,False,0.9875,unknown_missing_atr_risk,4.0,-7.696064154323754e-05,-0.19240160385809385,-0.00030784256617295017,False,True,0.99375,fail_overnight_constraint,2.0,False
FUT/NQ,1h,state_session=morning + state_slope=downtrend,long,rolling,FUT/NQ|1h|state_session=morning + state_slope=downtrend|rolling,research_only,False,False,288,-0.0010105527632814,0.1878160029466415,4,0,0000,0,False,False,-0.0014707590760114,-0.0014735031405136,False,risk data unavailable: lifecycle has no per-candidate ATR/R input; auto-promotion remains disabled until that evidence source exists,strict_research_gate_failed,1.0,-0.0010105527632814,-2.5263819082034997,-0.0010105527632814,True,False,0.975,unknown_missing_atr_risk,2.0,-0.0010105527632814,-2.5263819082034997,-0.0020211055265628,True,False,0.9875,unknown_missing_atr_risk,4.0,-0.0010105527632814,-2.5263819082034997,-0.0040422110531256,False,True,0.99375,fail_overnight_constraint,2.0,False
FUT/NQ,1h,state_session=afternoon + state_ext=neutral,long,rolling,FUT/NQ|1h|state_session=afternoon + state_ext=neutral|rolling,research_only,False,False,632,0.0001956908962438,0.6065283676500286,4,0,0000,0,False,False,-0.0002645154164862,-0.000185807090152,False,risk data unavailable: lifecycle has no per-candidate ATR/R input; auto-promotion remains disabled until that evidence source exists,strict_research_gate_failed,1.0,0.0001956908962438,0.4892272406095,0.0001956908962438,True,False,0.975,unknown_missing_atr_risk,2.0,0.0001956908962438,0.4892272406095,0.0003913817924876,True,False,0.9875,unknown_missing_atr_risk,4.0,0.0001956908962438,0.4892272406095,0.0007827635849752,False,True,0.99375,fail_overnight_constraint,2.0,False
FUT/NQ,1h,state_ext=neutral + state_vol=low_vol,long,rolling,FUT/NQ|1h|state_ext=neutral + state_vol=low_vol|rolling,research_only,False,False,224,0.000143290479004,0.8100158342036221,4,0,0000,0,False,False,-0.000316915833726,-0.0002382075073918,False,risk data unavailable: lifecycle has no per-candidate ATR/R input; auto-promotion remains disabled until that evidence source exists,strict_research_gate_failed,1.0,0.000143290479004,0.35822619751,0.000143290479004,True,False,0.975,unknown_missing_atr_risk,2.0,0.000143290479004,0.35822619751,0.000286580958008,True,False,0.9875,unknown_missing_atr_risk,4.0,0.000143290479004,0.35822619751,0.000573161916016,False,True,0.99375,fail_overnight_constraint,2.0,False
FUT/NQ,1h,state_session=afternoon + state_slope=flat,long,rolling,FUT/NQ|1h|state_session=afternoon + state_slope=flat|rolling,research_only,False,False,140,0.0003237750341366,0.6166348774540305,4,0,0000,0,False,False,-0.0001364312785934,-0.00030300513505,False,risk data unavailable: lifecycle has no per-candidate ATR/R input; auto-promotion remains disabled until that evidence source exists,strict_research_gate_failed,1.0,0.0003237750341366,0.8094375853415,0.0003237750341366,True,False,0.975,unknown_missing_atr_risk,2.0,0.0003237750341366,0.8094375853415,0.0006475500682732,True,False,0.9875,unknown_missing_atr_risk,4.0,0.0003237750341366,0.8094375853415,0.0012951001365464,False,True,0.99375,fail_overnight_constraint,2.0,False
FUT/NQ,1h,state_ext=neutral + state_slope=downtrend,long,rolling,FUT/NQ|1h|state_ext=neutral + state_slope=downtrend|rolling,research_only,False,False,543,-0.0001368506888937,0.807843870721618,4,0,0000,0,False,False,-0.0005970570016237,-0.0005183486752896,False,risk data unavailable: lifecycle has no per-candidate ATR/R input; auto-promotion remains disabled until that evidence source exists,strict_research_gate_failed,1.0,-0.0001368506888937,-0.34212672223425,-0.0001368506888937,True,False,0.975,unknown_missing_atr_risk,2.0,-0.0001368506888937,-0.34212672223425,-0.0002737013777874,True,False,0.9875,unknown_missing_atr_risk,4.0,-0.0001368506888937,-0.34212672223425,-0.0005474027555748,False,True,0.99375,fail_overnight_constraint,2.0,False
FUT/NQ,1h,state_session=lunch + state_slope=downtrend,long,rolling,FUT/NQ|1h|state_session=lunch + state_slope=downtrend|rolling,research_only,False,False,50,-0.0002067397738169,0.9054896298335452,4,0,0000,0,False,False,-0.000666946086547,-0.0010565172267593,False,risk data unavailable: lifecycle has no per-candidate ATR/R input; auto-promotion remains disabled until that evidence source exists,strict_research_gate_failed,1.0,-0.0002067397738169,-0.51684943454225,-0.0002067397738169,True,False,0.975,unknown_missing_atr_risk,2.0,-0.0002067397738169,-0.51684943454225,-0.0004134795476338,True,False,0.9875,unknown_missing_atr_risk,4.0,-0.0002067397738169,-0.51684943454225,-0.0008269590952676,False,True,0.99375,fail_overnight_constraint,2.0,False
FUT/NQ,1h,state_session=morning + state_ext=stretched_down,long,rolling,FUT/NQ|1h|state_session=morning + state_ext=stretched_down|rolling,research_only,False,False,12,-0.0021584539901382,0.4817281534331625,4,0,0000,0,False,False,-0.0026186603028683,-0.0030052708975132,False,risk data unavailable: lifecycle has no per-candidate ATR/R input; auto-promotion remains disabled until that evidence source exists,strict_research_gate_failed,1.0,-0.0021584539901382,-5.3961349753455,-0.0021584539901382,True,False,0.975,unknown_missing_atr_risk,2.0,-0.0021584539901382,-5.3961349753455,-0.0043169079802764,True,False,0.9875,unknown_missing_atr_risk,4.0,-0.0021584539901382,-5.3961349753455,-0.0086338159605528,False,True,0.99375,fail_overnight_constraint,2.0,False
FUT/ZN,1h,state_session=morning + state_slope=flat,short,rolling,FUT/ZN|1h|state_session=morning + state_slope=flat|rolling,research_only,False,False,309,1.7672249221361904e-05,0.9110132717885906,4,0,0000,0,False,False,0.0001867114292888,0.0001005699277904,False,risk data unavailable: lifecycle has no per-candidate ATR/R input; auto-promotion remains disabled until that evidence source exists,strict_research_gate_failed,1.0,1.7672249221361904e-05,0.04418062305340476,1.7672249221361904e-05,True,False,0.975,unknown_missing_atr_risk,2.0,1.7672249221361904e-05,0.04418062305340476,3.534449844272381e-05,True,False,0.9875,unknown_missing_atr_risk,4.0,1.7672249221361904e-05,0.04418062305340476,7.068899688544762e-05,False,True,0.99375,fail_overnight_constraint,2.0,False
FUT/ZN,1h,state_session=afternoon + state_slope=downtrend,short,rolling,FUT/ZN|1h|state_session=afternoon + state_slope=downtrend|rolling,research_only,False,False,260,-0.0001564822910151,0.1506651353011803,4,0,0000,0,False,False,1.2556889052317788e-05,5.729449107693468e-05,False,risk data unavailable: lifecycle has no per-candidate ATR/R input; auto-promotion remains disabled until that evidence source exists,strict_research_gate_failed,1.0,-0.0001564822910151,-0.39120572753775,-0.0001564822910151,True,False,0.975,unknown_missing_atr_risk,2.0,-0.0001564822910151,-0.39120572753775,-0.0003129645820302,True,False,0.9875,unknown_missing_atr_risk,4.0,-0.0001564822910151,-0.39120572753775,-0.0006259291640604,False,True,0.99375,fail_overnight_constraint,2.0,False
FUT/ZN,1h,state_session=lunch + state_slope=downtrend,short,rolling,FUT/ZN|1h|state_session=lunch + state_slope=downtrend|rolling,research_only,False,False,47,0.0001171093643238,0.5846667087118465,4,0,0000,0,False,False,0.0002861485443913,0.0001662121073439,False,risk data unavailable: lifecycle has no per-candidate ATR/R input; auto-promotion remains disabled until that evidence source exists,strict_research_gate_failed,1.0,0.0001171093643238,0.29277341080950003,0.0001171093643238,True,False,0.975,unknown_missing_atr_risk,2.0,0.0001171093643238,0.29277341080950003,0.0002342187286476,True,False,0.9875,unknown_missing_atr_risk,4.0,0.0001171093643238,0.29277341080950003,0.0004684374572952,False,True,0.99375,fail_overnight_constraint,2.0,False
FUT/ZN,1h,state_session=lunch + state_slope=uptrend,short,rolling,FUT/ZN|1h|state_session=lunch + state_slope=uptrend|rolling,research_only,False,False,53,-3.915500027097445e-05,0.8308192203428482,4,0,0000,0,False,False,0.0001298841797965,9.947742749091572e-06,False,risk data unavailable: lifecycle has no per-candidate ATR/R input; auto-promotion remains disabled until that evidence source exists,strict_research_gate_failed,1.0,-3.915500027097445e-05,-0.09788750067743614,-3.915500027097445e-05,True,False,0.975,unknown_missing_atr_risk,2.0,-3.915500027097445e-05,-0.09788750067743614,-7.83100005419489e-05,True,False,0.9875,unknown_missing_atr_risk,4.0,-3.915500027097445e-05,-0.09788750067743614,-0.0001566200010838978,False,True,0.99375,fail_overnight_constraint,2.0,False
FUT/ZN,1h,state_session=morning + state_slope=downtrend,long,rolling,FUT/ZN|1h|state_session=morning + state_slope=downtrend|rolling,research_only,False,False,298,7.283320594296366e-06,0.9607618051148388,4,0,0000,0,False,False,0.0002382441405267,0.0001485202047631,False,risk data unavailable: lifecycle has no per-candidate ATR/R input; auto-promotion remains disabled until that evidence source exists,strict_research_gate_failed,1.0,7.283320594296366e-06,0.018208301485740916,7.283320594296366e-06,True,False,0.975,unknown_missing_atr_risk,2.0,7.283320594296366e-06,0.018208301485740916,1.4566641188592732e-05,True,False,0.9875,unknown_missing_atr_risk,4.0,7.283320594296366e-06,0.018208301485740916,2.9133282377185464e-05,False,True,0.99375,fail_overnight_constraint,2.0,False
FUT/ZN,1h,state_session=morning + state_ext=neutral,long,rolling,FUT/ZN|1h|state_session=morning + state_ext=neutral|rolling,research_only,False,False,875,-0.0002450329066496,0.0105164870947844,4,0,0000,0,False,False,-1.4072086717167664e-05,-1.4072086717167664e-05,False,risk data unavailable: lifecycle has no per-candidate ATR/R input; auto-promotion remains disabled until that evidence source exists,strict_research_gate_failed,1.0,-0.0002450329066496,-0.6125822666240001,-0.0002450329066496,True,False,0.975,unknown_missing_atr_risk,2.0,-0.0002450329066496,-0.6125822666240001,-0.0004900658132992,True,False,0.9875,unknown_missing_atr_risk,4.0,-0.0002450329066496,-0.6125822666240001,-0.0009801316265984,False,True,0.99375,fail_overnight_constraint,2.0,False
FUT/ZN,1h,state_ext=neutral + state_vol=high_vol,short,rolling,FUT/ZN|1h|state_ext=neutral + state_vol=high_vol|rolling,research_only,False,False,790,-0.0002932338793747,0.0013325324155049,4,0,0000,0,False,False,-0.0001241946993072,-0.0001241946993072,False,risk data unavailable: lifecycle has no per-candidate ATR/R input; auto-promotion remains disabled until that evidence source exists,strict_research_gate_failed,1.0,-0.0002932338793747,-0.7330846984367501,-0.0002932338793747,True,False,0.975,unknown_missing_atr_risk,2.0,-0.0002932338793747,-0.7330846984367501,-0.0005864677587494,True,False,0.9875,unknown_missing_atr_risk,4.0,-0.0002932338793747,-0.7330846984367501,-0.0011729355174988,False,True,0.99375,fail_overnight_constraint,2.0,False
FUT/ZN,1h,state_ext=neutral + state_vol=low_vol,long,rolling,FUT/ZN|1h|state_ext=neutral + state_vol=low_vol|rolling,research_only,False,False,327,-0.0003875844213497,0.0075715466779162,4,0,0000,0,False,False,-0.0001566236014172,-0.0001566236014172,False,risk data unavailable: lifecycle has no per-candidate ATR/R input; auto-promotion remains disabled until that evidence source exists,strict_research_gate_failed,1.0,-0.0003875844213497,-0.96896105337425,-0.0003875844213497,True,False,0.975,unknown_missing_atr_risk,2.0,-0.0003875844213497,-0.96896105337425,-0.0007751688426994,True,False,0.9875,unknown_missing_atr_risk,4.0,-0.0003875844213497,-0.96896105337425,-0.0015503376853988,False,True,0.99375,fail_overnight_constraint,2.0,False
FUT/ZN,1h,state_session=afternoon + state_ext=neutral,short,rolling,FUT/ZN|1h|state_session=afternoon + state_ext=neutral|rolling,research_only,False,False,672,-0.0002137767820921,0.0034485448680277,4,0,0000,0,False,False,-4.473760202461689e-05,-4.473760202461689e-05,False,risk data unavailable: lifecycle has no per-candidate ATR/R input; auto-promotion remains disabled until that evidence source exists,strict_research_gate_failed,1.0,-0.0002137767820921,-0.5344419552302501,-0.0002137767820921,True,False,0.975,unknown_missing_atr_risk,2.0,-0.0002137767820921,-0.5344419552302501,-0.0004275535641842,True,False,0.9875,unknown_missing_atr_risk,4.0,-0.0002137767820921,-0.5344419552302501,-0.0008551071283684,False,True,0.99375,fail_overnight_constraint,2.0,False
FUT/ZN,1h,state_session=afternoon + state_slope=uptrend,short,rolling,FUT/ZN|1h|state_session=afternoon + state_slope=uptrend|rolling,research_only,False,False,254,-0.0002579358405719,0.0087814471101315,4,0,0000,0,False,False,-8.889666050449359e-05,-0.0001061490220093,False,risk data unavailable: lifecycle has no per-candidate ATR/R input; auto-promotion remains disabled until that evidence source exists,strict_research_gate_failed,1.0,-0.0002579358405719,-0.6448396014297499,-0.0002579358405719,True,False,0.975,unknown_missing_atr_risk,2.0,-0.0002579358405719,-0.6448396014297499,-0.0005158716811438,True,False,0.9875,unknown_missing_atr_risk,4.0,-0.0002579358405719,-0.6448396014297499,-0.0010317433622876,False,True,0.99375,fail_overnight_constraint,2.0,False
FUT/ZN,1h,state_session=morning + state_slope=uptrend,long,rolling,FUT/ZN|1h|state_session=morning + state_slope=uptrend|rolling,research_only,False,False,268,-0.000326542902411,0.0383539932499084,4,0,0000,0,False,False,-9.558208247852991e-05,-8.150999576136226e-05,False,risk data unavailable: lifecycle has no per-candidate ATR/R input; auto-promotion remains disabled until that evidence source exists,strict_research_gate_failed,1.0,-0.000326542902411,-0.8163572560275001,-0.000326542902411,True,False,0.975,unknown_missing_atr_risk,2.0,-0.000326542902411,-0.8163572560275001,-0.000653085804822,True,False,0.9875,unknown_missing_atr_risk,4.0,-0.000326542902411,-0.8163572560275001,-0.001306171609644,False,True,0.99375,fail_overnight_constraint,2.0,False
FUT/ZN,1h,state_ext=neutral + state_slope=flat,short,rolling,FUT/ZN|1h|state_ext=neutral + state_slope=flat|rolling,research_only,False,False,515,-8.289767856912091e-05,0.5066129199010212,4,0,0000,0,False,False,8.614150149838351e-05,0.0,False,risk data unavailable: lifecycle has no per-candidate ATR/R input; auto-promotion remains disabled until that evidence source exists,strict_research_gate_failed,1.0,-8.289767856912091e-05,-0.20724419642280228,-8.289767856912091e-05,True,False,0.975,unknown_missing_atr_risk,2.0,-8.289767856912091e-05,-0.20724419642280228,-0.00016579535713824183,True,False,0.9875,unknown_missing_atr_risk,4.0,-8.289767856912091e-05,-0.20724419642280228,-0.00033159071427648365,False,True,0.99375,fail_overnight_constraint,2.0,False
FUT/ZN,1h,state_ext=neutral + state_vol=mid_vol,short,rolling,FUT/ZN|1h|state_ext=neutral + state_vol=mid_vol|rolling,research_only,False,False,578,-8.790095378849782e-05,0.3494520013028563,4,0,0000,0,False,False,8.113822627900661e-05,0.0,False,risk data unavailable: lifecycle has no per-candidate ATR/R input; auto-promotion remains disabled until that evidence source exists,strict_research_gate_failed,1.0,-8.790095378849782e-05,-0.21975238447124454,-8.790095378849782e-05,True,False,0.975,unknown_missing_atr_risk,2.0,-8.790095378849782e-05,-0.21975238447124454,-0.00017580190757699563,True,False,0.9875,unknown_missing_atr_risk,4.0,-8.790095378849782e-05,-0.21975238447124454,-0.00035160381515399126,False,True,0.99375,fail_overnight_constraint,2.0,False
FUT/ZN,1h,state_ext=neutral + state_slope=uptrend,short,rolling,FUT/ZN|1h|state_ext=neutral + state_slope=uptrend|rolling,research_only,False,False,575,-0.0001517868185625,0.1112639881024797,4,0,0000,0,False,False,1.725236150490559e-05,0.0,False,risk data unavailable: lifecycle has no per-candidate ATR/R input; auto-promotion remains disabled until that evidence source exists,strict_research_gate_failed,1.0,-0.0001517868185625,-0.37946704640625,-0.0001517868185625,True,False,0.975,unknown_missing_atr_risk,2.0,-0.0001517868185625,-0.37946704640625,-0.000303573637125,True,False,0.9875,unknown_missing_atr_risk,4.0,-0.0001517868185625,-0.37946704640625,-0.00060714727425,False,True,0.99375,fail_overnight_constraint,2.0,False
FUT/ZN,1h,state_session=lunch + state_ext=neutral,short,rolling,FUT/ZN|1h|state_session=lunch + state_ext=neutral|rolling,research_only,False,False,148,-4.9102743020066025e-05,0.77145997368341,4,0,0000,0,False,False,0.0001199364370474,0.0,False,risk data unavailable: lifecycle has no per-candidate ATR/R input; auto-promotion remains disabled until that evidence source exists,strict_research_gate_failed,1.0,-4.9102743020066025e-05,-0.12275685755016506,-4.9102743020066025e-05,True,False,0.975,unknown_missing_atr_risk,2.0,-4.9102743020066025e-05,-0.12275685755016506,-9.820548604013205e-05,True,False,0.9875,unknown_missing_atr_risk,4.0,-4.9102743020066025e-05,-0.12275685755016506,-0.0001964109720802641,False,True,0.99375,fail_overnight_constraint,2.0,False
FUT/ZN,1h,state_ext=neutral + state_slope=downtrend,long,rolling,FUT/ZN|1h|state_ext=neutral + state_slope=downtrend|rolling,research_only,False,False,605,-0.0001412368841688,0.1563730407741657,4,0,0000,0,False,False,8.972393576361684e-05,0.0,False,risk data unavailable: lifecycle has no per-candidate ATR/R input; auto-promotion remains disabled until that evidence source exists,strict_research_gate_failed,1.0,-0.0001412368841688,-0.353092210422,-0.0001412368841688,True,False,0.975,unknown_missing_atr_risk,2.0,-0.0001412368841688,-0.353092210422,-0.0002824737683376,True,False,0.9875,unknown_missing_atr_risk,4.0,-0.0001412368841688,-0.353092210422,-0.0005649475366752,False,True,0.99375,fail_overnight_constraint,2.0,False
FUT/ZN,1h,state_session=afternoon + state_slope=flat,short,rolling,FUT/ZN|1h|state_session=afternoon + state_slope=flat|rolling,research_only,False,False,158,-0.0002370689771941,0.0632795471549982,4,0,0000,0,False,False,-6.802979712660615e-05,-0.0001541712986249,False,risk data unavailable: lifecycle has no per-candidate ATR/R input; auto-promotion remains disabled until that evidence source exists,strict_research_gate_failed,1.0,-0.0002370689771941,-0.59267244298525,-0.0002370689771941,True,False,0.975,unknown_missing_atr_risk,2.0,-0.0002370689771941,-0.59267244298525,-0.0004741379543882,True,False,0.9875,unknown_missing_atr_risk,4.0,-0.0002370689771941,-0.59267244298525,-0.0009482759087764,False,True,0.99375,fail_overnight_constraint,2.0,False
FUT/ZN,1h,state_session=lunch + state_slope=flat,short,rolling,FUT/ZN|1h|state_session=lunch + state_slope=flat|rolling,research_only,False,False,48,-0.0002228360640797,0.4787822603167952,4,0,0000,0,False,False,-5.379688401225847e-05,-0.0001737333210596,False,risk data unavailable: lifecycle has no per-candidate ATR/R input; auto-promotion remains disabled until that evidence source exists,strict_research_gate_failed,1.0,-0.0002228360640797,-0.5570901601992501,-0.0002228360640797,True,False,0.975,unknown_missing_atr_risk,2.0,-0.0002228360640797,-0.5570901601992501,-0.0004456721281594,True,False,0.9875,unknown_missing_atr_risk,4.0,-0.0002228360640797,-0.5570901601992501,-0.0008913442563188,False,True,0.99375,fail_overnight_constraint,2.0,False
