symbol,timeframe,slice_combination,signal_ts_utc,signal_close,fwd_ret_5b,fwd_ret_20b,row_key,bin_mode,signal_close_adj,captured_at_utc,exit_close_5b,exit_close_20b,partial_data,side,tradeable_fwd_ret_5b,tradeable_fwd_ret_20b
AFRM,1h,state_session=afternoon + state_ext=neutral + state_slope=flat,2026-07-13 18:00:00+00:00,,,,AFRM|1h|state_session=afternoon + state_ext=neutral + state_slope=flat|2026-07-13 18:00:00+00:00,insample,82.37,2026-07-13T21:18:34.535321+00:00,,,True,short,,
AFRM,1h,state_session=afternoon + state_ext=neutral + state_slope=flat,2026-07-13 19:00:00+00:00,,,,AFRM|1h|state_session=afternoon + state_ext=neutral + state_slope=flat|2026-07-13 19:00:00+00:00,insample,81.915,2026-07-13T21:18:35.226907+00:00,,,True,short,,
AFRM,1h,state_session=afternoon + state_ext=neutral + state_slope=flat,2026-07-13 19:30:00+00:00,,0.0078143890378179,-0.0048230068998975,AFRM|1h|rolling|state_session=afternoon + state_ext=neutral + state_slope=flat|2026-07-13 19:30:00+00:00,rolling,81.9000015258789,2026-07-17T16:18:55.594180+00:00,82.54,81.50499725341797,False,short,-0.0078143890378179,0.0048230068998975
AFRM,1h,state_session=afternoon + state_ext=neutral + state_slope=flat,2026-07-15 18:00:00+00:00,,0.0121044546850999,,AFRM|1h|rolling|state_session=afternoon + state_ext=neutral + state_slope=flat|2026-07-15 18:00:00+00:00,rolling,81.375,2026-07-17T16:18:56.066143+00:00,82.36,,True,short,-0.0121044546850999,
AFRM,1h,state_session=afternoon + state_ext=neutral + state_slope=flat,2026-07-15 19:00:00+00:00,,-0.0105907560453014,,AFRM|1h|rolling|state_session=afternoon + state_ext=neutral + state_slope=flat|2026-07-15 19:00:00+00:00,rolling,81.675,2026-07-17T16:18:56.421995+00:00,80.81,,True,short,0.0105907560453014,
AMAT,1d,cross_USO_state_vol=high_vol + state_ext=stretched_down,2026-07-17 04:00:00+00:00,,,,AMAT|1d|rolling|cross_USO_state_vol=high_vol + state_ext=stretched_down|2026-07-17,rolling,529.6599731445312,2026-07-22T21:21:31.671780+00:00,,,True,long,,
AMAT,1d,cross_USO_state_vol=high_vol + state_ext=stretched_down,2026-07-20 04:00:00+00:00,,,,AMAT|1d|rolling|cross_USO_state_vol=high_vol + state_ext=stretched_down|2026-07-20,rolling,525.7000122070312,2026-07-22T21:21:49.525587+00:00,,,True,long,,
AMAT,1d,cross_USO_state_vol=high_vol + state_ext=stretched_down,2026-07-21 04:00:00+00:00,,,,AMAT|1d|rolling|cross_USO_state_vol=high_vol + state_ext=stretched_down|2026-07-21,rolling,564.5499877929688,2026-07-22T21:22:06.400404+00:00,,,True,long,,
AMC,1h,cross_TLT_state_slope=flat + state_slope=flat,2026-07-16 19:00:00+00:00,,-0.0585366109522377,0.1756097560975611,AMC|1h|rolling|cross_TLT_state_slope=flat + state_slope=flat|2026-07-16 19:00:00+00:00,rolling,2.05,2026-07-20T20:18:41.899482+00:00,1.9299999475479128,2.41,False,short,0.0585366109522377,-0.1756097560975611
AMC,1h,cross_TLT_state_slope=flat + state_slope=flat,2026-07-17 13:00:00+00:00,,0.0198461703765087,0.2564102564102566,AMC|1h|rolling|cross_TLT_state_slope=flat + state_slope=flat|2026-07-17 13:00:00+00:00,rolling,1.95,2026-07-20T20:18:41.910469+00:00,1.988700032234192,2.45,False,short,-0.0198461703765087,-0.2564102564102566
AMC,1h,cross_TLT_state_slope=flat + state_slope=flat,2026-07-17 14:00:00+00:00,,0.0259740383594067,,AMC|1h|rolling|cross_TLT_state_slope=flat + state_slope=flat|2026-07-17 14:00:00+00:00,rolling,1.925,2026-07-20T20:18:41.920217+00:00,1.975000023841858,,True,short,-0.0259740383594067,
AMC,1h,cross_TLT_state_slope=flat + state_slope=flat,2026-07-17 15:00:00+00:00,,-0.0127226171906061,,AMC|1h|rolling|cross_TLT_state_slope=flat + state_slope=flat|2026-07-17 15:00:00+00:00,rolling,1.965,2026-07-20T20:18:42.039716+00:00,1.940000057220459,,True,short,0.0127226171906061,
AMC,1h,cross_TLT_state_slope=flat + state_slope=flat,2026-07-20 13:00:00+00:00,,0.10250569476082,,AMC|1h|rolling|cross_TLT_state_slope=flat + state_slope=flat|2026-07-20 13:00:00+00:00,rolling,2.195,2026-07-20T20:18:43.143666+00:00,2.42,,True,short,-0.10250569476082,
AMT,1h,cross_USO_state_slope=uptrend + state_slope=downtrend,2026-07-20 19:00:00+00:00,,-0.0156264032330489,,AMT|1h|rolling|cross_USO_state_slope=uptrend + state_slope=downtrend|2026-07-20 19:00:00+00:00,rolling,167.025,2026-07-22T21:21:35.866305+00:00,164.415,,True,long,-0.0156264032330489,
AMT,1h,cross_USO_state_slope=uptrend + state_slope=downtrend,2026-07-21 13:00:00+00:00,,-0.0095641646489103,,AMT|1h|rolling|cross_USO_state_slope=uptrend + state_slope=downtrend|2026-07-21 13:00:00+00:00,rolling,165.2,2026-07-22T21:21:36.570925+00:00,163.62,,True,long,-0.0095641646489103,
AMT,1h,cross_USO_state_slope=uptrend + state_slope=downtrend,2026-07-21 14:00:00+00:00,,-0.013107822410148,,AMT|1h|rolling|cross_USO_state_slope=uptrend + state_slope=downtrend|2026-07-21 14:00:00+00:00,rolling,165.55,2026-07-22T21:21:38.665698+00:00,163.38,,True,long,-0.013107822410148,
AMT,1h,cross_USO_state_slope=uptrend + state_slope=downtrend,2026-07-21 15:00:00+00:00,,-0.0052137011215519,,AMT|1h|rolling|cross_USO_state_slope=uptrend + state_slope=downtrend|2026-07-21 15:00:00+00:00,rolling,164.95,2026-07-22T21:21:40.795743+00:00,164.09,,True,long,-0.0052137011215519,
AMT,1h,cross_USO_state_slope=uptrend + state_slope=downtrend,2026-07-21 16:00:00+00:00,,0.0066599762795365,,AMT|1h|rolling|cross_USO_state_slope=uptrend + state_slope=downtrend|2026-07-21 16:00:00+00:00,rolling,164.415,2026-07-22T21:21:43.214980+00:00,165.51,,True,long,0.0066599762795365,
AMT,1h,cross_USO_state_slope=uptrend + state_slope=downtrend,2026-07-21 17:00:00+00:00,,0.0115594595418917,,AMT|1h|rolling|cross_USO_state_slope=uptrend + state_slope=downtrend|2026-07-21 17:00:00+00:00,rolling,163.935,2026-07-22T21:21:45.661833+00:00,165.83,,True,long,0.0115594595418917,
AMT,1h,cross_USO_state_slope=uptrend + state_slope=downtrend,2026-07-21 18:00:00+00:00,,0.014118078474514,,AMT|1h|rolling|cross_USO_state_slope=uptrend + state_slope=downtrend|2026-07-21 18:00:00+00:00,rolling,163.62,2026-07-22T21:21:47.419182+00:00,165.93,,True,long,0.014118078474514,
AMT,1h,cross_USO_state_slope=uptrend + state_slope=downtrend,2026-07-21 19:00:00+00:00,,0.0184845146284735,,AMT|1h|rolling|cross_USO_state_slope=uptrend + state_slope=downtrend|2026-07-21 19:00:00+00:00,rolling,163.38,2026-07-22T21:21:54.065219+00:00,166.4,,True,long,0.0184845146284735,
AMT,1h,cross_USO_state_slope=uptrend + state_slope=downtrend,2026-07-22 13:00:00+00:00,,0.0102382838686088,,AMT|1h|rolling|cross_USO_state_slope=uptrend + state_slope=downtrend|2026-07-22 13:00:00+00:00,rolling,164.09,2026-07-22T21:21:55.480266+00:00,165.77,,True,long,0.0102382838686088,
AMT,1h,cross_USO_state_slope=uptrend + state_slope=downtrend,2026-07-22 14:00:00+00:00,,0.0032022234306083,,AMT|1h|rolling|cross_USO_state_slope=uptrend + state_slope=downtrend|2026-07-22 14:00:00+00:00,rolling,165.51,2026-07-22T21:21:56.860199+00:00,166.04,,True,long,0.0032022234306083,
AMT,1h,cross_USO_state_slope=uptrend + state_slope=downtrend,2026-07-22 15:00:00+00:00,,,,AMT|1h|rolling|cross_USO_state_slope=uptrend + state_slope=downtrend|2026-07-22 15:00:00+00:00,rolling,165.83,2026-07-22T21:21:57.942299+00:00,,,True,long,,
AMT,1h,cross_USO_state_slope=uptrend + state_slope=downtrend,2026-07-22 16:00:00+00:00,,,,AMT|1h|rolling|cross_USO_state_slope=uptrend + state_slope=downtrend|2026-07-22 16:00:00+00:00,rolling,165.93,2026-07-22T21:22:00.110813+00:00,,,True,long,,
AMT,1h,cross_USO_state_slope=uptrend + state_slope=downtrend,2026-07-22 17:00:00+00:00,,,,AMT|1h|rolling|cross_USO_state_slope=uptrend + state_slope=downtrend|2026-07-22 17:00:00+00:00,rolling,166.4,2026-07-22T21:22:02.151599+00:00,,,True,long,,
AMT,1h,cross_USO_state_slope=uptrend + state_slope=downtrend,2026-07-22 18:00:00+00:00,,,,AMT|1h|rolling|cross_USO_state_slope=uptrend + state_slope=downtrend|2026-07-22 18:00:00+00:00,rolling,165.77,2026-07-22T21:22:04.411804+00:00,,,True,long,,
ARKG,1h,state_volume=vol_quiet + state_ext=neutral,2026-07-21 14:00:00+00:00,,0.0096914052537617,,ARKG|1h|rolling|state_volume=vol_quiet + state_ext=neutral|2026-07-21 14:00:00+00:00,rolling,39.21,2026-07-22T21:21:39.039867+00:00,39.59,,True,short,-0.0096914052537617,
ARKG,1h,state_volume=vol_quiet + state_ext=neutral,2026-07-21 15:00:00+00:00,,-0.0059903135355594,,ARKG|1h|rolling|state_volume=vol_quiet + state_ext=neutral|2026-07-21 15:00:00+00:00,rolling,39.23,2026-07-22T21:21:41.181659+00:00,38.995,,True,short,0.0059903135355594,
ARKG,1h,state_volume=vol_quiet + state_ext=neutral,2026-07-21 16:00:00+00:00,,-0.0122168490710103,,ARKG|1h|rolling|state_volume=vol_quiet + state_ext=neutral|2026-07-21 16:00:00+00:00,rolling,39.29,2026-07-22T21:21:43.572962+00:00,38.81,,True,short,0.0122168490710103,
ARKG,1h,state_volume=vol_quiet + state_ext=neutral,2026-07-21 17:00:00+00:00,,-0.0036844111294624,,ARKG|1h|rolling|state_volume=vol_quiet + state_ext=neutral|2026-07-21 17:00:00+00:00,rolling,39.355,2026-07-22T21:21:46.024294+00:00,39.21,,True,short,0.0036844111294624,
ARKG,1h,state_volume=vol_quiet + state_ext=neutral,2026-07-21 18:00:00+00:00,,-0.0067421447652969,,ARKG|1h|rolling|state_volume=vol_quiet + state_ext=neutral|2026-07-21 18:00:00+00:00,rolling,39.305,2026-07-22T21:21:47.777268+00:00,39.04,,True,short,0.0067421447652969,
ARKG,1h,state_volume=vol_quiet + state_ext=neutral,2026-07-21 19:00:00+00:00,,-0.0136398080323315,,ARKG|1h|rolling|state_volume=vol_quiet + state_ext=neutral|2026-07-21 19:00:00+00:00,rolling,39.59,2026-07-22T21:21:50.205476+00:00,39.05,,True,short,0.0136398080323315,
ARKG,1h,state_volume=vol_quiet + state_ext=neutral,2026-07-22 13:00:00+00:00,,0.0008975509680728,,ARKG|1h|rolling|state_volume=vol_quiet + state_ext=neutral|2026-07-22 13:00:00+00:00,rolling,38.995,2026-07-22T21:21:55.828073+00:00,39.03,,True,short,-0.0008975509680728,
ARKG,1h,state_volume=vol_quiet + state_ext=neutral,2026-07-22 14:00:00+00:00,,0.0012883277505797,,ARKG|1h|rolling|state_volume=vol_quiet + state_ext=neutral|2026-07-22 14:00:00+00:00,rolling,38.81,2026-07-22T21:21:57.234113+00:00,38.86,,True,short,-0.0012883277505797,
ARKG,1h,state_volume=vol_quiet + state_ext=neutral,2026-07-22 15:00:00+00:00,,,,ARKG|1h|rolling|state_volume=vol_quiet + state_ext=neutral|2026-07-22 15:00:00+00:00,rolling,39.21,2026-07-22T21:21:58.624161+00:00,,,True,short,,
ARKG,1h,state_volume=vol_quiet + state_ext=neutral,2026-07-22 16:00:00+00:00,,,,ARKG|1h|rolling|state_volume=vol_quiet + state_ext=neutral|2026-07-22 16:00:00+00:00,rolling,39.04,2026-07-22T21:22:00.725329+00:00,,,True,short,,
ARKG,1h,state_volume=vol_quiet + state_ext=neutral,2026-07-22 17:00:00+00:00,,,,ARKG|1h|rolling|state_volume=vol_quiet + state_ext=neutral|2026-07-22 17:00:00+00:00,rolling,39.05,2026-07-22T21:22:02.822628+00:00,,,True,short,,
ARKG,1h,state_volume=vol_quiet + state_ext=neutral,2026-07-22 18:00:00+00:00,,,,ARKG|1h|rolling|state_volume=vol_quiet + state_ext=neutral|2026-07-22 18:00:00+00:00,rolling,39.03,2026-07-22T21:22:04.958179+00:00,,,True,short,,
ARKG,1h,state_volume=vol_quiet + state_ext=neutral,2026-07-22 19:00:00+00:00,,,,ARKG|1h|rolling|state_volume=vol_quiet + state_ext=neutral|2026-07-22 19:00:00+00:00,rolling,38.86,2026-07-22T21:22:07.008296+00:00,,,True,short,,
AVGO,1h,cross_USO_state_slope=uptrend + cross_TLT_state_slope=downtrend + state_ext=stretched_up,2026-07-21 13:00:00+00:00,,0.0139016393442623,,AVGO|1h|rolling|cross_USO_state_slope=uptrend + cross_TLT_state_slope=downtrend + state_ext=stretched_up|2026-07-21 13:00:00+00:00,rolling,381.25,2026-07-22T21:21:36.910781+00:00,386.55,,True,long,0.0139016393442623,
AVGO,1h,cross_USO_state_slope=uptrend + cross_TLT_state_slope=downtrend + state_ext=stretched_up,2026-07-21 14:00:00+00:00,,0.0058065356073426,,AVGO|1h|rolling|cross_USO_state_slope=uptrend + cross_TLT_state_slope=downtrend + state_ext=stretched_up|2026-07-21 14:00:00+00:00,rolling,384.05,2026-07-22T21:21:39.381244+00:00,386.28,,True,long,0.0058065356073426,
AVGO,1h,cross_USO_state_slope=uptrend + cross_TLT_state_slope=downtrend + state_ext=stretched_up,2026-07-21 15:00:00+00:00,,0.0011281120331949,,AVGO|1h|rolling|cross_USO_state_slope=uptrend + cross_TLT_state_slope=downtrend + state_ext=stretched_up|2026-07-21 15:00:00+00:00,rolling,385.6,2026-07-22T21:21:41.489171+00:00,386.035,,True,long,0.0011281120331949,
AVGO,1h,cross_USO_state_slope=uptrend + cross_TLT_state_slope=downtrend + state_ext=stretched_up,2026-07-21 16:00:00+00:00,,0.0077752047298083,,AVGO|1h|rolling|cross_USO_state_slope=uptrend + cross_TLT_state_slope=downtrend + state_ext=stretched_up|2026-07-21 16:00:00+00:00,rolling,386.485,2026-07-22T21:21:43.937407+00:00,389.49,,True,long,0.0077752047298083,
AVGO,1h,cross_USO_state_slope=uptrend + cross_TLT_state_slope=downtrend + state_ext=stretched_up,2026-07-21 17:00:00+00:00,,0.0190384914262031,,AVGO|1h|rolling|cross_USO_state_slope=uptrend + cross_TLT_state_slope=downtrend + state_ext=stretched_up|2026-07-21 17:00:00+00:00,rolling,386.06,2026-07-22T21:21:46.441822+00:00,393.41,,True,long,0.0190384914262031,
AVGO,1h,cross_USO_state_slope=uptrend + cross_TLT_state_slope=downtrend + state_ext=stretched_up,2026-07-21 18:00:00+00:00,,0.0249514939852542,,AVGO|1h|rolling|cross_USO_state_slope=uptrend + cross_TLT_state_slope=downtrend + state_ext=stretched_up|2026-07-21 18:00:00+00:00,rolling,386.55,2026-07-22T21:21:48.143189+00:00,396.195,,True,long,0.0249514939852542,
AVGO,1h,cross_USO_state_slope=uptrend + cross_TLT_state_slope=downtrend + state_ext=stretched_up,2026-07-21 19:00:00+00:00,,0.0257067412239826,,AVGO|1h|rolling|cross_USO_state_slope=uptrend + cross_TLT_state_slope=downtrend + state_ext=stretched_up|2026-07-21 19:00:00+00:00,rolling,386.28,2026-07-22T21:21:50.597507+00:00,396.21,,True,long,0.0257067412239826,
AVGO,1h,cross_USO_state_slope=uptrend + cross_TLT_state_slope=downtrend + state_ext=stretched_up,2026-07-22 14:00:00+00:00,,0.0189735294872781,,AVGO|1h|rolling|cross_USO_state_slope=uptrend + cross_TLT_state_slope=downtrend + state_ext=stretched_up|2026-07-22 14:00:00+00:00,rolling,389.49,2026-07-22T21:21:57.582380+00:00,396.88,,True,long,0.0189735294872781,
AVGO,1h,cross_USO_state_slope=uptrend + cross_TLT_state_slope=downtrend + state_ext=stretched_up,2026-07-22 15:00:00+00:00,,,,AVGO|1h|rolling|cross_USO_state_slope=uptrend + cross_TLT_state_slope=downtrend + state_ext=stretched_up|2026-07-22 15:00:00+00:00,rolling,393.41,2026-07-22T21:21:59.361198+00:00,,,True,long,,
AVGO,1h,cross_USO_state_slope=uptrend + cross_TLT_state_slope=downtrend + state_ext=stretched_up,2026-07-22 16:00:00+00:00,,,,AVGO|1h|rolling|cross_USO_state_slope=uptrend + cross_TLT_state_slope=downtrend + state_ext=stretched_up|2026-07-22 16:00:00+00:00,rolling,396.195,2026-07-22T21:22:01.439451+00:00,,,True,long,,
AVGO,1h,cross_USO_state_slope=uptrend + cross_TLT_state_slope=downtrend + state_ext=stretched_up,2026-07-22 17:00:00+00:00,,,,AVGO|1h|rolling|cross_USO_state_slope=uptrend + cross_TLT_state_slope=downtrend + state_ext=stretched_up|2026-07-22 17:00:00+00:00,rolling,396.21,2026-07-22T21:22:03.539043+00:00,,,True,long,,
AVGO,1h,cross_USO_state_slope=uptrend + cross_TLT_state_slope=downtrend + state_ext=stretched_up,2026-07-22 18:00:00+00:00,,,,AVGO|1h|rolling|cross_USO_state_slope=uptrend + cross_TLT_state_slope=downtrend + state_ext=stretched_up|2026-07-22 18:00:00+00:00,rolling,397.49,2026-07-22T21:22:05.635118+00:00,,,True,long,,
AVGO,1h,cross_USO_state_slope=uptrend + cross_TLT_state_slope=downtrend + state_ext=stretched_up,2026-07-22 19:00:00+00:00,,,,AVGO|1h|rolling|cross_USO_state_slope=uptrend + cross_TLT_state_slope=downtrend + state_ext=stretched_up|2026-07-22 19:00:00+00:00,rolling,396.88,2026-07-22T21:22:07.778825+00:00,,,True,long,,
BITO,1h,cross_USO_state_slope=uptrend + state_ext=stretched_up,2026-07-21 13:00:00+00:00,,-0.0077348066298342,,BITO|1h|rolling|cross_USO_state_slope=uptrend + state_ext=stretched_up|2026-07-21 13:00:00+00:00,rolling,9.05,2026-07-22T21:21:37.288590+00:00,8.98,,True,short,0.0077348066298342,
BITO,1h,cross_USO_state_slope=uptrend + state_ext=stretched_up,2026-07-21 14:00:00+00:00,,-0.0071664829106945,,BITO|1h|rolling|cross_USO_state_slope=uptrend + state_ext=stretched_up|2026-07-21 14:00:00+00:00,rolling,9.07,2026-07-22T21:21:39.756807+00:00,9.005,,True,short,0.0071664829106945,
BITO,1h,cross_USO_state_slope=uptrend + state_ext=stretched_up,2026-07-21 15:00:00+00:00,,-0.0121681415929203,,BITO|1h|rolling|cross_USO_state_slope=uptrend + state_ext=stretched_up|2026-07-21 15:00:00+00:00,rolling,9.04,2026-07-22T21:21:41.838239+00:00,8.93,,True,short,0.0121681415929203,
BITO,1h,cross_USO_state_slope=uptrend + state_ext=stretched_up,2026-07-21 16:00:00+00:00,,-0.0121951219512194,,BITO|1h|rolling|cross_USO_state_slope=uptrend + state_ext=stretched_up|2026-07-21 16:00:00+00:00,rolling,9.02,2026-07-22T21:21:44.300459+00:00,8.91,,True,short,0.0121951219512194,
BITO,1h,cross_USO_state_slope=uptrend + state_ext=stretched_up,2026-07-21 17:00:00+00:00,,-0.0016722408026756,,BITO|1h|rolling|cross_USO_state_slope=uptrend + state_ext=stretched_up|2026-07-21 17:00:00+00:00,rolling,8.97,2026-07-22T21:21:46.754970+00:00,8.955,,True,short,0.0016722408026756,
BITO,1h,cross_USO_state_slope=uptrend + state_ext=stretched_up,2026-07-21 18:00:00+00:00,,-0.0011135857461024,,BITO|1h|rolling|cross_USO_state_slope=uptrend + state_ext=stretched_up|2026-07-21 18:00:00+00:00,rolling,8.98,2026-07-22T21:21:48.517171+00:00,8.97,,True,short,0.0011135857461024,
BITO,1h,cross_USO_state_slope=uptrend + state_ext=stretched_up,2026-07-21 19:00:00+00:00,,-0.006107717934481,,BITO|1h|rolling|cross_USO_state_slope=uptrend + state_ext=stretched_up|2026-07-21 19:00:00+00:00,rolling,9.005,2026-07-22T21:21:50.946107+00:00,8.95,,True,short,0.006107717934481,
CBOE,1h,cross_TLT_state_slope=downtrend + state_slope=downtrend,2026-07-21 19:00:00+00:00,,0.0297257349318442,,CBOE|1h|rolling|cross_TLT_state_slope=downtrend + state_slope=downtrend|2026-07-21 19:00:00+00:00,rolling,274.005,2026-07-22T21:21:54.465021+00:00,282.15,,True,long,0.0297257349318442,
CSX,1d,cross_USO_state_vol=high_vol + state_ext=neutral,2026-07-22 04:00:00+00:00,,,,CSX|1d|rolling|cross_USO_state_vol=high_vol + state_ext=neutral|2026-07-22,rolling,49.93000030517578,2026-07-23T14:21:19.809418+00:00,,,True,long,,
CVS,1h,cross_USO_state_slope=uptrend + state_ext=stretched_up,2026-07-21 18:00:00+00:00,,-0.0044720270146937,,CVS|1h|rolling|cross_USO_state_slope=uptrend + state_ext=stretched_up|2026-07-21 18:00:00+00:00,rolling,109.57,2026-07-22T21:21:48.820614+00:00,109.08,,True,long,-0.0044720270146937,
CVS,1h,cross_USO_state_slope=uptrend + state_ext=stretched_up,2026-07-21 19:00:00+00:00,,-0.0074157811440199,,CVS|1h|rolling|cross_USO_state_slope=uptrend + state_ext=stretched_up|2026-07-21 19:00:00+00:00,rolling,110.575,2026-07-22T21:21:54.797327+00:00,109.755,,True,long,-0.0074157811440199,
CVS,1h,cross_USO_state_slope=uptrend + state_ext=stretched_up,2026-07-22 13:00:00+00:00,,-0.0061658430430248,,CVS|1h|rolling|cross_USO_state_slope=uptrend + state_ext=stretched_up|2026-07-22 13:00:00+00:00,rolling,110.285,2026-07-22T21:21:56.198519+00:00,109.605,,True,long,-0.0061658430430248,
ETN,1h,cross_TLT_state_slope=flat + state_slope=downtrend,2026-07-16 14:00:00+00:00,,-0.0075228574299206,0.0090424997488194,ETN|1h|rolling|cross_TLT_state_slope=flat + state_slope=downtrend|2026-07-16 14:00:00+00:00,rolling,398.12,2026-07-22T21:21:30.263679+00:00,395.125,401.72,False,long,-0.0075228574299206,0.0090424997488194
ETN,1h,cross_TLT_state_slope=flat + state_slope=downtrend,2026-07-16 15:00:00+00:00,,-0.0007834737232422,0.0107662757784068,ETN|1h|rolling|cross_TLT_state_slope=flat + state_slope=downtrend|2026-07-16 15:00:00+00:00,rolling,395.68,2026-07-22T21:21:30.275378+00:00,395.3699951171875,399.94,False,long,-0.0007834737232422,0.0107662757784068
ETN,1h,cross_TLT_state_slope=flat + state_slope=downtrend,2026-07-16 16:00:00+00:00,,0.0054352862570712,0.013214407885568,ETN|1h|rolling|cross_TLT_state_slope=flat + state_slope=downtrend|2026-07-16 16:00:00+00:00,rolling,394.645,2026-07-22T21:21:30.285216+00:00,396.7900085449219,399.86,False,long,0.0054352862570712,0.013214407885568
ETN,1h,cross_TLT_state_slope=flat + state_slope=downtrend,2026-07-16 17:00:00+00:00,,0.0047810327989661,0.0275322435417804,ETN|1h|rolling|cross_TLT_state_slope=flat + state_slope=downtrend|2026-07-16 17:00:00+00:00,rolling,394.265,2026-07-22T21:21:30.294964+00:00,396.1499938964844,405.12,False,long,0.0047810327989661,0.0275322435417804
ETN,1h,cross_TLT_state_slope=flat + state_slope=downtrend,2026-07-16 18:00:00+00:00,,0.0075210447252715,0.0189166603357897,ETN|1h|rolling|cross_TLT_state_slope=flat + state_slope=downtrend|2026-07-16 18:00:00+00:00,rolling,394.89,2026-07-22T21:21:30.304735+00:00,397.8599853515625,402.36,False,long,0.0075210447252715,0.0189166603357897
ETN,1h,cross_TLT_state_slope=flat + state_slope=downtrend,2026-07-16 19:00:00+00:00,,0.0078223413991531,0.0139919253091091,ETN|1h|rolling|cross_TLT_state_slope=flat + state_slope=downtrend|2026-07-16 19:00:00+00:00,rolling,396.3,2026-07-22T21:21:30.968975+00:00,399.3999938964844,401.845,False,long,0.0078223413991531,0.0139919253091091
ETN,1h,cross_TLT_state_slope=flat + state_slope=downtrend,2026-07-17 13:00:00+00:00,,0.0202611800124017,0.0217192848992011,ETN|1h|rolling|cross_TLT_state_slope=flat + state_slope=downtrend|2026-07-17 13:00:00+00:00,rolling,394.35,2026-07-22T21:21:30.979546+00:00,402.3399963378906,402.915,False,long,0.0202611800124017,0.0217192848992011
ETN,1h,cross_TLT_state_slope=flat + state_slope=downtrend,2026-07-17 14:00:00+00:00,,0.016533323788392,0.0141048870099149,ETN|1h|rolling|cross_TLT_state_slope=flat + state_slope=downtrend|2026-07-17 14:00:00+00:00,rolling,397.38,2026-07-22T21:21:30.989196+00:00,403.9500122070313,402.985,False,long,0.016533323788392,0.0141048870099149
ETN,1h,cross_TLT_state_slope=flat + state_slope=downtrend,2026-07-17 15:00:00+00:00,,-0.0095849441493596,-0.0072350845948351,ETN|1h|rolling|cross_TLT_state_slope=flat + state_slope=downtrend|2026-07-17 15:00:00+00:00,rolling,404.28,2026-07-22T21:21:30.998913+00:00,400.4049987792969,401.355,False,long,-0.0095849441493596,-0.0072350845948351
GOLD,1h,state_ext=stretched_up + state_vol=mid_vol,2026-07-21 13:00:00+00:00,,0.020618556701031,,GOLD|1h|rolling|state_ext=stretched_up + state_vol=mid_vol|2026-07-21 13:00:00+00:00,rolling,38.8,2026-07-22T21:21:37.617583+00:00,39.6,,True,long,0.020618556701031,
GOLD,1h,state_ext=stretched_up + state_vol=mid_vol,2026-07-21 14:00:00+00:00,,0.0186319550791218,,GOLD|1h|rolling|state_ext=stretched_up + state_vol=mid_vol|2026-07-21 14:00:00+00:00,rolling,39.18,2026-07-22T21:21:40.073849+00:00,39.91,,True,long,0.0186319550791218,
GOLD,1h,state_ext=stretched_up + state_vol=mid_vol,2026-07-21 15:00:00+00:00,,0.026124633617943,,GOLD|1h|rolling|state_ext=stretched_up + state_vol=mid_vol|2026-07-21 15:00:00+00:00,rolling,39.235,2026-07-22T21:21:42.206516+00:00,40.26,,True,long,0.026124633617943,
GOLD,1h,state_ext=stretched_up + state_vol=mid_vol,2026-07-21 16:00:00+00:00,,0.032274459974587,,GOLD|1h|rolling|state_ext=stretched_up + state_vol=mid_vol|2026-07-21 16:00:00+00:00,rolling,39.35,2026-07-22T21:21:44.621136+00:00,40.62,,True,long,0.032274459974587,
GOLD,1h,state_ext=stretched_up + state_vol=mid_vol,2026-07-21 17:00:00+00:00,,0.0265084574602372,,GOLD|1h|rolling|state_ext=stretched_up + state_vol=mid_vol|2026-07-21 17:00:00+00:00,rolling,39.61,2026-07-22T21:21:47.096224+00:00,40.66,,True,long,0.0265084574602372,
GOLD,1h,state_ext=stretched_up + state_vol=mid_vol,2026-07-21 18:00:00+00:00,,0.0239898989898987,,GOLD|1h|rolling|state_ext=stretched_up + state_vol=mid_vol|2026-07-21 18:00:00+00:00,rolling,39.6,2026-07-22T21:21:49.223656+00:00,40.55,,True,long,0.0239898989898987,
GOLD,1h,state_ext=stretched_up + state_vol=mid_vol,2026-07-21 19:00:00+00:00,,0.0124029065397144,,GOLD|1h|rolling|state_ext=stretched_up + state_vol=mid_vol|2026-07-21 19:00:00+00:00,rolling,39.91,2026-07-22T21:21:55.134539+00:00,40.405,,True,long,0.0124029065397144,
GOLD,1h,state_ext=stretched_up + state_vol=mid_vol,2026-07-22 13:00:00+00:00,,-0.010307998012916,,GOLD|1h|rolling|state_ext=stretched_up + state_vol=mid_vol|2026-07-22 13:00:00+00:00,rolling,40.26,2026-07-22T21:21:56.537648+00:00,39.845,,True,long,-0.010307998012916,
GS,1h,cross_USO_state_slope=uptrend + state_slope=downtrend,2026-07-20 19:00:00+00:00,,0.0299528257204022,,GS|1h|rolling|cross_USO_state_slope=uptrend + state_slope=downtrend|2026-07-20 19:00:00+00:00,rolling,1055.66,2026-07-22T21:21:36.238294+00:00,1087.28,,True,long,0.0299528257204022,
GS,1h,cross_USO_state_slope=uptrend + state_slope=downtrend,2026-07-21 13:00:00+00:00,,0.0128830571676901,,GS|1h|rolling|cross_USO_state_slope=uptrend + state_slope=downtrend|2026-07-21 13:00:00+00:00,rolling,1070.01,2026-07-22T21:21:37.969627+00:00,1083.795,,True,long,0.0128830571676901,
GS,1h,cross_USO_state_slope=uptrend + state_slope=downtrend,2026-07-21 14:00:00+00:00,,0.0117439894159683,,GS|1h|rolling|cross_USO_state_slope=uptrend + state_slope=downtrend|2026-07-21 14:00:00+00:00,rolling,1073.315,2026-07-22T21:21:40.410799+00:00,1085.92,,True,long,0.0117439894159683,
GS,1h,cross_USO_state_slope=uptrend + state_slope=downtrend,2026-07-21 15:00:00+00:00,,0.0202366962459863,,GS|1h|rolling|cross_USO_state_slope=uptrend + state_slope=downtrend|2026-07-21 15:00:00+00:00,rolling,1080.71,2026-07-22T21:21:42.505869+00:00,1102.58,,True,long,0.0202366962459863,
HUM,1h,cross_TLT_state_slope=flat + state_ext=stretched_up,2026-07-13 13:00:00+00:00,,0.0207906442101053,,HUM|1h|cross_TLT_state_slope=flat + state_ext=stretched_up|2026-07-13 13:00:00+00:00,insample,400.18,2026-07-13T21:18:31.532671+00:00,408.5,,True,long,0.0207906442101053,
HUM,1h,cross_TLT_state_slope=flat + state_ext=stretched_up,2026-07-13 14:00:00+00:00,,-0.0042689958046074,,HUM|1h|cross_TLT_state_slope=flat + state_ext=stretched_up|2026-07-13 14:00:00+00:00,insample,407.59,2026-07-13T21:18:32.258985+00:00,405.85,,True,long,-0.0042689958046074,
HUM,1h,cross_TLT_state_slope=flat + state_ext=stretched_up,2026-07-13 15:00:00+00:00,,,,HUM|1h|cross_TLT_state_slope=flat + state_ext=stretched_up|2026-07-13 15:00:00+00:00,insample,406.82,2026-07-13T21:18:32.955454+00:00,,,True,long,,
HUM,1h,cross_TLT_state_slope=flat + state_ext=stretched_up,2026-07-20 13:00:00+00:00,,-0.0193380091642036,-0.0019745285813012,HUM|1h|rolling|cross_TLT_state_slope=flat + state_ext=stretched_up|2026-07-20 13:00:00+00:00,rolling,405.16,2026-07-22T21:21:31.660981+00:00,397.3250122070313,404.36,False,long,-0.0193380091642036,-0.0019745285813012
HUM,1h,state_session=lunch + state_ext=stretched_up,2026-07-21 16:00:00+00:00,,-0.0147257664036187,,HUM|1h|rolling|state_session=lunch + state_ext=stretched_up|2026-07-21 16:00:00+00:00,rolling,406.77,2026-07-22T21:21:45.314645+00:00,400.78,,True,long,-0.0147257664036187,
HUM,1h,state_volume=vol_quiet + state_ext=stretched_up,2026-07-21 13:00:00+00:00,,0.0029155239295333,,HUM|1h|rolling|state_volume=vol_quiet + state_ext=stretched_up|2026-07-21 13:00:00+00:00,rolling,404.73,2026-07-22T21:21:38.325564+00:00,405.91,,True,long,0.0029155239295333,
HUM,1h,state_volume=vol_quiet + state_ext=stretched_up,2026-07-21 15:00:00+00:00,,-0.0095801009727866,,HUM|1h|rolling|state_volume=vol_quiet + state_ext=stretched_up|2026-07-21 15:00:00+00:00,rolling,406.05,2026-07-22T21:21:42.891835+00:00,402.16,,True,long,-0.0095801009727866,
HUM,1h,state_volume=vol_quiet + state_ext=stretched_up,2026-07-21 16:00:00+00:00,,-0.0147257664036187,,HUM|1h|rolling|state_volume=vol_quiet + state_ext=stretched_up|2026-07-21 16:00:00+00:00,rolling,406.77,2026-07-22T21:21:45.000188+00:00,400.78,,True,long,-0.0147257664036187,
JPM,1d,cross_TLT_state_slope=downtrend + state_ext=stretched_up,2026-07-17 04:00:00+00:00,,,,JPM|1d|rolling|cross_TLT_state_slope=downtrend + state_ext=stretched_up|2026-07-17,rolling,341.1000061035156,2026-07-23T14:21:09.394050+00:00,,,True,long,,
JPM,1d,cross_TLT_state_slope=downtrend + state_ext=stretched_up,2026-07-21 04:00:00+00:00,,,,JPM|1d|rolling|cross_TLT_state_slope=downtrend + state_ext=stretched_up|2026-07-21,rolling,345.2300109863281,2026-07-23T14:21:15.610928+00:00,,,True,long,,
JPM,1d,cross_TLT_state_slope=downtrend + state_ext=stretched_up,2026-07-22 04:00:00+00:00,,,,JPM|1d|rolling|cross_TLT_state_slope=downtrend + state_ext=stretched_up|2026-07-22,rolling,348.2099914550781,2026-07-23T14:21:20.596146+00:00,,,True,long,,
JPM,1d,cross_USO_state_vol=high_vol + state_ext=stretched_up,2026-07-17 04:00:00+00:00,,,,JPM|1d|rolling|cross_USO_state_vol=high_vol + state_ext=stretched_up|2026-07-17,rolling,341.1000061035156,2026-07-23T14:21:10.040298+00:00,,,True,long,,
JPM,1d,cross_USO_state_vol=high_vol + state_ext=stretched_up,2026-07-21 04:00:00+00:00,,,,JPM|1d|rolling|cross_USO_state_vol=high_vol + state_ext=stretched_up|2026-07-21,rolling,345.2300109863281,2026-07-23T14:21:16.310813+00:00,,,True,long,,
JPM,1d,cross_USO_state_vol=high_vol + state_ext=stretched_up,2026-07-22 04:00:00+00:00,,,,JPM|1d|rolling|cross_USO_state_vol=high_vol + state_ext=stretched_up|2026-07-22,rolling,348.2099914550781,2026-07-23T14:21:21.222044+00:00,,,True,long,,
KLAC,1d,state_ext=stretched_down + state_slope=downtrend,2026-07-09 00:00:00+00:00,,,,KLAC|1d|state_ext=stretched_down + state_slope=downtrend|2026-07-09,insample,229.52,2026-07-13T21:18:31.117234+00:00,,,True,long,,
KLAC,1d,state_ext=stretched_down + state_slope=downtrend,2026-07-10 04:00:00+00:00,,,,KLAC|1d|state_ext=stretched_down + state_slope=downtrend|2026-07-10,insample,231.5200042724609,2026-07-13T21:18:35.931371+00:00,,,True,long,,
KLAC,1d,state_ext=stretched_down + state_ret_1=ret_down,2026-07-22 04:00:00+00:00,,,,KLAC|1d|rolling|state_ext=stretched_down + state_ret_1=ret_down|2026-07-22,rolling,214.69000244140625,2026-07-23T14:21:21.942691+00:00,,,True,long,,
KLAC,1d,state_ext=stretched_down + state_ret_5=ret_down,2026-07-22 04:00:00+00:00,,,,KLAC|1d|rolling|state_ext=stretched_down + state_ret_5=ret_down|2026-07-22,rolling,214.69000244140625,2026-07-23T14:21:22.667282+00:00,,,True,long,,
KLAC,1d,state_ext=stretched_down + state_slope=downtrend,2026-07-13 04:00:00+00:00,,-0.06591673294256184,,KLAC|1d|rolling|state_ext=stretched_down + state_slope=downtrend|2026-07-13,rolling,222.25,2026-07-23T14:21:07.781218+00:00,207.60000610351562,,True,long,-0.06591673294256184,
KLAC,1d,state_ext=stretched_down + state_slope=downtrend,2026-07-14 04:00:00+00:00,,-0.055606189304633236,,KLAC|1d|rolling|state_ext=stretched_down + state_slope=downtrend|2026-07-14,rolling,230.3699951171875,2026-07-23T14:21:07.994247+00:00,217.55999755859375,,True,long,-0.055606189304633236,
KLAC,1d,state_ext=stretched_down + state_slope=downtrend,2026-07-15 04:00:00+00:00,,-0.04369709380219933,,KLAC|1d|rolling|state_ext=stretched_down + state_slope=downtrend|2026-07-15,rolling,224.5,2026-07-23T14:21:08.330282+00:00,214.69000244140625,,True,long,-0.04369709380219933,
KLAC,1d,state_ext=stretched_down + state_slope=downtrend,2026-07-16 04:00:00+00:00,,-0.009025824685503614,,KLAC|1d|rolling|state_ext=stretched_down + state_slope=downtrend|2026-07-16,rolling,219.3699951171875,2026-07-23T14:21:08.676383+00:00,217.39,,True,long,-0.009025824685503614,
KLAC,1d,state_ext=stretched_down + state_slope=downtrend,2026-07-17 04:00:00+00:00,,,,KLAC|1d|rolling|state_ext=stretched_down + state_slope=downtrend|2026-07-17,rolling,212.75,2026-07-23T14:21:10.728037+00:00,,,True,long,,
KLAC,1d,state_ext=stretched_down + state_slope=downtrend,2026-07-20 04:00:00+00:00,,,,KLAC|1d|rolling|state_ext=stretched_down + state_slope=downtrend|2026-07-20,rolling,207.6000061035156,2026-07-23T14:21:13.096728+00:00,,,True,long,,
KLAC,1d,state_ext=stretched_down + state_slope=downtrend,2026-07-21 04:00:00+00:00,,,,KLAC|1d|rolling|state_ext=stretched_down + state_slope=downtrend|2026-07-21,rolling,217.5599975585937,2026-07-23T14:21:17.005261+00:00,,,True,long,,
KLAC,1d,state_ext=stretched_down + state_slope=downtrend,2026-07-22 04:00:00+00:00,,,,KLAC|1d|rolling|state_ext=stretched_down + state_slope=downtrend|2026-07-22,rolling,214.69000244140625,2026-07-23T14:21:23.349686+00:00,,,True,long,,
LCID,1d,cross_TLT_state_slope=downtrend + state_ext=stretched_up,2026-07-17 04:00:00+00:00,,,,LCID|1d|rolling|cross_TLT_state_slope=downtrend + state_ext=stretched_up|2026-07-17,rolling,7.360000133514404,2026-07-23T14:21:11.511379+00:00,,,True,short,,
LCID,1d,cross_TLT_state_slope=downtrend + state_ext=stretched_up,2026-07-20 04:00:00+00:00,,,,LCID|1d|rolling|cross_TLT_state_slope=downtrend + state_ext=stretched_up|2026-07-20,rolling,7.110000133514404,2026-07-23T14:21:13.655879+00:00,,,True,short,,
LCID,1d,cross_TLT_state_slope=downtrend + state_ext=stretched_up,2026-07-21 04:00:00+00:00,,,,LCID|1d|rolling|cross_TLT_state_slope=downtrend + state_ext=stretched_up|2026-07-21,rolling,7.320000171661377,2026-07-23T14:21:17.822473+00:00,,,True,short,,
LCID,1d,cross_TLT_state_slope=downtrend + state_ext=stretched_up,2026-07-22 04:00:00+00:00,,,,LCID|1d|rolling|cross_TLT_state_slope=downtrend + state_ext=stretched_up|2026-07-22,rolling,6.78000020980835,2026-07-23T14:21:24.070167+00:00,,,True,short,,
MRVL,1h,cross_TLT_state_slope=flat + state_slope=downtrend,2026-07-13 13:00:00+00:00,,-0.0131135597850833,,MRVL|1h|cross_TLT_state_slope=flat + state_slope=downtrend|2026-07-13 13:00:00+00:00,insample,219.62,2026-07-13T21:18:32.088306+00:00,216.74,,True,long,-0.0131135597850833,
MRVL,1h,cross_TLT_state_slope=flat + state_slope=downtrend,2026-07-13 14:00:00+00:00,,-0.0227880531271772,,MRVL|1h|cross_TLT_state_slope=flat + state_slope=downtrend|2026-07-13 14:00:00+00:00,insample,222.485,2026-07-13T21:18:32.597916+00:00,217.415,,True,long,-0.0227880531271772,
MRVL,1h,cross_TLT_state_slope=flat + state_slope=downtrend,2026-07-13 15:00:00+00:00,,,,MRVL|1h|cross_TLT_state_slope=flat + state_slope=downtrend|2026-07-13 15:00:00+00:00,insample,220.83,2026-07-13T21:18:33.817162+00:00,,,True,long,,
SBUX,1d,cross_USO_state_vol=high_vol + state_ext=neutral,2026-07-17 04:00:00+00:00,,,,SBUX|1d|rolling|cross_USO_state_vol=high_vol + state_ext=neutral|2026-07-17,rolling,105.48999786376952,2026-07-23T14:21:12.102426+00:00,,,True,long,,
SBUX,1d,cross_USO_state_vol=high_vol + state_ext=neutral,2026-07-20 04:00:00+00:00,,,,SBUX|1d|rolling|cross_USO_state_vol=high_vol + state_ext=neutral|2026-07-20,rolling,104.80999755859376,2026-07-23T14:21:14.211184+00:00,,,True,long,,
SBUX,1d,cross_USO_state_vol=high_vol + state_ext=neutral,2026-07-21 04:00:00+00:00,,,,SBUX|1d|rolling|cross_USO_state_vol=high_vol + state_ext=neutral|2026-07-21,rolling,104.4499969482422,2026-07-23T14:21:18.431530+00:00,,,True,long,,
SBUX,1d,cross_USO_state_vol=high_vol + state_ext=neutral,2026-07-22 04:00:00+00:00,,,,SBUX|1d|rolling|cross_USO_state_vol=high_vol + state_ext=neutral|2026-07-22,rolling,103.9800033569336,2026-07-23T14:21:24.707169+00:00,,,True,long,,
SCHW,1d,cross_USO_state_slope=downtrend + state_slope=uptrend,2026-07-10 04:00:00+00:00,,,,SCHW|1d|cross_USO_state_slope=downtrend + state_slope=uptrend|2026-07-10,insample,103.12000274658205,2026-07-13T21:18:36.618226+00:00,,,True,long,,
SPG,1d,cross_USO_state_vol=high_vol + state_ext=neutral,2026-07-21 04:00:00+00:00,,,,SPG|1d|rolling|cross_USO_state_vol=high_vol + state_ext=neutral|2026-07-21,rolling,226.7899932861328,2026-07-23T14:21:19.127941+00:00,,,True,long,,
SPG,1d,cross_USO_state_vol=high_vol + state_ext=neutral,2026-07-22 04:00:00+00:00,,,,SPG|1d|rolling|cross_USO_state_vol=high_vol + state_ext=neutral|2026-07-22,rolling,226.22000122070312,2026-07-23T14:21:25.415845+00:00,,,True,long,,
SPY,1h,state_session=afternoon + state_slope=downtrend,2026-07-02 20:00:00+00:00,,0.0105433628556452,0.0016261910841721,SPY|1h|state_session=afternoon + state_slope=downtrend|2026-07-02 20:00:00+00:00,insample,744.07,2026-07-09T21:46:19.128496+00:00,751.915,745.28,False,,,
SPY,1h,state_session=afternoon + state_slope=downtrend,2026-07-08 19:00:00+00:00,,0.0084934521253756,,SPY|1h|state_session=afternoon + state_slope=downtrend|2026-07-08 19:00:00+00:00,insample,745.28,2026-07-09T21:46:21.639576+00:00,751.61,,True,,,
XBI,1d,cross_USO_state_vol=high_vol + state_ext=stretched_down,2026-07-20 04:00:00+00:00,,,,XBI|1d|rolling|cross_USO_state_vol=high_vol + state_ext=stretched_down|2026-07-20,rolling,150.94000244140625,2026-07-23T14:21:14.904967+00:00,,,True,long,,
XBI,1d,cross_USO_state_vol=high_vol + state_ext=stretched_down,2026-07-22 04:00:00+00:00,,,,XBI|1d|rolling|cross_USO_state_vol=high_vol + state_ext=stretched_down|2026-07-22,rolling,152.11000061035156,2026-07-23T14:21:26.118550+00:00,,,True,long,,
XLK,1d,cross_TLT_state_slope=uptrend + state_ext=neutral,2026-07-06 00:00:00+00:00,,,,XLK|1d|cross_TLT_state_slope=uptrend + state_ext=neutral|2026-07-06,insample,183.57,2026-07-09T21:46:19.998806+00:00,,,True,,,
XLK,1h,cross_USO_state_vol=mid_vol + state_ext=stretched_down,2026-07-02 19:00:00+00:00,,0.0159002770083103,0.002382271468144,XLK|1h|cross_USO_state_vol=mid_vol + state_ext=stretched_down|2026-07-02 19:00:00+00:00,insample,180.5,2026-07-09T21:46:19.142778+00:00,183.37,180.93,False,,,
XLK,1h,cross_USO_state_vol=mid_vol + state_ext=stretched_down,2026-07-08 15:00:00+00:00,,0.0466790394241043,,XLK|1h|cross_USO_state_vol=mid_vol + state_ext=stretched_down|2026-07-08 15:00:00+00:00,insample,177.81,2026-07-09T21:46:20.851824+00:00,186.11,,True,,,
XOP,1d,state_ext=stretched_down + state_slope=downtrend,2026-07-02 04:00:00+00:00,,,,XOP|1d|state_ext=stretched_down + state_slope=downtrend|2026-07-02,insample,154.72,2026-07-09T21:46:18.271286+00:00,,,True,,,
XOP,1d,state_ext=stretched_down + state_slope=downtrend,2026-07-06 00:00:00+00:00,,,,XOP|1d|state_ext=stretched_down + state_slope=downtrend|2026-07-06,insample,153.96,2026-07-09T21:46:19.151747+00:00,,,True,,,
