kind,action,symbol,reason,stop_price,order_id,timestamp_utc,logged_at_utc,stage,qty,unrealized_r,autonomous_fill_journaled,fill_price,order_status,error,slice_combination,stable_filter,current_stable_state,bars_held,horizon_bars,timeframe,r_multiple_suppressed_horizon,context_source
stop_intent,stop_adopted,KLAC,found an existing resting stop order (63cf7840-4e16-421e-98a2-24c67ddb6e3b) at the broker for KLAC with no local tracked state -- adopting it instead of submitting a duplicate (local state was likely lost/reset),174.82,63cf7840-4e16-421e-98a2-24c67ddb6e3b,2026-07-16T14:45:56.162617+00:00,2026-07-16T14:46:00.246965+00:00,,,,,,,,,,,,,,,
stop_intent,stop_adopted,ETN,found an existing resting stop order (a559b969-4fc0-415d-9361-1170a7f86efd) at the broker for ETN with no local tracked state -- adopting it instead of submitting a duplicate (local state was likely lost/reset),364.07,a559b969-4fc0-415d-9361-1170a7f86efd,2026-07-16T15:45:57.424152+00:00,2026-07-16T15:46:00.286811+00:00,,,,,,,,,,,,,,,
stop_intent,stop_unchanged,KLAC,,174.82,,2026-07-16T15:45:57.424165+00:00,2026-07-16T15:46:00.289880+00:00,initial,9.0,0.092,,,,,,,,,,,,
stop_intent,stop_unchanged,ETN,,364.07,,2026-07-16T16:45:59.255029+00:00,2026-07-16T16:46:03.379809+00:00,initial,2.0,-0.163,,,,,,,,,,,,
stop_intent,stop_unchanged,KLAC,,174.82,,2026-07-16T16:45:59.255036+00:00,2026-07-16T16:46:03.383414+00:00,initial,9.0,0.041,,,,,,,,,,,,
stop_intent,stop_unchanged,ETN,,364.07,,2026-07-16T17:45:49.600060+00:00,2026-07-16T17:45:54.011621+00:00,initial,2.0,-0.085,,,,,,,,,,,,
stop_intent,stop_unchanged,KLAC,,174.82,,2026-07-16T17:45:49.600067+00:00,2026-07-16T17:45:54.015459+00:00,initial,9.0,0.037,,,,,,,,,,,,
stop_intent,stop_unchanged,ETN,,364.07,,2026-07-16T18:45:54.382705+00:00,2026-07-16T18:45:58.825790+00:00,initial,2.0,-0.083,,,,,,,,,,,,
stop_intent,stop_unchanged,KLAC,,174.82,,2026-07-16T18:45:54.382714+00:00,2026-07-16T18:45:58.829632+00:00,initial,9.0,0.064,,,,,,,,,,,,
stop_intent,stop_state_cleared,ETN,position no longer open (stopped out or closed by another exit policy),,,2026-07-16T19:45:49.701692+00:00,2026-07-16T19:45:54.252421+00:00,,,,False,,,,,,,,,,,
stop_intent,stop_unchanged,KLAC,,174.82,,2026-07-16T19:45:49.701700+00:00,2026-07-16T19:45:54.256276+00:00,initial,9.0,0.026,,,,,,,,,,,,
stop_intent,stop_unchanged,KLAC,,174.82,,2026-07-16T20:45:50.171925+00:00,2026-07-16T20:45:55.749643+00:00,initial,9.0,0.072,,,,,,,,,,,,
stop_intent,stop_unchanged,KLAC,,174.82,,2026-07-16T21:46:00.685158+00:00,2026-07-16T21:46:06.906541+00:00,initial,9.0,0.08,,,,,,,,,,,,
stop_intent,stop_unchanged,KLAC,,174.82,,2026-07-16T22:46:00.692759+00:00,2026-07-16T22:46:06.000150+00:00,initial,9.0,0.07,,,,,,,,,,,,
stop_intent,stop_unchanged,KLAC,,174.82,,2026-07-16T23:45:49.544293+00:00,2026-07-16T23:45:53.249639+00:00,initial,9.0,0.02,,,,,,,,,,,,
stop_intent,stop_unchanged,KLAC,,174.82,,2026-07-17T00:45:58.685100+00:00,2026-07-17T00:46:05.003235+00:00,initial,9.0,0.024,,,,,,,,,,,,
stop_intent,stop_unchanged,KLAC,,174.82,,2026-07-17T01:45:54.986304+00:00,2026-07-17T01:45:58.649745+00:00,initial,9.0,0.016,,,,,,,,,,,,
stop_intent,stop_unchanged,KLAC,,174.82,,2026-07-17T02:45:59.940784+00:00,2026-07-17T02:46:05.592729+00:00,initial,9.0,-0.002,,,,,,,,,,,,
stop_intent,stop_unchanged,KLAC,,174.82,,2026-07-17T03:45:50.827349+00:00,2026-07-17T03:45:54.514748+00:00,initial,9.0,0.009,,,,,,,,,,,,
stop_intent,stop_unchanged,KLAC,,174.82,,2026-07-17T04:45:51.533851+00:00,2026-07-17T04:45:56.038989+00:00,initial,9.0,-0.084,,,,,,,,,,,,
stop_intent,stop_unchanged,KLAC,,174.82,,2026-07-17T05:46:03.064918+00:00,2026-07-17T05:46:06.491194+00:00,initial,9.0,-0.15,,,,,,,,,,,,
stop_intent,stop_unchanged,KLAC,,174.82,,2026-07-17T06:50:25.231201+00:00,2026-07-17T06:50:30.300205+00:00,initial,9.0,-0.115,,,,,,,,,,,,
stop_intent,stop_unchanged,KLAC,,174.82,,2026-07-17T07:45:54.017696+00:00,2026-07-17T07:45:57.663098+00:00,initial,9.0,-0.165,,,,,,,,,,,,
stop_intent,stop_unchanged,KLAC,,174.82,,2026-07-17T08:46:03.632108+00:00,2026-07-17T08:46:09.128030+00:00,initial,9.0,-0.216,,,,,,,,,,,,
stop_intent,stop_unchanged,KLAC,,174.82,,2026-07-17T09:46:00.449657+00:00,2026-07-17T09:46:03.489475+00:00,initial,9.0,-0.174,,,,,,,,,,,,
stop_intent,stop_unchanged,KLAC,,174.82,,2026-07-17T10:46:02.543275+00:00,2026-07-17T10:46:08.048611+00:00,initial,9.0,-0.093,,,,,,,,,,,,
stop_intent,stop_unchanged,KLAC,,174.82,,2026-07-17T11:45:49.443615+00:00,2026-07-17T11:45:54.171708+00:00,initial,9.0,-0.129,,,,,,,,,,,,
stop_intent,stop_unchanged,KLAC,,174.82,,2026-07-17T12:46:03.686957+00:00,2026-07-17T12:46:07.247500+00:00,initial,9.0,-0.145,,,,,,,,,,,,
stop_intent,stop_adopted,ETN,found an existing resting stop order (8c672cc4-6e8f-4124-b461-c4aad7b63191) at the broker for ETN with no local tracked state -- adopting it instead of submitting a duplicate (local state was likely lost/reset),350.57,8c672cc4-6e8f-4124-b461-c4aad7b63191,2026-07-17T13:46:00.010742+00:00,2026-07-17T13:46:04.421731+00:00,,,,,,,,,,,,,,,
stop_intent,stop_unchanged,KLAC,,174.82,,2026-07-17T13:46:00.010774+00:00,2026-07-17T13:46:04.425751+00:00,initial,9.0,-0.242,,,,,,,,,,,,
stop_intent,stop_unchanged,ETN,,350.57,,2026-07-17T14:54:46.054285+00:00,2026-07-17T14:54:51.114280+00:00,initial,2.0,0.366,,,,,,,,,,,,
stop_intent,stop_unchanged,KLAC,,174.82,,2026-07-17T14:54:46.054300+00:00,2026-07-17T14:54:51.118327+00:00,initial,9.0,-0.154,,,,,,,,,,,,
stop_intent,stop_unchanged,ETN,,350.57,,2026-07-17T15:45:58.091611+00:00,2026-07-17T15:46:02.649741+00:00,initial,2.0,0.446,,,,,,,,,,,,
stop_intent,stop_unchanged,KLAC,,174.82,,2026-07-17T15:45:58.091622+00:00,2026-07-17T15:46:02.653742+00:00,initial,9.0,-0.122,,,,,,,,,,,,
exit_intent,exit,ETN,stable filter broken: state_vol=high_vol (expected mid_vol),,f1c988e7-77c8-4351-b040-c75cbd670756,2026-07-17T16:45:51.022040+00:00,2026-07-17T16:45:57.450494+00:00,,,,,,pending_new,,state_ext=neutral + state_vol=mid_vol,state_ext=neutral + state_vol=mid_vol,"{'state_ext': 'neutral', 'state_vol': 'high_vol'}",,5.0,1d,False,monitored_slices_single
stop_intent,stop_unchanged,ETN,,350.57,,2026-07-17T16:45:51.036038+00:00,2026-07-17T16:45:57.455098+00:00,initial,2.0,0.507,,,,,,,,,,,,
stop_intent,stop_unchanged,KLAC,,174.82,,2026-07-17T16:45:51.036052+00:00,2026-07-17T16:45:57.459055+00:00,initial,9.0,-0.056,,,,,,,,,,,,
stop_intent,stop_state_cleared,ETN,position no longer open (stopped out or closed by another exit policy),,,2026-07-17T17:45:58.749619+00:00,2026-07-17T17:46:02.745274+00:00,,,,False,,,,,,,,,,,
stop_intent,stop_unchanged,KLAC,,174.82,,2026-07-17T17:45:58.749632+00:00,2026-07-17T17:46:02.748662+00:00,initial,9.0,-0.056,,,,,,,,,,,,
stop_intent,stop_unchanged,KLAC,,174.82,,2026-07-17T18:45:46.260963+00:00,2026-07-17T18:45:50.609255+00:00,initial,9.0,-0.106,,,,,,,,,,,,
stop_intent,stop_unchanged,KLAC,,174.82,,2026-07-17T19:45:51.567940+00:00,2026-07-17T19:45:56.504080+00:00,initial,9.0,-0.092,,,,,,,,,,,,
stop_intent,stop_unchanged,KLAC,,174.82,,2026-07-17T20:45:58.107616+00:00,2026-07-17T20:46:02.154807+00:00,initial,9.0,-0.104,,,,,,,,,,,,
stop_intent,stop_unchanged,KLAC,,174.82,,2026-07-17T21:45:48.156729+00:00,2026-07-17T21:45:53.440894+00:00,initial,9.0,-0.107,,,,,,,,,,,,
stop_intent,stop_unchanged,KLAC,,174.82,,2026-07-17T22:45:52.698381+00:00,2026-07-17T22:45:57.160685+00:00,initial,9.0,-0.109,,,,,,,,,,,,
stop_intent,stop_unchanged,KLAC,,174.82,,2026-07-17T23:45:50.080779+00:00,2026-07-17T23:45:54.226414+00:00,initial,9.0,-0.12,,,,,,,,,,,,
stop_intent,stop_unchanged,KLAC,,174.82,,2026-07-18T00:45:54.178814+00:00,2026-07-18T00:45:59.072570+00:00,initial,9.0,-0.112,,,,,,,,,,,,
stop_intent,stop_unchanged,KLAC,,174.82,,2026-07-18T02:45:55.316751+00:00,2026-07-18T02:46:01.596219+00:00,initial,9.0,-0.104,,,,,,,,,,,,
stop_intent,stop_unchanged,KLAC,,174.82,,2026-07-18T03:45:44.820202+00:00,2026-07-18T03:45:49.981039+00:00,initial,9.0,-0.104,,,,,,,,,,,,
stop_intent,stop_unchanged,KLAC,,174.82,,2026-07-18T04:45:49.686246+00:00,2026-07-18T04:45:55.180314+00:00,initial,9.0,-0.104,,,,,,,,,,,,
stop_intent,stop_unchanged,KLAC,,174.82,,2026-07-18T05:46:02.238329+00:00,2026-07-18T05:46:08.882830+00:00,initial,9.0,-0.104,,,,,,,,,,,,
stop_intent,stop_unchanged,KLAC,,174.82,,2026-07-18T06:45:53.712535+00:00,2026-07-18T06:45:57.874506+00:00,initial,9.0,-0.104,,,,,,,,,,,,
stop_intent,stop_unchanged,KLAC,,174.82,,2026-07-18T07:45:59.025601+00:00,2026-07-18T07:46:05.090476+00:00,initial,9.0,-0.104,,,,,,,,,,,,
stop_intent,stop_unchanged,KLAC,,174.82,,2026-07-18T08:46:00.002389+00:00,2026-07-18T08:46:05.768957+00:00,initial,9.0,-0.104,,,,,,,,,,,,
stop_intent,stop_unchanged,KLAC,,174.82,,2026-07-18T09:45:48.871638+00:00,2026-07-18T09:45:51.918996+00:00,initial,9.0,-0.104,,,,,,,,,,,,
stop_intent,stop_unchanged,KLAC,,174.82,,2026-07-18T10:45:49.161332+00:00,2026-07-18T10:45:54.468473+00:00,initial,9.0,-0.104,,,,,,,,,,,,
stop_intent,stop_unchanged,KLAC,,174.82,,2026-07-18T11:45:58.130578+00:00,2026-07-18T11:46:01.742269+00:00,initial,9.0,-0.104,,,,,,,,,,,,
stop_intent,stop_unchanged,KLAC,,174.82,,2026-07-18T12:45:52.222608+00:00,2026-07-18T12:45:55.586993+00:00,initial,9.0,-0.104,,,,,,,,,,,,
stop_intent,stop_unchanged,KLAC,,174.82,,2026-07-18T13:45:46.834501+00:00,2026-07-18T13:45:52.160450+00:00,initial,9.0,-0.104,,,,,,,,,,,,
stop_intent,stop_unchanged,KLAC,,174.82,,2026-07-18T14:45:59.517192+00:00,2026-07-18T14:46:05.273373+00:00,initial,9.0,-0.104,,,,,,,,,,,,
stop_intent,stop_unchanged,KLAC,,174.82,,2026-07-18T15:45:57.347974+00:00,2026-07-18T15:46:03.350247+00:00,initial,9.0,-0.104,,,,,,,,,,,,
stop_intent,stop_unchanged,KLAC,,174.82,,2026-07-18T16:45:50.393384+00:00,2026-07-18T16:45:55.720971+00:00,initial,9.0,-0.104,,,,,,,,,,,,
stop_intent,stop_unchanged,KLAC,,174.82,,2026-07-18T17:45:59.673619+00:00,2026-07-18T17:46:03.815570+00:00,initial,9.0,-0.104,,,,,,,,,,,,
stop_intent,stop_unchanged,KLAC,,174.82,,2026-07-18T18:45:46.673671+00:00,2026-07-18T18:45:51.878206+00:00,initial,9.0,-0.104,,,,,,,,,,,,
stop_intent,stop_unchanged,KLAC,,174.82,,2026-07-18T19:45:57.707601+00:00,2026-07-18T19:46:01.496199+00:00,initial,9.0,-0.104,,,,,,,,,,,,
stop_intent,stop_unchanged,KLAC,,174.82,,2026-07-18T20:45:51.438410+00:00,2026-07-18T20:45:55.765800+00:00,initial,9.0,-0.104,,,,,,,,,,,,
stop_intent,stop_unchanged,KLAC,,174.82,,2026-07-18T21:45:56.360138+00:00,2026-07-18T21:46:00.625793+00:00,initial,9.0,-0.104,,,,,,,,,,,,
stop_intent,stop_unchanged,KLAC,,174.82,,2026-07-18T22:46:00.998825+00:00,2026-07-18T22:46:06.919300+00:00,initial,9.0,-0.104,,,,,,,,,,,,
stop_intent,stop_unchanged,KLAC,,174.82,,2026-07-18T23:45:49.283551+00:00,2026-07-18T23:45:52.991138+00:00,initial,9.0,-0.104,,,,,,,,,,,,
stop_intent,stop_unchanged,KLAC,,174.82,,2026-07-19T00:45:49.113821+00:00,2026-07-19T00:45:54.332255+00:00,initial,9.0,-0.104,,,,,,,,,,,,
stop_intent,stop_unchanged,KLAC,,174.82,,2026-07-19T01:45:54.270692+00:00,2026-07-19T01:45:59.957854+00:00,initial,9.0,-0.104,,,,,,,,,,,,
stop_intent,stop_unchanged,KLAC,,174.82,,2026-07-19T02:46:01.026758+00:00,2026-07-19T02:46:07.449940+00:00,initial,9.0,-0.104,,,,,,,,,,,,
stop_intent,stop_unchanged,KLAC,,174.82,,2026-07-19T03:46:03.743722+00:00,2026-07-19T03:46:09.574083+00:00,initial,9.0,-0.104,,,,,,,,,,,,
stop_intent,stop_unchanged,KLAC,,174.82,,2026-07-19T04:45:59.039816+00:00,2026-07-19T04:46:04.708873+00:00,initial,9.0,-0.104,,,,,,,,,,,,
stop_intent,stop_unchanged,KLAC,,174.82,,2026-07-19T05:45:59.824812+00:00,2026-07-19T05:46:03.514248+00:00,initial,9.0,-0.104,,,,,,,,,,,,
stop_intent,stop_unchanged,KLAC,,174.82,,2026-07-19T06:45:52.467716+00:00,2026-07-19T06:45:56.161126+00:00,initial,9.0,-0.104,,,,,,,,,,,,
stop_intent,stop_unchanged,KLAC,,174.82,,2026-07-19T07:45:51.276941+00:00,2026-07-19T07:45:56.664374+00:00,initial,9.0,-0.104,,,,,,,,,,,,
stop_intent,stop_unchanged,KLAC,,174.82,,2026-07-19T08:45:51.354533+00:00,2026-07-19T08:45:55.101570+00:00,initial,9.0,-0.104,,,,,,,,,,,,
stop_intent,stop_unchanged,KLAC,,174.82,,2026-07-19T09:45:47.892571+00:00,2026-07-19T09:45:51.931956+00:00,initial,9.0,-0.104,,,,,,,,,,,,
stop_intent,stop_unchanged,KLAC,,174.82,,2026-07-19T10:45:56.318062+00:00,2026-07-19T10:46:02.264591+00:00,initial,9.0,-0.104,,,,,,,,,,,,
stop_intent,stop_unchanged,KLAC,,174.82,,2026-07-19T11:45:49.976150+00:00,2026-07-19T11:45:55.302368+00:00,initial,9.0,-0.104,,,,,,,,,,,,
stop_intent,stop_unchanged,KLAC,,174.82,,2026-07-19T12:46:00.203024+00:00,2026-07-19T12:46:05.989987+00:00,initial,9.0,-0.104,,,,,,,,,,,,
stop_intent,stop_unchanged,KLAC,,174.82,,2026-07-19T13:45:49.851471+00:00,2026-07-19T13:45:55.075043+00:00,initial,9.0,-0.104,,,,,,,,,,,,
stop_intent,stop_unchanged,KLAC,,174.82,,2026-07-19T14:45:52.133827+00:00,2026-07-19T14:45:55.363029+00:00,initial,9.0,-0.104,,,,,,,,,,,,
stop_intent,stop_unchanged,KLAC,,174.82,,2026-07-19T15:45:56.185391+00:00,2026-07-19T15:46:00.385839+00:00,initial,9.0,-0.104,,,,,,,,,,,,
stop_intent,stop_unchanged,KLAC,,174.82,,2026-07-19T16:45:55.199448+00:00,2026-07-19T16:45:59.148513+00:00,initial,9.0,-0.104,,,,,,,,,,,,
stop_intent,stop_unchanged,KLAC,,174.82,,2026-07-19T17:45:55.207930+00:00,2026-07-19T17:46:00.953853+00:00,initial,9.0,-0.104,,,,,,,,,,,,
stop_intent,stop_unchanged,KLAC,,174.82,,2026-07-19T18:45:57.738432+00:00,2026-07-19T18:46:03.456056+00:00,initial,9.0,-0.104,,,,,,,,,,,,
stop_intent,stop_unchanged,KLAC,,174.82,,2026-07-19T19:46:00.533784+00:00,2026-07-19T19:46:06.281710+00:00,initial,9.0,-0.104,,,,,,,,,,,,
stop_intent,stop_unchanged,KLAC,,174.82,,2026-07-19T20:45:58.487727+00:00,2026-07-19T20:46:04.227675+00:00,initial,9.0,-0.104,,,,,,,,,,,,
stop_intent,stop_unchanged,KLAC,,174.82,,2026-07-19T21:45:56.497264+00:00,2026-07-19T21:46:00.806082+00:00,initial,9.0,-0.104,,,,,,,,,,,,
stop_intent,stop_unchanged,KLAC,,174.82,,2026-07-19T22:45:51.483580+00:00,2026-07-19T22:45:55.385287+00:00,initial,9.0,-0.104,,,,,,,,,,,,
stop_intent,stop_unchanged,KLAC,,174.82,,2026-07-19T23:45:53.810720+00:00,2026-07-19T23:45:59.925067+00:00,initial,9.0,-0.104,,,,,,,,,,,,
stop_intent,stop_unchanged,KLAC,,174.82,,2026-07-20T03:05:39.334140+00:00,2026-07-20T03:05:44.862625+00:00,initial,9.0,-0.041,,,,,,,,,,,,
stop_intent,stop_unchanged,KLAC,,174.82,,2026-07-20T03:45:49.223722+00:00,2026-07-20T03:45:52.494366+00:00,initial,9.0,-0.051,,,,,,,,,,,,
stop_intent,stop_unchanged,KLAC,,174.82,,2026-07-20T04:46:32.405232+00:00,2026-07-20T04:46:36.355541+00:00,initial,9.0,-0.034,,,,,,,,,,,,
stop_intent,stop_unchanged,KLAC,,174.82,,2026-07-20T05:46:44.077445+00:00,2026-07-20T05:46:49.909090+00:00,initial,9.0,-0.094,,,,,,,,,,,,
stop_intent,stop_unchanged,KLAC,,174.82,,2026-07-20T06:46:31.531208+00:00,2026-07-20T06:46:34.910382+00:00,initial,9.0,-0.115,,,,,,,,,,,,
stop_intent,stop_unchanged,KLAC,,174.82,,2026-07-20T07:46:37.193212+00:00,2026-07-20T07:46:41.041572+00:00,initial,9.0,-0.051,,,,,,,,,,,,
stop_intent,stop_unchanged,KLAC,,174.82,,2026-07-20T08:46:40.140376+00:00,2026-07-20T08:46:46.296277+00:00,initial,9.0,-0.064,,,,,,,,,,,,
stop_intent,stop_unchanged,KLAC,,174.82,,2026-07-20T09:46:41.577164+00:00,2026-07-20T09:46:45.501213+00:00,initial,9.0,-0.026,,,,,,,,,,,,
stop_intent,stop_unchanged,KLAC,,174.82,,2026-07-20T10:46:34.832676+00:00,2026-07-20T10:46:38.259152+00:00,initial,9.0,-0.004,,,,,,,,,,,,
stop_intent,stop_unchanged,KLAC,,174.82,,2026-07-20T11:46:29.966084+00:00,2026-07-20T11:46:34.104205+00:00,initial,9.0,0.069,,,,,,,,,,,,
stop_intent,stop_unchanged,KLAC,,174.82,,2026-07-20T12:46:42.736402+00:00,2026-07-20T12:46:48.272045+00:00,initial,9.0,0.044,,,,,,,,,,,,
stop_intent,stop_unchanged,KLAC,,174.82,,2026-07-20T13:46:33.225230+00:00,2026-07-20T13:46:38.908611+00:00,initial,9.0,0.064,,,,,,,,,,,,
exit_intent,exit,AMC,stable filter broken: cross_TLT_state_slope=uptrend (expected flat); state_slope=downtrend (expected flat),,40d30229-e7db-4b32-901a-6d4e32fe271d,2026-07-20T14:46:33.089153+00:00,2026-07-20T14:46:39.075010+00:00,,,,,,pending_new,,cross_TLT_state_slope=flat + state_slope=flat,cross_TLT_state_slope=flat + state_slope=flat,"{'cross_TLT_state_slope': 'uptrend', 'state_slope': 'downtrend'}",,5.0,1h,False,monitored_slices_single
stop_intent,stop_adopted,AMC,found an existing resting stop order (7cf0083d-ce55-48ed-b525-7527b4cd8aa5) at the broker for AMC with no local tracked state -- adopting it instead of submitting a duplicate (local state was likely lost/reset),2.48,7cf0083d-ce55-48ed-b525-7527b4cd8aa5,2026-07-20T14:46:33.361537+00:00,2026-07-20T14:46:39.079847+00:00,,,,,,,,,,,,,,,
stop_intent,stop_adopted,HUM,found an existing resting stop order (dc3b853a-226a-4ae7-9353-07c91aa4b976) at the broker for HUM with no local tracked state -- adopting it instead of submitting a duplicate (local state was likely lost/reset),370.51,dc3b853a-226a-4ae7-9353-07c91aa4b976,2026-07-20T14:46:33.361550+00:00,2026-07-20T14:46:39.083711+00:00,,,,,,,,,,,,,,,
stop_intent,stop_unchanged,KLAC,,174.82,,2026-07-20T14:46:33.361554+00:00,2026-07-20T14:46:39.087586+00:00,initial,9.0,-0.124,,,,,,,,,,,,
stop_intent,stop_state_cleared,AMC,position no longer open (stopped out or closed by another exit policy),,,2026-07-20T15:46:30.526270+00:00,2026-07-20T15:46:34.116517+00:00,,,,False,,,,,,,,,,,
stop_intent,stop_state_cleared,HUM,position no longer open (stopped out or closed by another exit policy),,,2026-07-20T15:46:30.526284+00:00,2026-07-20T15:46:34.121182+00:00,,,,False,,,,,,,,,,,
stop_intent,stop_unchanged,KLAC,,174.82,,2026-07-20T15:46:30.526289+00:00,2026-07-20T15:46:34.125291+00:00,initial,9.0,-0.145,,,,,,,,,,,,
stop_intent,stop_unchanged,KLAC,,174.82,,2026-07-20T16:46:41.800731+00:00,2026-07-20T16:46:47.964795+00:00,initial,9.0,-0.164,,,,,,,,,,,,
stop_intent,stop_unchanged,KLAC,,174.82,,2026-07-20T17:46:31.066402+00:00,2026-07-20T17:46:35.153032+00:00,initial,9.0,-0.186,,,,,,,,,,,,
stop_intent,stop_unchanged,KLAC,,174.82,,2026-07-20T18:46:29.610982+00:00,2026-07-20T18:46:33.998334+00:00,initial,9.0,-0.192,,,,,,,,,,,,
stop_intent,stop_unchanged,KLAC,,174.82,,2026-07-20T20:46:36.274132+00:00,2026-07-20T20:46:41.213509+00:00,initial,9.0,-0.257,,,,,,,,,,,,
stop_intent,stop_unchanged,KLAC,,174.82,,2026-07-20T21:46:39.135498+00:00,2026-07-20T21:46:44.712731+00:00,initial,9.0,-0.237,,,,,,,,,,,,
stop_intent,stop_unchanged,KLAC,,174.82,,2026-07-20T22:46:36.490916+00:00,2026-07-20T22:46:41.346527+00:00,initial,9.0,-0.265,,,,,,,,,,,,
stop_intent,stop_unchanged,KLAC,,174.82,,2026-07-20T23:46:49.729284+00:00,2026-07-20T23:46:55.540082+00:00,initial,9.0,-0.232,,,,,,,,,,,,
stop_intent,stop_unchanged,KLAC,,174.82,,2026-07-21T00:45:52.954923+00:00,2026-07-21T00:45:57.735234+00:00,initial,9.0,-0.223,,,,,,,,,,,,
stop_intent,stop_unchanged,KLAC,,174.82,,2026-07-21T01:46:15.698461+00:00,2026-07-21T01:46:22.162971+00:00,initial,9.0,-0.186,,,,,,,,,,,,
stop_intent,stop_unchanged,KLAC,,174.82,,2026-07-21T03:45:59.086849+00:00,2026-07-21T03:46:02.568597+00:00,initial,9.0,-0.083,,,,,,,,,,,,
stop_intent,stop_unchanged,KLAC,,174.82,,2026-07-21T04:46:11.270857+00:00,2026-07-21T04:46:15.863220+00:00,initial,9.0,-0.081,,,,,,,,,,,,
stop_intent,stop_unchanged,KLAC,,174.82,,2026-07-21T05:46:09.525335+00:00,2026-07-21T05:46:14.837032+00:00,initial,9.0,-0.062,,,,,,,,,,,,
stop_intent,stop_unchanged,KLAC,,174.82,,2026-07-21T06:45:56.122788+00:00,2026-07-21T06:46:01.237791+00:00,initial,9.0,-0.016,,,,,,,,,,,,
stop_intent,stop_unchanged,KLAC,,174.82,,2026-07-21T07:45:58.561501+00:00,2026-07-21T07:46:02.505306+00:00,initial,9.0,-0.034,,,,,,,,,,,,
stop_intent,stop_unchanged,KLAC,,174.82,,2026-07-21T08:45:51.409769+00:00,2026-07-21T08:45:56.129044+00:00,initial,9.0,0.03,,,,,,,,,,,,
stop_intent,stop_unchanged,KLAC,,174.82,,2026-07-21T09:46:06.390343+00:00,2026-07-21T09:46:09.618985+00:00,initial,9.0,0.02,,,,,,,,,,,,
stop_intent,stop_unchanged,KLAC,,174.82,,2026-07-21T10:45:54.176276+00:00,2026-07-21T10:45:59.812200+00:00,initial,9.0,0.014,,,,,,,,,,,,
stop_intent,stop_unchanged,KLAC,,174.82,,2026-07-21T11:46:02.974746+00:00,2026-07-21T11:46:08.442802+00:00,initial,9.0,0.013,,,,,,,,,,,,
stop_intent,stop_unchanged,KLAC,,174.82,,2026-07-21T12:46:07.167300+00:00,2026-07-21T12:46:13.159905+00:00,initial,9.0,0.018,,,,,,,,,,,,
exit_intent,exit,XBI,stable filter broken: state_ext=neutral (expected stretched_down),,73ad0107-5b54-4fc4-814e-f42a9c7c6eb7,2026-07-21T13:45:57.800362+00:00,2026-07-21T13:46:02.757051+00:00,,,,,,pending_new,,cross_USO_state_vol=high_vol + state_ext=stretched_down,cross_USO_state_vol=high_vol + state_ext=stretched_down,"{'cross_USO_state_vol': 'high_vol', 'state_ext': 'neutral'}",,5.0,1d,False,monitored_slices_single
stop_intent,stop_adopted,AMT,found an existing resting stop order (3eb7e7fc-eef5-4ce0-8a57-878ac2f2b0a6) at the broker for AMT with no local tracked state -- adopting it instead of submitting a duplicate (local state was likely lost/reset),159.12,3eb7e7fc-eef5-4ce0-8a57-878ac2f2b0a6,2026-07-21T13:45:57.932354+00:00,2026-07-21T13:46:02.761952+00:00,,,,,,,,,,,,,,,
stop_intent,stop_unchanged,KLAC,,174.82,,2026-07-21T13:45:57.932368+00:00,2026-07-21T13:46:02.766181+00:00,initial,9.0,-0.041,,,,,,,,,,,,
stop_intent,stop_adopted,SBUX,found an existing resting stop order (1e0fcf20-e23f-4c49-934e-ebaeb3a45b96) at the broker for SBUX with no local tracked state -- adopting it instead of submitting a duplicate (local state was likely lost/reset),98.9,1e0fcf20-e23f-4c49-934e-ebaeb3a45b96,2026-07-21T13:45:57.932374+00:00,2026-07-21T13:46:02.770554+00:00,,,,,,,,,,,,,,,
stop_intent,stop_adopted,XBI,found an existing resting stop order (4802122d-9f06-46f1-9143-8a9d01155909) at the broker for XBI with no local tracked state -- adopting it instead of submitting a duplicate (local state was likely lost/reset),142.39,4802122d-9f06-46f1-9143-8a9d01155909,2026-07-21T13:45:57.932378+00:00,2026-07-21T13:46:02.774796+00:00,,,,,,,,,,,,,,,
exit_intent,exit,BITO,stable filter broken: state_ext=neutral (expected stretched_up),,d5f29f37-eb8d-4292-934f-ce22dccb55a5,2026-07-21T14:46:00.846537+00:00,2026-07-21T14:46:06.427512+00:00,,,,,,pending_new,,cross_USO_state_slope=uptrend + state_ext=stretched_up,cross_USO_state_slope=uptrend + state_ext=stretched_up,"{'cross_USO_state_slope': 'uptrend', 'state_ext': 'neutral'}",,5.0,1h,False,monitored_slices_single
exit_intent,exit,GOLD,stable filter broken: state_ext=stretched_down (expected stretched_up); state_vol=low_vol (expected mid_vol),,3ca86eb9-7026-4327-bcea-17064fec98f9,2026-07-21T14:46:00.846543+00:00,2026-07-21T14:46:07.469177+00:00,,,,,,pending_new,,state_ext=stretched_up + state_vol=mid_vol,state_ext=stretched_up + state_vol=mid_vol,"{'state_ext': 'stretched_down', 'state_vol': 'low_vol'}",,5.0,1h,False,monitored_slices_single
stop_intent,stop_state_cleared,XBI,position no longer open (stopped out or closed by another exit policy),,,2026-07-21T14:46:01.299154+00:00,2026-07-21T14:46:07.474246+00:00,,,,False,,,,,,,,,,,
stop_intent,stop_unchanged,AMT,,159.12,,2026-07-21T14:46:01.299165+00:00,2026-07-21T14:46:07.478629+00:00,initial,5.0,-0.095,,,,,,,,,,,,
stop_intent,stop_adopted,BITO,found an existing resting stop order (bfc8ad17-8605-466f-9a6b-3061bbc6f3e5) at the broker for BITO with no local tracked state -- adopting it instead of submitting a duplicate (local state was likely lost/reset),9.55,bfc8ad17-8605-466f-9a6b-3061bbc6f3e5,2026-07-21T14:46:01.299171+00:00,2026-07-21T14:46:07.482974+00:00,,,,,,,,,,,,,,,
stop_intent,stop_adopted,GOLD,found an existing resting stop order (365eda78-69ec-469a-92da-996771f79f1f) at the broker for GOLD with no local tracked state -- adopting it instead of submitting a duplicate (local state was likely lost/reset),35.39,365eda78-69ec-469a-92da-996771f79f1f,2026-07-21T14:46:01.299175+00:00,2026-07-21T14:46:07.487184+00:00,,,,,,,,,,,,,,,
stop_intent,stop_adopted,HUM,found an existing resting stop order (81ca8e8a-3628-4b45-9192-5349f0cf0e59) at the broker for HUM with no local tracked state -- adopting it instead of submitting a duplicate (local state was likely lost/reset),372.04,81ca8e8a-3628-4b45-9192-5349f0cf0e59,2026-07-21T14:46:01.299179+00:00,2026-07-21T14:46:07.491467+00:00,,,,,,,,,,,,,,,
stop_intent,stop_unchanged,KLAC,,174.82,,2026-07-21T14:46:01.299183+00:00,2026-07-21T14:46:07.495689+00:00,initial,9.0,-0.018,,,,,,,,,,,,
stop_intent,stop_unchanged,SBUX,,98.9,,2026-07-21T14:46:01.299186+00:00,2026-07-21T14:46:07.500076+00:00,initial,10.0,0.013,,,,,,,,,,,,
stop_intent,stop_state_cleared,XBI,position no longer open (stopped out or closed by another exit policy),,,2026-07-21T15:46:01.588518+00:00,2026-07-21T15:46:06.875475+00:00,,,,False,,,,,,,,,,,
stop_intent,stop_state_cleared,BITO,position no longer open (stopped out or closed by another exit policy),,,2026-07-21T15:46:01.588533+00:00,2026-07-21T15:46:06.881025+00:00,,,,False,,,,,,,,,,,
stop_intent,stop_state_cleared,GOLD,position no longer open (stopped out or closed by another exit policy),,,2026-07-21T15:46:01.588538+00:00,2026-07-21T15:46:06.885939+00:00,,,,False,,,,,,,,,,,
stop_intent,stop_state_cleared,HUM,position no longer open (stopped out or closed by another exit policy),,,2026-07-21T15:46:01.588542+00:00,2026-07-21T15:46:06.890762+00:00,,,,False,,,,,,,,,,,
stop_intent,stop_unchanged,AMT,,159.12,,2026-07-21T15:46:01.588546+00:00,2026-07-21T15:46:06.895478+00:00,initial,5.0,-0.193,,,,,,,,,,,,
stop_intent,stop_unchanged,KLAC,,174.82,,2026-07-21T15:46:01.588549+00:00,2026-07-21T15:46:06.900349+00:00,initial,9.0,-0.027,,,,,,,,,,,,
stop_intent,stop_unchanged,SBUX,,98.9,,2026-07-21T15:46:01.588552+00:00,2026-07-21T15:46:06.905163+00:00,initial,10.0,-0.028,,,,,,,,,,,,
stop_intent,stop_unchanged,AMT,,159.12,,2026-07-21T16:46:06.762360+00:00,2026-07-21T16:46:13.272829+00:00,initial,5.0,-0.214,,,,,,,,,,,,
stop_intent,stop_unchanged,KLAC,,174.82,,2026-07-21T16:46:06.762367+00:00,2026-07-21T16:46:13.279003+00:00,initial,9.0,0.011,,,,,,,,,,,,
stop_intent,stop_unchanged,SBUX,,98.9,,2026-07-21T16:46:06.762372+00:00,2026-07-21T16:46:13.284058+00:00,initial,10.0,0.044,,,,,,,,,,,,
stop_intent,stop_state_cleared,AMT,position no longer open (stopped out or closed by another exit policy),,,2026-07-21T17:45:59.731739+00:00,2026-07-21T17:46:03.460616+00:00,,,,False,,,,,,,,,,,
stop_intent,stop_unchanged,KLAC,,174.82,,2026-07-21T17:45:59.731755+00:00,2026-07-21T17:46:03.466519+00:00,initial,9.0,0.015,,,,,,,,,,,,
stop_intent,stop_unchanged,SBUX,,98.9,,2026-07-21T17:45:59.731761+00:00,2026-07-21T17:46:03.471472+00:00,initial,10.0,-0.001,,,,,,,,,,,,
stop_intent,stop_adopted,AMT,found an existing resting stop order (aa257db4-2c1c-45e6-a189-c0c7db967642) at the broker for AMT with no local tracked state -- adopting it instead of submitting a duplicate (local state was likely lost/reset),156.74,aa257db4-2c1c-45e6-a189-c0c7db967642,2026-07-21T18:46:02.372220+00:00,2026-07-21T18:46:06.905606+00:00,,,,,,,,,,,,,,,
stop_intent,stop_unchanged,KLAC,,174.82,,2026-07-21T18:46:02.372236+00:00,2026-07-21T18:46:06.910948+00:00,initial,9.0,0.018,,,,,,,,,,,,
stop_intent,stop_unchanged,SBUX,,98.9,,2026-07-21T18:46:02.372241+00:00,2026-07-21T18:46:06.915674+00:00,initial,10.0,-0.03,,,,,,,,,,,,
stop_intent,stop_unchanged,AMT,,156.74,,2026-07-21T19:45:57.776041+00:00,2026-07-21T19:46:02.321772+00:00,initial,5.0,0.027,,,,,,,,,,,,
stop_intent,stop_unchanged,KLAC,,174.82,,2026-07-21T19:45:57.776053+00:00,2026-07-21T19:46:02.327538+00:00,initial,9.0,0.012,,,,,,,,,,,,
stop_intent,stop_unchanged,SBUX,,98.9,,2026-07-21T19:45:57.776058+00:00,2026-07-21T19:46:02.332268+00:00,initial,10.0,-0.004,,,,,,,,,,,,
stop_intent,stop_unchanged,AMT,,156.74,,2026-07-21T20:45:54.984881+00:00,2026-07-21T20:46:00.673296+00:00,initial,5.0,-0.056,,,,,,,,,,,,
stop_intent,stop_unchanged,KLAC,,174.82,,2026-07-21T20:45:54.984892+00:00,2026-07-21T20:46:00.679155+00:00,initial,9.0,-0.006,,,,,,,,,,,,
stop_intent,stop_unchanged,SBUX,,98.9,,2026-07-21T20:45:54.984897+00:00,2026-07-21T20:46:00.684143+00:00,initial,10.0,-0.028,,,,,,,,,,,,
stop_intent,stop_unchanged,AMT,,156.74,,2026-07-21T21:46:08.615361+00:00,2026-07-21T21:46:11.938802+00:00,initial,5.0,-0.056,,,,,,,,,,,,
stop_intent,stop_unchanged,KLAC,,174.82,,2026-07-21T21:46:08.615372+00:00,2026-07-21T21:46:11.943023+00:00,initial,9.0,0.033,,,,,,,,,,,,
stop_intent,stop_unchanged,SBUX,,98.9,,2026-07-21T21:46:08.615375+00:00,2026-07-21T21:46:11.946400+00:00,initial,10.0,-0.064,,,,,,,,,,,,
stop_intent,stop_unchanged,AMT,,156.74,,2026-07-21T22:45:58.879332+00:00,2026-07-21T22:46:03.719048+00:00,initial,5.0,-0.065,,,,,,,,,,,,
stop_intent,stop_unchanged,KLAC,,174.82,,2026-07-21T22:45:58.879342+00:00,2026-07-21T22:46:03.724850+00:00,initial,9.0,-0.017,,,,,,,,,,,,
stop_intent,stop_unchanged,SBUX,,98.9,,2026-07-21T22:45:58.879347+00:00,2026-07-21T22:46:03.729916+00:00,initial,10.0,-0.025,,,,,,,,,,,,
stop_intent,stop_unchanged,AMT,,156.74,,2026-07-21T23:46:05.697164+00:00,2026-07-21T23:46:11.876301+00:00,initial,5.0,0.007,,,,,,,,,,,,
stop_intent,stop_unchanged,KLAC,,174.82,,2026-07-21T23:46:05.697174+00:00,2026-07-21T23:46:11.882306+00:00,initial,9.0,0.006,,,,,,,,,,,,
stop_intent,stop_unchanged,SBUX,,98.9,,2026-07-21T23:46:05.697179+00:00,2026-07-21T23:46:11.887341+00:00,initial,10.0,-0.025,,,,,,,,,,,,
stop_intent,stop_unchanged,AMT,,156.74,,2026-07-22T00:46:12.477570+00:00,2026-07-22T00:46:15.369255+00:00,initial,5.0,0.007,,,,,,,,,,,,
stop_intent,stop_unchanged,KLAC,,174.82,,2026-07-22T00:46:12.477579+00:00,2026-07-22T00:46:15.373183+00:00,initial,9.0,-0.051,,,,,,,,,,,,
stop_intent,stop_unchanged,SBUX,,98.9,,2026-07-22T00:46:12.477582+00:00,2026-07-22T00:46:15.376108+00:00,initial,10.0,-0.025,,,,,,,,,,,,
stop_intent,stop_unchanged,AMT,,156.74,,2026-07-22T01:45:56.109343+00:00,2026-07-22T01:46:00.413610+00:00,initial,5.0,0.007,,,,,,,,,,,,
stop_intent,stop_unchanged,KLAC,,174.82,,2026-07-22T01:45:56.109355+00:00,2026-07-22T01:46:00.419449+00:00,initial,9.0,-0.05,,,,,,,,,,,,
stop_intent,stop_unchanged,SBUX,,98.9,,2026-07-22T01:45:56.109360+00:00,2026-07-22T01:46:00.424214+00:00,initial,10.0,-0.025,,,,,,,,,,,,
stop_intent,stop_unchanged,AMT,,156.74,,2026-07-22T02:46:00.014822+00:00,2026-07-22T02:46:05.427407+00:00,initial,5.0,0.007,,,,,,,,,,,,
stop_intent,stop_unchanged,KLAC,,174.82,,2026-07-22T02:46:00.014834+00:00,2026-07-22T02:46:05.433581+00:00,initial,9.0,-0.082,,,,,,,,,,,,
stop_intent,stop_unchanged,SBUX,,98.9,,2026-07-22T02:46:00.014839+00:00,2026-07-22T02:46:05.438838+00:00,initial,10.0,-0.025,,,,,,,,,,,,
stop_intent,stop_unchanged,AMT,,156.74,,2026-07-22T03:46:12.747235+00:00,2026-07-22T03:46:18.705404+00:00,initial,5.0,0.007,,,,,,,,,,,,
stop_intent,stop_unchanged,KLAC,,174.82,,2026-07-22T03:46:12.747248+00:00,2026-07-22T03:46:18.711870+00:00,initial,9.0,-0.107,,,,,,,,,,,,
stop_intent,stop_unchanged,SBUX,,98.9,,2026-07-22T03:46:12.747253+00:00,2026-07-22T03:46:18.717257+00:00,initial,10.0,-0.025,,,,,,,,,,,,
stop_intent,stop_unchanged,AMT,,156.74,,2026-07-22T04:46:39.364033+00:00,2026-07-22T04:46:43.784623+00:00,initial,5.0,0.007,,,,,,,,,,,,
stop_intent,stop_unchanged,KLAC,,174.82,,2026-07-22T04:46:39.364044+00:00,2026-07-22T04:46:43.790526+00:00,initial,9.0,-0.098,,,,,,,,,,,,
stop_intent,stop_unchanged,SBUX,,98.9,,2026-07-22T04:46:39.364049+00:00,2026-07-22T04:46:43.795416+00:00,initial,10.0,-0.025,,,,,,,,,,,,
stop_intent,stop_unchanged,AMT,,156.74,,2026-07-22T05:46:19.180854+00:00,2026-07-22T05:46:24.624835+00:00,initial,5.0,0.007,,,,,,,,,,,,
stop_intent,stop_unchanged,KLAC,,174.82,,2026-07-22T05:46:19.180867+00:00,2026-07-22T05:46:24.630987+00:00,initial,9.0,-0.145,,,,,,,,,,,,
stop_intent,stop_unchanged,SBUX,,98.9,,2026-07-22T05:46:19.180872+00:00,2026-07-22T05:46:24.636206+00:00,initial,10.0,-0.025,,,,,,,,,,,,
stop_intent,stop_unchanged,AMT,,156.74,,2026-07-22T06:46:02.192544+00:00,2026-07-22T06:46:07.656978+00:00,initial,5.0,0.007,,,,,,,,,,,,
stop_intent,stop_unchanged,KLAC,,174.82,,2026-07-22T06:46:02.192557+00:00,2026-07-22T06:46:07.662854+00:00,initial,9.0,-0.167,,,,,,,,,,,,
stop_intent,stop_unchanged,SBUX,,98.9,,2026-07-22T06:46:02.192562+00:00,2026-07-22T06:46:07.667928+00:00,initial,10.0,-0.025,,,,,,,,,,,,
stop_intent,stop_unchanged,AMT,,156.74,,2026-07-22T07:46:11.457614+00:00,2026-07-22T07:46:17.174004+00:00,initial,5.0,0.007,,,,,,,,,,,,
stop_intent,stop_unchanged,KLAC,,174.82,,2026-07-22T07:46:11.457625+00:00,2026-07-22T07:46:17.179694+00:00,initial,9.0,-0.149,,,,,,,,,,,,
stop_intent,stop_unchanged,SBUX,,98.9,,2026-07-22T07:46:11.457630+00:00,2026-07-22T07:46:17.184855+00:00,initial,10.0,-0.025,,,,,,,,,,,,
exit_intent,exit,KLAC,horizon reached: held 8 bars >= 5 (1d),,81c81fcf-51d5-459f-bfd6-31471045cd65,2026-07-22T08:45:55.823688+00:00,2026-07-22T08:46:01.695883+00:00,,,,,,pending_new,,state_ext=stretched_down + state_slope=downtrend,state_ext=stretched_down + state_slope=downtrend,"{'state_ext': 'stretched_down', 'state_slope': 'downtrend'}",8.0,5.0,1d,False,paper_trade_log_enter
stop_intent,stop_unchanged,AMT,,156.74,,2026-07-22T08:45:55.843260+00:00,2026-07-22T08:46:01.701688+00:00,initial,5.0,0.007,,,,,,,,,,,,
stop_intent,stop_unchanged,KLAC,,174.82,,2026-07-22T08:45:55.843270+00:00,2026-07-22T08:46:01.706744+00:00,initial,9.0,-0.143,,,,,,,,,,,,
stop_intent,stop_unchanged,SBUX,,98.9,,2026-07-22T08:45:55.843275+00:00,2026-07-22T08:46:01.711817+00:00,initial,10.0,-0.059,,,,,,,,,,,,
exit_intent,exit,KLAC,horizon reached: held 8 bars >= 5 (1d),,c5913a11-4422-49ee-b5d9-6a64cbf7c29f,2026-07-22T09:46:05.284776+00:00,2026-07-22T09:46:10.857593+00:00,,,,,,pending_new,,state_ext=stretched_down + state_slope=downtrend,state_ext=stretched_down + state_slope=downtrend,"{'state_ext': 'stretched_down', 'state_slope': 'downtrend'}",8.0,5.0,1d,False,paper_trade_log_enter
stop_intent,stop_unchanged,AMT,,156.74,,2026-07-22T09:46:05.326722+00:00,2026-07-22T09:46:10.861814+00:00,initial,5.0,0.007,,,,,,,,,,,,
stop_intent,stop_unchanged,KLAC,,174.82,,2026-07-22T09:46:05.326735+00:00,2026-07-22T09:46:10.865624+00:00,initial,9.0,-0.142,,,,,,,,,,,,
stop_intent,stop_unchanged,SBUX,,98.9,,2026-07-22T09:46:05.326739+00:00,2026-07-22T09:46:10.869426+00:00,initial,10.0,-0.059,,,,,,,,,,,,
exit_intent,exit,KLAC,horizon reached: held 8 bars >= 5 (1d),,faa4a139-3ae4-43da-be90-d290228bd1f9,2026-07-22T10:46:04.762788+00:00,2026-07-22T10:46:10.671455+00:00,,,,,,pending_new,,state_ext=stretched_down + state_slope=downtrend,state_ext=stretched_down + state_slope=downtrend,"{'state_ext': 'stretched_down', 'state_slope': 'downtrend'}",8.0,5.0,1d,False,paper_trade_log_enter
stop_intent,stop_unchanged,AMT,,156.74,,2026-07-22T10:46:04.800866+00:00,2026-07-22T10:46:10.675821+00:00,initial,5.0,0.007,,,,,,,,,,,,
stop_intent,stop_unchanged,KLAC,,174.82,,2026-07-22T10:46:04.800879+00:00,2026-07-22T10:46:10.711992+00:00,initial,9.0,-0.131,,,,,,,,,,,,
stop_intent,stop_unchanged,SBUX,,98.9,,2026-07-22T10:46:04.800883+00:00,2026-07-22T10:46:10.716090+00:00,initial,10.0,-0.056,,,,,,,,,,,,
exit_intent,exit,KLAC,horizon reached: held 8 bars >= 5 (1d),,44b64c6d-348b-47ef-9859-3554e1c880ff,2026-07-22T11:45:58.461630+00:00,2026-07-22T11:46:04.893474+00:00,,,,,,pending_new,,state_ext=stretched_down + state_slope=downtrend,state_ext=stretched_down + state_slope=downtrend,"{'state_ext': 'stretched_down', 'state_slope': 'downtrend'}",8.0,5.0,1d,False,paper_trade_log_enter
stop_intent,stop_unchanged,AMT,,156.74,,2026-07-22T11:45:58.515663+00:00,2026-07-22T11:46:04.899386+00:00,initial,5.0,0.007,,,,,,,,,,,,
stop_intent,stop_unchanged,KLAC,,174.82,,2026-07-22T11:45:58.515677+00:00,2026-07-22T11:46:04.904753+00:00,initial,9.0,-0.169,,,,,,,,,,,,
stop_intent,stop_unchanged,SBUX,,98.9,,2026-07-22T11:45:58.515682+00:00,2026-07-22T11:46:04.910118+00:00,initial,10.0,-0.056,,,,,,,,,,,,
exit_intent,exit,KLAC,horizon reached: held 8 bars >= 5 (1d),,9ea1725e-5127-4053-9c20-519e47273dc0,2026-07-22T12:46:03.030488+00:00,2026-07-22T12:46:08.213648+00:00,,,,,,pending_new,,state_ext=stretched_down + state_slope=downtrend,state_ext=stretched_down + state_slope=downtrend,"{'state_ext': 'stretched_down', 'state_slope': 'downtrend'}",8.0,5.0,1d,False,paper_trade_log_enter
stop_intent,stop_unchanged,AMT,,156.74,,2026-07-22T12:46:03.075893+00:00,2026-07-22T12:46:08.219964+00:00,initial,5.0,0.007,,,,,,,,,,,,
stop_intent,stop_unchanged,KLAC,,174.82,,2026-07-22T12:46:03.075901+00:00,2026-07-22T12:46:08.225508+00:00,initial,9.0,-0.19,,,,,,,,,,,,
stop_intent,stop_unchanged,SBUX,,98.9,,2026-07-22T12:46:03.075905+00:00,2026-07-22T12:46:08.230771+00:00,initial,10.0,0.001,,,,,,,,,,,,
exit_intent,exit,AVGO,stable filter broken: state_ext=neutral (expected stretched_up),,e1dead69-4b0d-4a6c-9849-dc5f5daa6d84,2026-07-22T13:46:20.078387+00:00,2026-07-22T13:46:28.866431+00:00,,,,,,pending_new,,cross_USO_state_slope=uptrend + cross_TLT_state_slope=downtrend + state_ext=stretched_up,cross_USO_state_slope=uptrend + cross_TLT_state_slope=downtrend + state_ext=stretched_up,"{'cross_USO_state_slope': 'uptrend', 'cross_TLT_state_slope': 'downtrend', 'state_ext': 'neutral'}",0.0,5.0,1h,False,paper_trade_log_enter
exit_intent,exit,JPM,stable filter broken: state_ext=neutral (expected stretched_up),,de2b6490-c620-43c7-a311-ac61a1282af9,2026-07-22T13:46:20.078395+00:00,2026-07-22T13:46:31.498063+00:00,,,,,,pending_new,,cross_TLT_state_slope=downtrend + state_ext=stretched_up,cross_TLT_state_slope=downtrend + state_ext=stretched_up,"{'cross_TLT_state_slope': 'downtrend', 'state_ext': 'neutral'}",0.0,5.0,1d,False,paper_trade_log_enter
stop_intent,stop_state_cleared,KLAC,position no longer open (stopped out or closed by another exit policy),,,2026-07-22T13:46:21.434008+00:00,2026-07-22T13:46:31.503912+00:00,,,,False,,,,,,,,,,,
stop_intent,stop_adopted,AMAT,found an existing resting stop order (3e3b0b15-f5a1-45af-96fd-151ffc889c26) at the broker for AMAT with no local tracked state -- adopting it instead of submitting a duplicate (local state was likely lost/reset),461.12,3e3b0b15-f5a1-45af-96fd-151ffc889c26,2026-07-22T13:46:21.434024+00:00,2026-07-22T13:46:31.509091+00:00,,,,,,,,,,,,,,,
stop_intent,stop_unchanged,AMT,,156.74,,2026-07-22T13:46:21.434031+00:00,2026-07-22T13:46:31.514275+00:00,initial,5.0,0.01,,,,,,,,,,,,
stop_intent,stop_adopted,AVGO,found an existing resting stop order (7f041b50-06bd-42bf-97a6-e474edf2478c) at the broker for AVGO with no local tracked state -- adopting it instead of submitting a duplicate (local state was likely lost/reset),349.71,7f041b50-06bd-42bf-97a6-e474edf2478c,2026-07-22T13:46:21.434037+00:00,2026-07-22T13:46:31.519620+00:00,,,,,,,,,,,,,,,
stop_intent,stop_adopted,CVS,found an existing resting stop order (e5f3a7b7-11c6-41ba-a115-456f6983528b) at the broker for CVS with no local tracked state -- adopting it instead of submitting a duplicate (local state was likely lost/reset),104.59,e5f3a7b7-11c6-41ba-a115-456f6983528b,2026-07-22T13:46:21.434042+00:00,2026-07-22T13:46:31.524765+00:00,,,,,,,,,,,,,,,
stop_intent,stop_adopted,JPM,found an existing resting stop order (ba6ab4cb-b0a8-4437-aef1-2f9d1a2a6be3) at the broker for JPM with no local tracked state -- adopting it instead of submitting a duplicate (local state was likely lost/reset),329.13,ba6ab4cb-b0a8-4437-aef1-2f9d1a2a6be3,2026-07-22T13:46:21.434046+00:00,2026-07-22T13:46:31.529949+00:00,,,,,,,,,,,,,,,
stop_intent,stop_unchanged,SBUX,,98.9,,2026-07-22T13:46:21.434050+00:00,2026-07-22T13:46:31.535186+00:00,initial,10.0,0.124,,,,,,,,,,,,
exit_intent,exit,SPG,stable filter broken: state_ext=stretched_up (expected neutral),,6c325d44-bede-42c4-8c6f-acc196996678,2026-07-22T14:46:05.816504+00:00,2026-07-22T14:46:12.004583+00:00,,,,,,pending_new,,cross_USO_state_vol=high_vol + state_ext=neutral,cross_USO_state_vol=high_vol + state_ext=neutral,"{'cross_USO_state_vol': 'high_vol', 'state_ext': 'stretched_up'}",0.0,5.0,1d,False,paper_trade_log_enter
stop_intent,stop_state_cleared,AVGO,position no longer open (stopped out or closed by another exit policy),,,2026-07-22T14:46:06.115499+00:00,2026-07-22T14:46:12.010555+00:00,,,,False,,,,,,,,,,,
stop_intent,stop_state_cleared,JPM,position no longer open (stopped out or closed by another exit policy),,,2026-07-22T14:46:06.115510+00:00,2026-07-22T14:46:12.015887+00:00,,,,False,,,,,,,,,,,
stop_intent,stop_unchanged,AMAT,,461.12,,2026-07-22T14:46:06.115515+00:00,2026-07-22T14:46:12.021184+00:00,initial,3.0,0.087,,,,,,,,,,,,
stop_intent,stop_unchanged,AMT,,156.74,,2026-07-22T14:46:06.115519+00:00,2026-07-22T14:46:12.026596+00:00,initial,5.0,0.193,,,,,,,,,,,,
stop_intent,stop_unchanged,CVS,,104.59,,2026-07-22T14:46:06.115523+00:00,2026-07-22T14:46:12.032010+00:00,initial,8.0,-0.001,,,,,,,,,,,,
stop_intent,stop_ratchet_failed,KLAC,"{""code"":42210000,""message"":""order is not open""}",,,2026-07-22T14:46:06.115526+00:00,2026-07-22T14:46:12.037371+00:00,,,,,,,,,,,,,,,
stop_intent,stop_unchanged,SBUX,,98.9,,2026-07-22T14:46:06.115529+00:00,2026-07-22T14:46:12.042610+00:00,initial,10.0,-0.08,,,,,,,,,,,,
stop_intent,stop_adopted,SPG,found an existing resting stop order (443514f6-693a-4fae-8428-4d11a9996437) at the broker for SPG with no local tracked state -- adopting it instead of submitting a duplicate (local state was likely lost/reset),217.8,443514f6-693a-4fae-8428-4d11a9996437,2026-07-22T14:46:06.115532+00:00,2026-07-22T14:46:12.048015+00:00,,,,,,,,,,,,,,,
stop_intent,stop_state_cleared,AMT,position no longer open (stopped out or closed by another exit policy),,,2026-07-22T15:46:10.740058+00:00,2026-07-22T15:46:15.746619+00:00,,,,False,,,,,,,,,,,
stop_intent,stop_state_cleared,AVGO,position no longer open (stopped out or closed by another exit policy),,,2026-07-22T15:46:10.740070+00:00,2026-07-22T15:46:15.751682+00:00,,,,False,,,,,,,,,,,
stop_intent,stop_state_cleared,CVS,position no longer open (stopped out or closed by another exit policy),,,2026-07-22T15:46:10.740074+00:00,2026-07-22T15:46:15.756144+00:00,,,,False,,,,,,,,,,,
stop_intent,stop_state_cleared,JPM,position no longer open (stopped out or closed by another exit policy),,,2026-07-22T15:46:10.740077+00:00,2026-07-22T15:46:15.760521+00:00,,,,False,,,,,,,,,,,
stop_intent,stop_state_cleared,SPG,position no longer open (stopped out or closed by another exit policy),,,2026-07-22T15:46:10.740081+00:00,2026-07-22T15:46:15.765599+00:00,,,,False,,,,,,,,,,,
stop_intent,stop_unchanged,AMAT,,461.12,,2026-07-22T15:46:10.740085+00:00,2026-07-22T15:46:15.770622+00:00,initial,3.0,0.1,,,,,,,,,,,,
stop_intent,stop_ratchet_failed,KLAC,"{""code"":42210000,""message"":""order is not open""}",,,2026-07-22T15:46:10.740088+00:00,2026-07-22T15:46:15.775278+00:00,,,,,,,,,,,,,,,
stop_intent,stop_unchanged,SBUX,,98.9,,2026-07-22T15:46:10.740091+00:00,2026-07-22T15:46:15.779552+00:00,initial,10.0,-0.073,,,,,,,,,,,,
stop_intent,stop_unchanged,AMAT,,461.12,,2026-07-22T16:46:09.424831+00:00,2026-07-22T16:46:13.968613+00:00,initial,3.0,0.076,,,,,,,,,,,,
stop_intent,stop_adopted,AMT,found an existing resting stop order (a606b9b7-9397-4414-a55f-eb61fb9c25f2) at the broker for AMT with no local tracked state -- adopting it instead of submitting a duplicate (local state was likely lost/reset),158.73,a606b9b7-9397-4414-a55f-eb61fb9c25f2,2026-07-22T16:46:09.424841+00:00,2026-07-22T16:46:13.973202+00:00,,,,,,,,,,,,,,,
stop_intent,stop_ratchet_failed,KLAC,"{""code"":42210000,""message"":""order is not open""}",,,2026-07-22T16:46:09.424845+00:00,2026-07-22T16:46:13.977309+00:00,,,,,,,,,,,,,,,
stop_intent,stop_unchanged,SBUX,,98.9,,2026-07-22T16:46:09.424848+00:00,2026-07-22T16:46:13.981331+00:00,initial,10.0,-0.114,,,,,,,,,,,,
stop_intent,stop_unchanged,AMAT,,461.12,,2026-07-22T17:46:18.215744+00:00,2026-07-22T17:46:24.460697+00:00,initial,3.0,0.105,,,,,,,,,,,,
stop_intent,stop_unchanged,AMT,,158.73,,2026-07-22T17:46:18.215755+00:00,2026-07-22T17:46:24.466772+00:00,initial,5.0,0.125,,,,,,,,,,,,
stop_intent,stop_ratchet_failed,KLAC,"{""code"":42210000,""message"":""order is not open""}",,,2026-07-22T17:46:18.215760+00:00,2026-07-22T17:46:24.472437+00:00,,,,,,,,,,,,,,,
stop_intent,stop_unchanged,SBUX,,98.9,,2026-07-22T17:46:18.215764+00:00,2026-07-22T17:46:24.477822+00:00,initial,10.0,-0.114,,,,,,,,,,,,
