order_id,symbol,qty,side,order_type,stop_price,time_in_force,status,submitted_at,action,timestamp_utc,broker_status,filled_qty,filled_avg_price,filled_at,reconciled_at_utc,limit_price,slice_label,entry_bar_ts,timeframe,bin_mode,avg_entry_price,current_price,client_order_id,error,prior_order_id
785ae8ed-039d-4824-8034-1a55f7ffc7e9,KLAC,10.0,sell,stop,178.83,gtc,canceled,2026-07-10 14:18:14.284011+00:00,protective_stop_submit,2026-07-10T14:18:14.302438+00:00,canceled,0.0,,,2026-07-15T14:18:18.928495+00:00,,,,,,,,,,
e4f4fa56-3cb1-4931-9843-9f4657493166,HUM,2.0,buy,limit,,day,expired,2026-07-13 14:18:37.680690+00:00,entry,2026-07-13T14:18:37.690429+00:00,expired,0.0,,,2026-07-13T20:18:11.174996+00:00,400.18,cross_TLT_state_slope=flat + state_ext=stretched_up,2026-07-13 13:00:00+00:00,1h,insample,,,,,
7dd232d5-b18b-417d-b08b-d1608462ffb7,MRVL,10.0,buy,limit,,day,filled,2026-07-13 14:18:37.780806+00:00,entry,2026-07-13T14:18:37.797252+00:00,filled,10.0,219.16,2026-07-13 14:18:38.854642+00:00,2026-07-14T13:18:15.750035+00:00,219.62,cross_TLT_state_slope=flat + state_slope=downtrend,2026-07-13 13:00:00+00:00,1h,insample,,,,,
11ab9eea-bd93-4cbd-a097-5938dfa9cc2f,SCHW,21.0,buy,limit,,day,filled,2026-07-13 14:18:37.890759+00:00,entry,2026-07-13T14:18:37.906893+00:00,filled,21.0,102.39,2026-07-13 14:18:40.290599+00:00,2026-07-13T15:18:23.299955+00:00,103.12000274658205,cross_USO_state_slope=downtrend + state_slope=uptrend,2026-07-10 04:00:00+00:00,1d,insample,,,,,
b50bc45f-625f-498e-bfb0-0cbb25bb9031,MRVL,10.0,sell,stop,211.25,gtc,canceled,2026-07-13 15:18:25.387153+00:00,protective_stop_submit,2026-07-13T15:18:25.410532+00:00,canceled,0.0,,,2026-07-13T17:18:21.626015+00:00,,,,,,,,,,
f0d84ec7-cfe9-4066-bc00-beb6de8c0755,SCHW,21.0,sell,stop,97.5,gtc,canceled,2026-07-13 15:18:25.670086+00:00,protective_stop_submit,2026-07-13T15:18:25.698221+00:00,canceled,0.0,,,2026-07-14T14:18:20.383018+00:00,,,,,,,,,,
b50bc45f-625f-498e-bfb0-0cbb25bb9031,,,,,,,canceled,,order_cancel,2026-07-13T16:18:30.895894+00:00,canceled,0.0,,,2026-07-13T17:18:21.626015+00:00,,,,,,,,,,
15e9246e-7f6d-43b7-b57b-eacf00b87331,MRVL,10.0,close,,,,filled,2026-07-13 16:18:31.543383+00:00,exit,2026-07-13T16:18:31.547104+00:00,filled,10.0,220.22,2026-07-13 16:18:33.316897+00:00,2026-07-13T17:18:21.626015+00:00,,,,,,219.16,220.32,,,
a4a8e510-153d-4319-94d6-836cff7355f2,AFRM,15.0,sell,limit,,day,expired,2026-07-13 19:18:24.907498+00:00,entry,2026-07-13T19:18:24.930201+00:00,expired,0.0,,,2026-07-13T20:18:11.174996+00:00,82.37,state_session=afternoon + state_ext=neutral + state_slope=flat,2026-07-13 18:00:00+00:00,1h,insample,,,,,
b2a4042e-9e46-4cb2-ae46-87a245a5f492,AFRM,15.0,sell,limit,,day,filled,2026-07-13 21:18:30.308469+00:00,entry,2026-07-13T21:18:30.318284+00:00,filled,15.0,82.0,2026-07-14 13:31:38.686771+00:00,2026-07-14T14:18:20.383018+00:00,81.915,state_session=afternoon + state_ext=neutral + state_slope=flat,2026-07-13 19:00:00+00:00,1h,insample,,,,,
f0d84ec7-cfe9-4066-bc00-beb6de8c0755,,,,,,,canceled,,order_cancel,2026-07-14T13:18:29.725104+00:00,canceled,0.0,,,2026-07-14T14:18:20.383018+00:00,,,,,,,,,,
90a1163d-a44a-417b-9d65-a8e5848add05,SCHW,21.0,close,,,,filled,2026-07-14 13:18:30.878206+00:00,exit,2026-07-14T13:18:30.891053+00:00,filled,21.0,101.337619,2026-07-14 13:33:23.235110+00:00,2026-07-14T14:18:20.383018+00:00,,,,,,102.39,102.3,,,
d89630f3-0aca-43ec-b245-9a0a422c437f,AFRM,15.0,buy,stop,83.9,gtc,filled,2026-07-14 14:18:21.798046+00:00,protective_stop_submit,2026-07-14T14:18:21.809834+00:00,filled,15.0,84.0,2026-07-14 14:31:58.001032+00:00,2026-07-15T13:18:28.550062+00:00,,,,,,,,,,
d89630f3-0aca-43ec-b245-9a0a422c437f,AFRM,15.0,close,,,,filled,2026-07-14 14:31:58.001031+00:00,exit,2026-07-14T15:18:13.934329+00:00,filled,15.0,84.0,2026-07-14 14:31:58.001032+00:00,2026-07-15T13:18:28.550062+00:00,,,,,,82.0,84.0,,,
785ae8ed-039d-4824-8034-1a55f7ffc7e9,,,,,,,canceled,,order_cancel,2026-07-15T13:18:37.203974+00:00,canceled,0.0,,,2026-07-15T14:18:18.928495+00:00,,,,,,,,,,
cd5ec04c-c9a3-4e1e-8af6-164e91fe33b3,KLAC,10.0,close,,,,filled,2026-07-15 13:18:38.328480+00:00,exit,2026-07-15T13:18:38.360070+00:00,filled,10.0,233.148,2026-07-15 13:32:34.557965+00:00,2026-07-16T13:18:27.792773+00:00,,,,,,225.18,232.49,,,
f86e3270-becf-49d5-9495-6db1fb49d891,KLAC,9.0,buy,limit,,day,filled,2026-07-15 16:18:31.229933+00:00,entry,2026-07-15T16:18:31.245546+00:00,filled,9.0,217.15,2026-07-15 16:18:31.509180+00:00,2026-07-16T13:18:27.792773+00:00,230.3699951171875,state_ext=stretched_down + state_slope=downtrend,2026-07-14 04:00:00+00:00,1d,rolling,,,,,
63cf7840-4e16-421e-98a2-24c67ddb6e3b,KLAC,9.0,sell,stop,174.82,gtc,canceled,2026-07-15 17:18:36.565678+00:00,protective_stop_submit,2026-07-15T17:18:36.594269+00:00,canceled,0.0,,,2026-07-22T13:19:25.208295+00:00,,,,,,,,,,
8049490a-3589-4aec-b65b-35bebc85dd91,AFRM,15.0,sell,limit,,day,filled,2026-07-15 19:18:50.963821+00:00,entry,2026-07-15T19:18:50.999091+00:00,filled,15.0,81.386,2026-07-15 19:27:27.944218+00:00,2026-07-16T13:18:27.792773+00:00,81.375,state_session=afternoon + state_ext=neutral + state_slope=flat,2026-07-15 18:00:00+00:00,1h,rolling,,,,,
756a704c-fca8-4566-a59c-ca9c02aedc9b,AFRM,15.0,buy,stop,84.34,gtc,canceled,2026-07-15 20:18:34.979172+00:00,protective_stop_submit,2026-07-15T20:18:35.021328+00:00,canceled,0.0,,,2026-07-16T14:18:24.628485+00:00,,,,,,,,,,
756a704c-fca8-4566-a59c-ca9c02aedc9b,,,,,,,canceled,,order_cancel,2026-07-16T13:18:46.237367+00:00,canceled,0.0,,,2026-07-16T14:18:24.628485+00:00,,,,,,,,,,
98b845bc-662a-4346-a245-0c56cd376825,AFRM,-15.0,close,,,,filled,2026-07-16 13:18:46.654345+00:00,exit,2026-07-16T13:18:46.698525+00:00,filled,15.0,81.268,2026-07-16 13:33:59.137929+00:00,2026-07-16T14:18:24.628485+00:00,,,,,,81.386,81.31,,,
fdd19d13-870b-48f2-987f-1ff4d3114573,ETN,2.0,buy,limit,,day,filled,2026-07-16 15:18:34.179163+00:00,entry,2026-07-16T15:18:34.209120+00:00,filled,2.0,397.88,2026-07-16 15:18:34.505114+00:00,2026-07-16T16:18:14.265389+00:00,398.12,cross_TLT_state_slope=flat + state_slope=downtrend,2026-07-16 14:00:00+00:00,1h,rolling,,,,,
a559b969-4fc0-415d-9361-1170a7f86efd,,,,,,,canceled,,order_cancel,2026-07-16T19:18:43.212067+00:00,canceled,0.0,,,2026-07-16T20:18:25.096871+00:00,,,,,,,,,,
2f1dbb42-3717-4676-8a66-533ed9b1b99a,ETN,2.0,close,,,,filled,2026-07-16 19:18:43.956928+00:00,exit,2026-07-16T19:18:43.971652+00:00,filled,2.0,396.97,2026-07-16 19:18:45.195843+00:00,2026-07-16T20:18:25.096871+00:00,,,,,,397.88,397.35,,,
7c41e599-b2c4-4c86-b48f-82eda0a8efdf,ETN,2.0,buy,limit,,day,filled,2026-07-16 20:19:01.552070+00:00,entry,2026-07-16T20:19:01.595260+00:00,filled,2.0,385.14,2026-07-17 13:32:34.405494+00:00,2026-07-20T13:18:17.450652+00:00,396.3,cross_TLT_state_slope=flat + state_slope=downtrend,2026-07-16 19:00:00+00:00,1h,rolling,,,,,
827384ac-e649-49ac-8de3-4236d32b4a7a,AMC,514.0,sell,limit,,day,expired,2026-07-17 13:18:52.449980+00:00,entry,2026-07-17T13:18:52.457801+00:00,expired,0.0,,,2026-07-17T20:18:07.255675+00:00,2.05,cross_TLT_state_slope=flat + state_slope=flat,2026-07-16 19:00:00+00:00,1h,rolling,,,,,
b242a70a-74ba-49e3-9f5f-36d86008e627,AMC,480.0,sell,limit,,day,filled,2026-07-20 14:19:00.534992+00:00,entry,2026-07-20T14:19:00.605878+00:00,filled,480.0,2.19,2026-07-20 14:30:32.767576+00:00,2026-07-20T15:18:26.627055+00:00,2.195,cross_TLT_state_slope=flat + state_slope=flat,2026-07-20 13:00:00+00:00,1h,rolling,,,price-eq-AMC-1h-sell-166a1339,,
4ef4d8e2-4757-4b35-a642-81c105fcd516,HUM,2.0,buy,limit,,day,filled,2026-07-20 14:19:00.819642+00:00,entry,2026-07-20T14:19:00.856877+00:00,filled,2.0,402.97,2026-07-20 14:19:02.947419+00:00,2026-07-20T15:18:26.627055+00:00,405.16,cross_TLT_state_slope=flat + state_ext=stretched_up,2026-07-20 13:00:00+00:00,1h,rolling,,,price-eq-HUM-1h-buy-2a3c7036,,
dc3b853a-226a-4ae7-9353-07c91aa4b976,,,,,,,canceled,,order_cancel,2026-07-20T15:19:05.173361+00:00,canceled,0.0,,,2026-07-20T16:18:10.288274+00:00,,,,,,,,,,
f0551c73-ac3c-42a0-960c-fba1092254a9,HUM,2.0,close,,,,filled,2026-07-20 15:19:06.312190+00:00,exit,2026-07-20T15:19:06.348857+00:00,filled,2.0,398.48,2026-07-20 15:19:08.013092+00:00,2026-07-20T16:18:10.288274+00:00,,,,,,402.97,398.77,,,
c10d26b2-5c32-4f02-b617-8a6547b28aa4,AMT,5.0,buy,limit,,day,filled,2026-07-20 21:22:07.274346+00:00,entry,2026-07-20T21:22:07.325478+00:00,filled,5.0,166.224,2026-07-21 13:33:10.252948+00:00,2026-07-21T14:18:52.263614+00:00,167.025,cross_USO_state_slope=uptrend + state_slope=downtrend,2026-07-20 19:00:00+00:00,1h,rolling,,,price-eq-AMT-1h-buy-34fb12c7,,
10fd5bb9-b01a-4f71-9344-93366964c4d6,AMAT,3.0,buy,limit,,day,expired,2026-07-21 13:21:35.573032+00:00,entry,2026-07-21T13:21:35.619731+00:00,expired,0.0,,,2026-07-21T20:18:51.071904+00:00,525.7000122070312,cross_USO_state_vol=high_vol + state_ext=stretched_down,2026-07-20 04:00:00+00:00,1d,rolling,,,price-eq-AMAT-1d-buy-c584d937,,
,LCID,276.0,sell,limit,,,rejected,,entry,2026-07-21T13:21:35.916749+00:00,,,,,,7.110000133514404,cross_TLT_state_slope=downtrend + state_ext=stretched_up,2026-07-20 04:00:00+00:00,1d,rolling,,,price-eq-LCID-1d-sell-ef4be338,"{""code"":42210000,""message"":""asset \""LCID\"" cannot be sold short""}",
f7c88563-bb72-45ab-9789-855d8d9cec14,SBUX,10.0,buy,limit,,day,filled,2026-07-21 13:21:36.122215+00:00,entry,2026-07-21T13:21:36.159956+00:00,filled,10.0,104.745,2026-07-21 13:35:44.898442+00:00,2026-07-22T13:19:25.208295+00:00,104.80999755859376,cross_USO_state_vol=high_vol + state_ext=neutral,2026-07-20 04:00:00+00:00,1d,rolling,,,price-eq-SBUX-1d-buy-6b24409d,,
9ee9c619-617f-4654-944e-1f5c737c97e6,XBI,15.0,buy,limit,,day,filled,2026-07-21 13:21:36.366954+00:00,entry,2026-07-21T13:21:36.403484+00:00,filled,15.0,150.94,2026-07-21 13:34:16.224780+00:00,2026-07-21T14:18:52.263614+00:00,150.94000244140625,cross_USO_state_vol=high_vol + state_ext=stretched_down,2026-07-20 04:00:00+00:00,1d,rolling,,,price-eq-XBI-1d-buy-7e2877fd,,
764c6f4b-d43b-47bc-9114-d741fd4fd8ca,AVGO,2.0,buy,limit,,day,expired,2026-07-21 14:21:39.362904+00:00,entry,2026-07-21T14:21:39.460264+00:00,expired,0.0,,,2026-07-21T20:18:51.071904+00:00,381.25,cross_USO_state_slope=uptrend + cross_TLT_state_slope=downtrend + state_ext=stretched_up,2026-07-21 13:00:00+00:00,1h,rolling,,,price-eq-AVGO-1h-buy-3e9616b4,,
e7dcd695-af18-4c5e-b2ce-f7faa2a8b7d2,BITO,101.0,sell,limit,,day,filled,2026-07-21 14:21:39.707407+00:00,entry,2026-07-21T14:21:39.735341+00:00,filled,101.0,9.06,2026-07-21 14:21:40.708913+00:00,2026-07-21T15:19:23.918309+00:00,9.05,cross_USO_state_slope=uptrend + state_ext=stretched_up,2026-07-21 13:00:00+00:00,1h,rolling,,,price-eq-BITO-1h-sell-3f9bd12c,,
156d4d09-3cc7-4ed4-a521-e27f1cc0a6a6,GOLD,23.0,buy,limit,,day,filled,2026-07-21 14:21:39.955616+00:00,entry,2026-07-21T14:21:39.966350+00:00,filled,23.0,38.78,2026-07-21 14:23:09.965601+00:00,2026-07-22T13:19:25.208295+00:00,38.8,state_ext=stretched_up + state_vol=mid_vol,2026-07-21 13:00:00+00:00,1h,rolling,,,price-eq-GOLD-1h-buy-f9a56bb1,,
e64b2304-9928-4603-8625-dde2046c4299,HUM,2.0,buy,limit,,day,filled,2026-07-21 14:21:40.047982+00:00,entry,2026-07-21T14:21:40.299088+00:00,filled,2.0,404.5,2026-07-21 14:21:40.916525+00:00,2026-07-21T15:19:23.918309+00:00,404.73,state_volume=vol_quiet + state_ext=stretched_up,2026-07-21 13:00:00+00:00,1h,rolling,,,price-eq-HUM-1h-buy-4e476e0a,,
,LCID,276.0,sell,limit,,,rejected,,entry,2026-07-21T14:21:40.398640+00:00,,,,,,7.110000133514404,cross_TLT_state_slope=downtrend + state_ext=stretched_up,2026-07-20 04:00:00+00:00,1d,rolling,,,price-eq-LCID-1d-sell-ef4be338,"{""code"":42210000,""message"":""asset \""LCID\"" cannot be sold short""}",
,XBI,15.0,buy,limit,,,rejected,,entry,2026-07-21T14:21:40.497779+00:00,,,,,,150.94000244140625,cross_USO_state_vol=high_vol + state_ext=stretched_down,2026-07-20 04:00:00+00:00,1d,rolling,,,price-eq-XBI-1d-buy-7e2877fd,"{""code"":40010001,""message"":""client_order_id must be unique""}",
81ca8e8a-3628-4b45-9192-5349f0cf0e59,,,,,,,canceled,,order_cancel,2026-07-21T15:21:58.164674+00:00,canceled,0.0,,,2026-07-21T16:19:27.852870+00:00,,,,,,,,,,
46b05e9b-8d3c-4c5d-bb25-9cd0f01af8c2,HUM,2.0,close,,,,filled,2026-07-21 15:21:58.592385+00:00,exit,2026-07-21T15:21:58.674835+00:00,filled,2.0,404.85,2026-07-21 15:22:00.276493+00:00,2026-07-22T13:19:25.208295+00:00,,,,,,404.5,405.32,,,
,ARKG,23.0,sell,limit,,,rejected,,entry,2026-07-21T15:21:59.015060+00:00,,,,,,39.21,state_volume=vol_quiet + state_ext=neutral,2026-07-21 14:00:00+00:00,1h,rolling,,,price-eq-ARKG-1h-sell-21bfcf68,"{""code"":42210000,""message"":""asset \""ARKG\"" cannot be sold short""}",
,LCID,276.0,sell,limit,,,rejected,,entry,2026-07-21T15:21:59.352846+00:00,,,,,,7.110000133514404,cross_TLT_state_slope=downtrend + state_ext=stretched_up,2026-07-20 04:00:00+00:00,1d,rolling,,,price-eq-LCID-1d-sell-ef4be338,"{""code"":42210000,""message"":""asset \""LCID\"" cannot be sold short""}",
,XBI,15.0,buy,limit,,,rejected,,entry,2026-07-21T15:21:59.626794+00:00,,,,,,150.94000244140625,cross_USO_state_vol=high_vol + state_ext=stretched_down,2026-07-20 04:00:00+00:00,1d,rolling,,,price-eq-XBI-1d-buy-7e2877fd,"{""code"":40010001,""message"":""client_order_id must be unique""}",
,ARKG,23.0,sell,limit,,,rejected,,entry,2026-07-21T16:21:33.627718+00:00,,,,,,39.23,state_volume=vol_quiet + state_ext=neutral,2026-07-21 15:00:00+00:00,1h,rolling,,,price-eq-ARKG-1h-sell-0102b89a,"{""code"":42210000,""message"":""asset \""ARKG\"" cannot be sold short""}",
f5da3643-a9ca-4cd8-a7d0-e5ae810c9ae9,BITO,101.0,sell,limit,,day,expired,2026-07-21 16:21:33.955821+00:00,entry,2026-07-21T16:21:34.135283+00:00,expired,0.0,,,2026-07-21T20:18:51.071904+00:00,9.04,cross_USO_state_slope=uptrend + state_ext=stretched_up,2026-07-21 15:00:00+00:00,1h,rolling,,,price-eq-BITO-1h-sell-5ac1e5e9,,
41fb601c-d771-4ee5-8301-2a660ce36a6d,GOLD,23.0,buy,limit,,day,expired,2026-07-21 16:21:34.321525+00:00,entry,2026-07-21T16:21:34.373378+00:00,expired,0.0,,,2026-07-21T20:18:51.071904+00:00,39.235,state_ext=stretched_up + state_vol=mid_vol,2026-07-21 15:00:00+00:00,1h,rolling,,,price-eq-GOLD-1h-buy-03960fe9,,
89ccea52-b2c8-4891-a92b-7e405e835c17,HUM,2.0,buy,limit,,day,filled,2026-07-21 16:21:34.576458+00:00,entry,2026-07-21T16:21:34.731795+00:00,filled,2.0,405.84,2026-07-21 18:46:52.605841+00:00,2026-07-21T19:19:00.456148+00:00,406.05,state_volume=vol_quiet + state_ext=stretched_up,2026-07-21 15:00:00+00:00,1h,rolling,,,price-eq-HUM-1h-buy-d1d6dd4e,,
,LCID,276.0,sell,limit,,,rejected,,entry,2026-07-21T16:21:34.953423+00:00,,,,,,7.110000133514404,cross_TLT_state_slope=downtrend + state_ext=stretched_up,2026-07-20 04:00:00+00:00,1d,rolling,,,price-eq-LCID-1d-sell-ef4be338,"{""code"":42210000,""message"":""asset \""LCID\"" cannot be sold short""}",
,XBI,15.0,buy,limit,,,rejected,,entry,2026-07-21T16:21:35.164906+00:00,,,,,,150.94000244140625,cross_USO_state_vol=high_vol + state_ext=stretched_down,2026-07-20 04:00:00+00:00,1d,rolling,,,price-eq-XBI-1d-buy-7e2877fd,"{""code"":40010001,""message"":""client_order_id must be unique""}",
3eb7e7fc-eef5-4ce0-8a57-878ac2f2b0a6,,,,,,,canceled,,order_cancel,2026-07-21T17:21:50.410979+00:00,canceled,0.0,,,2026-07-21T18:19:06.665714+00:00,,,,,,,,,,
f9785788-ecca-4a12-b915-22910ac919de,AMT,5.0,close,,,,filled,2026-07-21 17:21:51.021301+00:00,exit,2026-07-21T17:21:51.028295+00:00,filled,5.0,163.74,2026-07-21 17:21:52.237635+00:00,2026-07-22T13:19:25.208295+00:00,,,,,,166.224,163.78,,,
,ARKG,23.0,sell,limit,,,rejected,,entry,2026-07-21T17:21:51.191280+00:00,,,,,,39.29,state_volume=vol_quiet + state_ext=neutral,2026-07-21 16:00:00+00:00,1h,rolling,,,price-eq-ARKG-1h-sell-23f775be,"{""code"":42210000,""message"":""asset \""ARKG\"" cannot be sold short""}",
,LCID,276.0,sell,limit,,,rejected,,entry,2026-07-21T17:21:51.353472+00:00,,,,,,7.110000133514404,cross_TLT_state_slope=downtrend + state_ext=stretched_up,2026-07-20 04:00:00+00:00,1d,rolling,,,price-eq-LCID-1d-sell-ef4be338,"{""code"":42210000,""message"":""asset \""LCID\"" cannot be sold short""}",
,XBI,15.0,buy,limit,,,rejected,,entry,2026-07-21T17:21:51.425916+00:00,,,,,,150.94000244140625,cross_USO_state_vol=high_vol + state_ext=stretched_down,2026-07-20 04:00:00+00:00,1d,rolling,,,price-eq-XBI-1d-buy-7e2877fd,"{""code"":40010001,""message"":""client_order_id must be unique""}",
98656a27-c06b-49f5-88ae-a4f13eaa985c,AMT,5.0,buy,limit,,day,filled,2026-07-21 18:22:00.627384+00:00,entry,2026-07-21T18:22:00.642805+00:00,filled,5.0,163.85,2026-07-21 18:22:03.902669+00:00,2026-07-22T13:19:25.208295+00:00,163.935,cross_USO_state_slope=uptrend + state_slope=downtrend,2026-07-21 17:00:00+00:00,1h,rolling,,,price-eq-AMT-1h-buy-5ffdcfc8,,
,ARKG,23.0,sell,limit,,,rejected,,entry,2026-07-21T18:22:00.807743+00:00,,,,,,39.355,state_volume=vol_quiet + state_ext=neutral,2026-07-21 17:00:00+00:00,1h,rolling,,,price-eq-ARKG-1h-sell-430ace23,"{""code"":42210000,""message"":""asset \""ARKG\"" cannot be sold short""}",
,LCID,276.0,sell,limit,,,rejected,,entry,2026-07-21T18:22:01.045866+00:00,,,,,,7.110000133514404,cross_TLT_state_slope=downtrend + state_ext=stretched_up,2026-07-20 04:00:00+00:00,1d,rolling,,,price-eq-LCID-1d-sell-ef4be338,"{""code"":42210000,""message"":""asset \""LCID\"" cannot be sold short""}",
,XBI,15.0,buy,limit,,,rejected,,entry,2026-07-21T18:22:01.189741+00:00,,,,,,150.94000244140625,cross_USO_state_vol=high_vol + state_ext=stretched_down,2026-07-20 04:00:00+00:00,1d,rolling,,,price-eq-XBI-1d-buy-7e2877fd,"{""code"":40010001,""message"":""client_order_id must be unique""}",
c98beaeb-3a03-4d66-a8c0-0de0a3db8bd7,HUM,2.0,sell,stop,399.84,gtc,canceled,2026-07-21 19:19:08.827602+00:00,protective_stop_submit,2026-07-21T19:19:08.844482+00:00,canceled,0.0,,,2026-07-21T20:18:51.071904+00:00,,,,,,,,,,
c98beaeb-3a03-4d66-a8c0-0de0a3db8bd7,,,,,,,canceled,,order_cancel,2026-07-21T19:21:30.866946+00:00,canceled,0.0,,,2026-07-21T20:18:51.071904+00:00,,,,,,,,,,
83bb75b6-f95b-4024-aa30-176519a235c7,HUM,2.0,close,,,,filled,2026-07-21 19:21:32.450134+00:00,exit,2026-07-21T19:21:32.490356+00:00,filled,2.0,405.56,2026-07-21 19:21:33.921632+00:00,2026-07-21T20:18:51.071904+00:00,,,,,,405.84,405.955,,,
,ARKG,23.0,sell,limit,,,rejected,,entry,2026-07-21T19:21:32.744786+00:00,,,,,,39.305,state_volume=vol_quiet + state_ext=neutral,2026-07-21 18:00:00+00:00,1h,rolling,,,price-eq-ARKG-1h-sell-e206c5c2,"{""code"":42210000,""message"":""asset \""ARKG\"" cannot be sold short""}",
b0289b37-4c89-4cf4-b09f-ccc31e458b30,CVS,8.0,buy,limit,,day,expired,2026-07-21 19:21:32.909941+00:00,entry,2026-07-21T19:21:32.967532+00:00,expired,0.0,,,2026-07-21T20:18:51.071904+00:00,109.57,cross_USO_state_slope=uptrend + state_ext=stretched_up,2026-07-21 18:00:00+00:00,1h,rolling,,,price-eq-CVS-1h-buy-b0a24225,,
,LCID,276.0,sell,limit,,,rejected,,entry,2026-07-21T19:21:33.149485+00:00,,,,,,7.110000133514404,cross_TLT_state_slope=downtrend + state_ext=stretched_up,2026-07-20 04:00:00+00:00,1d,rolling,,,price-eq-LCID-1d-sell-ef4be338,"{""code"":42210000,""message"":""asset \""LCID\"" cannot be sold short""}",
,XBI,15.0,buy,limit,,,rejected,,entry,2026-07-21T19:21:33.291818+00:00,,,,,,150.94000244140625,cross_USO_state_vol=high_vol + state_ext=stretched_down,2026-07-20 04:00:00+00:00,1d,rolling,,,price-eq-XBI-1d-buy-7e2877fd,"{""code"":40010001,""message"":""client_order_id must be unique""}",
,AMAT,3.0,buy,limit,,,rejected,,entry,2026-07-21T20:21:26.905051+00:00,,,,,,525.7000122070312,cross_USO_state_vol=high_vol + state_ext=stretched_down,2026-07-20 04:00:00+00:00,1d,rolling,,,price-eq-AMAT-1d-buy-c584d937,"{""code"":40010001,""message"":""client_order_id must be unique""}",
,ARKG,23.0,sell,limit,,,rejected,,entry,2026-07-21T20:21:26.987675+00:00,,,,,,39.59,state_volume=vol_quiet + state_ext=neutral,2026-07-21 19:00:00+00:00,1h,rolling,,,price-eq-ARKG-1h-sell-8080c32b,"{""code"":42210000,""message"":""asset \""ARKG\"" cannot be sold short""}",
2860407a-0d38-42ba-9e65-5a36bcf0d51a,AVGO,2.0,buy,limit,,day,filled,2026-07-21 20:21:27.048370+00:00,entry,2026-07-21T20:21:27.076819+00:00,filled,2.0,381.985,2026-07-22 13:32:44.479148+00:00,2026-07-22T14:19:05.253797+00:00,386.28,cross_USO_state_slope=uptrend + cross_TLT_state_slope=downtrend + state_ext=stretched_up,2026-07-21 19:00:00+00:00,1h,rolling,,,price-eq-AVGO-1h-buy-eda0425f,,
69f35a7c-7e90-40b9-b962-76929cffe1ef,BITO,102.0,sell,limit,,day,rejected,2026-07-21 20:21:27.248973+00:00,entry,2026-07-21T20:21:27.257533+00:00,rejected,0.0,,,2026-07-22T13:19:25.208295+00:00,9.005,cross_USO_state_slope=uptrend + state_ext=stretched_up,2026-07-21 19:00:00+00:00,1h,rolling,,,price-eq-BITO-1h-sell-36b48ab7,,
ca3c7ec7-5a58-413b-a0a6-f86360efa638,GOLD,23.0,buy,limit,,day,filled,2026-07-21 20:21:27.340739+00:00,entry,2026-07-21T20:21:27.381241+00:00,filled,23.0,39.860435,2026-07-22 18:41:04.182164+00:00,2026-07-23T13:18:47.492345+00:00,39.91,state_ext=stretched_up + state_vol=mid_vol,2026-07-21 19:00:00+00:00,1h,rolling,,,price-eq-GOLD-1h-buy-195b3a50,,
,LCID,276.0,sell,limit,,,rejected,,entry,2026-07-21T20:21:27.472085+00:00,,,,,,7.110000133514404,cross_TLT_state_slope=downtrend + state_ext=stretched_up,2026-07-20 04:00:00+00:00,1d,rolling,,,price-eq-LCID-1d-sell-ef4be338,"{""code"":42210000,""message"":""asset \""LCID\"" cannot be sold short""}",
,XBI,15.0,buy,limit,,,rejected,,entry,2026-07-21T20:21:27.548612+00:00,,,,,,150.94000244140625,cross_USO_state_vol=high_vol + state_ext=stretched_down,2026-07-20 04:00:00+00:00,1d,rolling,,,price-eq-XBI-1d-buy-7e2877fd,"{""code"":40010001,""message"":""client_order_id must be unique""}",
,AMAT,3.0,buy,limit,,,rejected,,entry,2026-07-21T21:22:06.278593+00:00,,,,,,525.7000122070312,cross_USO_state_vol=high_vol + state_ext=stretched_down,2026-07-20 04:00:00+00:00,1d,rolling,,,price-eq-AMAT-1d-buy-c584d937,"{""code"":40010001,""message"":""client_order_id must be unique""}",
,ARKG,23.0,sell,limit,,,rejected,,entry,2026-07-21T21:22:06.441423+00:00,,,,,,39.59,state_volume=vol_quiet + state_ext=neutral,2026-07-21 19:00:00+00:00,1h,rolling,,,price-eq-ARKG-1h-sell-8080c32b,"{""code"":42210000,""message"":""asset \""ARKG\"" cannot be sold short""}",
553bc511-d071-4512-a00d-48a49c09da38,CVS,8.0,buy,limit,,day,filled,2026-07-21 21:22:06.616927+00:00,entry,2026-07-21T21:22:06.640653+00:00,filled,8.0,109.94,2026-07-22 13:31:14.790647+00:00,2026-07-23T13:18:47.492345+00:00,110.575,cross_USO_state_slope=uptrend + state_ext=stretched_up,2026-07-21 19:00:00+00:00,1h,rolling,,,price-eq-CVS-1h-buy-3a88d47c,,
,LCID,276.0,sell,limit,,,rejected,,entry,2026-07-21T21:22:06.879199+00:00,,,,,,7.110000133514404,cross_TLT_state_slope=downtrend + state_ext=stretched_up,2026-07-20 04:00:00+00:00,1d,rolling,,,price-eq-LCID-1d-sell-ef4be338,"{""code"":42210000,""message"":""asset \""LCID\"" cannot be sold short""}",
,XBI,15.0,buy,limit,,,rejected,,entry,2026-07-21T21:22:07.063864+00:00,,,,,,150.94000244140625,cross_USO_state_vol=high_vol + state_ext=stretched_down,2026-07-20 04:00:00+00:00,1d,rolling,,,price-eq-XBI-1d-buy-7e2877fd,"{""code"":40010001,""message"":""client_order_id must be unique""}",
7852991c-47be-470f-b337-0b90e6a0de16,,,,,,,canceled,,order_cancel,2026-07-22T13:22:12.492969+00:00,canceled,0.0,,,2026-07-22T14:19:05.253797+00:00,,,,,,,,,,
b99ee858-6d9a-402e-af91-65eb5d948f0c,KLAC,9.0,close,,,,filled,2026-07-22 13:22:13.646294+00:00,exit,2026-07-22T13:22:13.683576+00:00,filled,9.0,213.473333,2026-07-22 13:33:27.989436+00:00,2026-07-23T13:18:47.492345+00:00,,,,,,217.15,209.37,,,
f4df5a53-e5be-4618-8af3-93b087231b3f,AMAT,3.0,buy,limit,,day,filled,2026-07-22 13:22:13.967422+00:00,entry,2026-07-22T13:22:14.005862+00:00,filled,3.0,550.613333,2026-07-22 13:32:27.403807+00:00,2026-07-22T14:19:05.253797+00:00,564.5499877929688,cross_USO_state_vol=high_vol + state_ext=stretched_down,2026-07-21 04:00:00+00:00,1d,rolling,,,price-eq-AMAT-1d-buy-51dd3c3d,,
9e043450-e86f-42b4-ad58-28fe4c5628e0,CBOE,5.0,buy,limit,,day,expired,2026-07-22 13:22:14.251135+00:00,entry,2026-07-22T13:22:14.290519+00:00,expired,0.0,,,2026-07-22T20:19:13.356287+00:00,274.005,cross_TLT_state_slope=downtrend + state_slope=downtrend,2026-07-21 19:00:00+00:00,1h,rolling,,,price-eq-CBOE-1h-buy-90771144,,
b8473b34-965d-4e25-8adc-9ed76e300d30,JPM,3.0,buy,limit,,day,filled,2026-07-22 13:22:14.559113+00:00,entry,2026-07-22T13:22:14.598585+00:00,filled,3.0,345.07,2026-07-22 13:34:04.634804+00:00,2026-07-22T14:19:05.253797+00:00,345.2300109863281,cross_TLT_state_slope=downtrend + state_ext=stretched_up,2026-07-21 04:00:00+00:00,1d,rolling,,,price-eq-JPM-1d-buy-90eb8d3a,,
,LCID,268.0,sell,limit,,,rejected,,entry,2026-07-22T13:22:14.892950+00:00,,,,,,7.320000171661377,cross_TLT_state_slope=downtrend + state_ext=stretched_up,2026-07-21 04:00:00+00:00,1d,rolling,,,price-eq-LCID-1d-sell-64d69236,"{""code"":42210000,""message"":""asset \""LCID\"" cannot be sold short""}",
ce5318f5-4d64-43bb-a8dc-4307c05b340b,SPG,5.0,buy,limit,,day,filled,2026-07-22 13:22:15.138414+00:00,entry,2026-07-22T13:22:15.177789+00:00,filled,5.0,226.75,2026-07-22 13:46:22.448177+00:00,2026-07-23T13:18:47.492345+00:00,226.7899932861328,cross_USO_state_vol=high_vol + state_ext=neutral,2026-07-21 04:00:00+00:00,1d,rolling,,,price-eq-SPG-1d-buy-4d25eb33,,
443514f6-693a-4fae-8428-4d11a9996437,SPG,5.0,sell,stop,217.8,gtc,canceled,2026-07-22 14:19:16.768574+00:00,protective_stop_submit,2026-07-22T14:19:16.794344+00:00,canceled,0.0,,,2026-07-22T15:19:00.608419+00:00,,,,,,,,,,
,ARKG,23.0,sell,limit,,,rejected,,entry,2026-07-22T14:22:08.481124+00:00,,,,,,38.995,state_volume=vol_quiet + state_ext=neutral,2026-07-22 13:00:00+00:00,1h,rolling,,,price-eq-ARKG-1h-sell-ef3ceddb,"{""code"":42210000,""message"":""asset \""ARKG\"" cannot be sold short""}",
209828c6-df29-42c6-aec8-14be8b8b543b,KLAC,8.0,buy,limit,,day,filled,2026-07-22 14:22:08.690527+00:00,entry,2026-07-22T14:22:08.732220+00:00,filled,8.0,217.15,2026-07-22 14:22:10.612316+00:00,2026-07-23T13:18:47.492345+00:00,217.5599975585937,state_ext=stretched_down + state_slope=downtrend,2026-07-21 04:00:00+00:00,1d,rolling,,,price-eq-KLAC-1d-buy-a9636665,,
,LCID,268.0,sell,limit,,,rejected,,entry,2026-07-22T14:22:08.905007+00:00,,,,,,7.320000171661377,cross_TLT_state_slope=downtrend + state_ext=stretched_up,2026-07-21 04:00:00+00:00,1d,rolling,,,price-eq-LCID-1d-sell-64d69236,"{""code"":42210000,""message"":""asset \""LCID\"" cannot be sold short""}",
,,,,,174.82,,rejected,,protective_stop_replace,2026-07-22T15:19:07.648620+00:00,,,,,,,,,,,,,,"{""code"":42210000,""message"":""order is not open""}",63cf7840-4e16-421e-98a2-24c67ddb6e3b
aa257db4-2c1c-45e6-a189-c0c7db967642,,,,,,,canceled,,order_cancel,2026-07-22T15:22:06.309164+00:00,canceled,0.0,,,2026-07-22T16:18:55.675159+00:00,,,,,,,,,,
8559da27-8188-4326-9be8-1d688f0004d7,AMT,5.0,close,,,,filled,2026-07-22 15:22:06.957269+00:00,exit,2026-07-22T15:22:06.962172+00:00,filled,5.0,165.75,2026-07-22 15:22:07.411147+00:00,2026-07-22T16:18:55.675159+00:00,,,,,,165.037,165.805,,,
e5f3a7b7-11c6-41ba-a115-456f6983528b,,,,,,,canceled,,order_cancel,2026-07-22T15:22:07.158209+00:00,canceled,0.0,,,2026-07-22T16:18:55.675159+00:00,,,,,,,,,,
68ff07c4-07b3-480f-b015-59666aae71a4,CVS,8.0,close,,,,filled,2026-07-22 15:22:07.812180+00:00,exit,2026-07-22T15:22:07.818297+00:00,filled,8.0,109.32,2026-07-22 15:22:09.900762+00:00,2026-07-22T16:18:55.675159+00:00,,,,,,109.94,109.3389,,,
,ARKG,23.0,sell,limit,,,rejected,,entry,2026-07-22T15:22:08.083577+00:00,,,,,,38.81,state_volume=vol_quiet + state_ext=neutral,2026-07-22 14:00:00+00:00,1h,rolling,,,price-eq-ARKG-1h-sell-927e89a5,"{""code"":42210000,""message"":""asset \""ARKG\"" cannot be sold short""}",
92d2a6bc-dad2-4440-8193-47de7f3ec893,AVGO,2.0,buy,limit,,day,expired,2026-07-22 15:22:08.521126+00:00,entry,2026-07-22T15:22:08.529212+00:00,expired,0.0,,,2026-07-22T20:19:13.356287+00:00,389.49,cross_USO_state_slope=uptrend + cross_TLT_state_slope=downtrend + state_ext=stretched_up,2026-07-22 14:00:00+00:00,1h,rolling,,,price-eq-AVGO-1h-buy-b74a6d8f,,
,JPM,3.0,buy,limit,,,rejected,,entry,2026-07-22T15:22:08.609400+00:00,,,,,,345.2300109863281,cross_TLT_state_slope=downtrend + state_ext=stretched_up,2026-07-21 04:00:00+00:00,1d,rolling,,,price-eq-JPM-1d-buy-90eb8d3a,"{""code"":40010001,""message"":""client_order_id must be unique""}",
b82dacd6-e858-4aaa-9c72-da92f43baf53,JPM,2.0,buy,limit,,day,expired,2026-07-22 15:22:08.684936+00:00,entry,2026-07-22T15:22:08.695109+00:00,expired,0.0,,,2026-07-22T20:19:13.356287+00:00,345.2300109863281,cross_USO_state_vol=high_vol + state_ext=stretched_up,2026-07-21 04:00:00+00:00,1d,rolling,,,price-eq-JPM-1d-buy-dd08ccaf,,
,LCID,268.0,sell,limit,,,rejected,,entry,2026-07-22T15:22:08.813282+00:00,,,,,,7.320000171661377,cross_TLT_state_slope=downtrend + state_ext=stretched_up,2026-07-21 04:00:00+00:00,1d,rolling,,,price-eq-LCID-1d-sell-64d69236,"{""code"":42210000,""message"":""asset \""LCID\"" cannot be sold short""}",
,SPG,5.0,buy,limit,,,rejected,,entry,2026-07-22T15:22:08.917420+00:00,,,,,,226.7899932861328,cross_USO_state_vol=high_vol + state_ext=neutral,2026-07-21 04:00:00+00:00,1d,rolling,,,price-eq-SPG-1d-buy-4d25eb33,"{""code"":40010001,""message"":""client_order_id must be unique""}",
,,,,,174.82,,rejected,,protective_stop_replace,2026-07-22T16:18:59.847075+00:00,,,,,,,,,,,,,,"{""code"":42210000,""message"":""order is not open""}",63cf7840-4e16-421e-98a2-24c67ddb6e3b
7046e391-3e81-41e9-9376-714c1dfbc8e5,AMT,5.0,buy,limit,,day,filled,2026-07-22 16:21:16.144130+00:00,entry,2026-07-22T16:21:16.152900+00:00,filled,5.0,165.53,2026-07-22 16:21:16.909425+00:00,2026-07-22T17:19:41.786829+00:00,165.83,cross_USO_state_slope=uptrend + state_slope=downtrend,2026-07-22 15:00:00+00:00,1h,rolling,,,price-eq-AMT-1h-buy-fc21d750,,
,ARKG,23.0,sell,limit,,,rejected,,entry,2026-07-22T16:21:16.221663+00:00,,,,,,39.21,state_volume=vol_quiet + state_ext=neutral,2026-07-22 15:00:00+00:00,1h,rolling,,,price-eq-ARKG-1h-sell-e5c4c556,"{""code"":42210000,""message"":""asset \""ARKG\"" cannot be sold short""}",
,LCID,268.0,sell,limit,,,rejected,,entry,2026-07-22T16:21:16.375051+00:00,,,,,,7.320000171661377,cross_TLT_state_slope=downtrend + state_ext=stretched_up,2026-07-21 04:00:00+00:00,1d,rolling,,,price-eq-LCID-1d-sell-64d69236,"{""code"":42210000,""message"":""asset \""LCID\"" cannot be sold short""}",
,SPG,5.0,buy,limit,,,rejected,,entry,2026-07-22T16:21:16.461907+00:00,,,,,,226.7899932861328,cross_USO_state_vol=high_vol + state_ext=neutral,2026-07-21 04:00:00+00:00,1d,rolling,,,price-eq-SPG-1d-buy-4d25eb33,"{""code"":40010001,""message"":""client_order_id must be unique""}",
,,,,,174.82,,rejected,,protective_stop_replace,2026-07-22T17:19:57.687972+00:00,,,,,,,,,,,,,,"{""code"":42210000,""message"":""order is not open""}",63cf7840-4e16-421e-98a2-24c67ddb6e3b
,ARKG,23.0,sell,limit,,,rejected,,entry,2026-07-22T17:22:55.217588+00:00,,,,,,39.04,state_volume=vol_quiet + state_ext=neutral,2026-07-22 16:00:00+00:00,1h,rolling,,,price-eq-ARKG-1h-sell-3e0e0105,"{""code"":42210000,""message"":""asset \""ARKG\"" cannot be sold short""}",
,LCID,268.0,sell,limit,,,rejected,,entry,2026-07-22T17:22:55.415463+00:00,,,,,,7.320000171661377,cross_TLT_state_slope=downtrend + state_ext=stretched_up,2026-07-21 04:00:00+00:00,1d,rolling,,,price-eq-LCID-1d-sell-64d69236,"{""code"":42210000,""message"":""asset \""LCID\"" cannot be sold short""}",
,SPG,5.0,buy,limit,,,rejected,,entry,2026-07-22T17:22:55.516721+00:00,,,,,,226.7899932861328,cross_USO_state_vol=high_vol + state_ext=neutral,2026-07-21 04:00:00+00:00,1d,rolling,,,price-eq-SPG-1d-buy-4d25eb33,"{""code"":40010001,""message"":""client_order_id must be unique""}",
,,,,,174.82,,rejected,,protective_stop_replace,2026-07-22T18:19:40.031124+00:00,,,,,,,,,,,,,,"{""code"":42210000,""message"":""order is not open""}",63cf7840-4e16-421e-98a2-24c67ddb6e3b
,ARKG,23.0,sell,limit,,,rejected,,entry,2026-07-22T18:22:14.823471+00:00,,,,,,39.05,state_volume=vol_quiet + state_ext=neutral,2026-07-22 17:00:00+00:00,1h,rolling,,,price-eq-ARKG-1h-sell-2178b35d,"{""code"":42210000,""message"":""asset \""ARKG\"" cannot be sold short""}",
,LCID,268.0,sell,limit,,,rejected,,entry,2026-07-22T18:22:15.163466+00:00,,,,,,7.320000171661377,cross_TLT_state_slope=downtrend + state_ext=stretched_up,2026-07-21 04:00:00+00:00,1d,rolling,,,price-eq-LCID-1d-sell-64d69236,"{""code"":42210000,""message"":""asset \""LCID\"" cannot be sold short""}",
,SPG,5.0,buy,limit,,,rejected,,entry,2026-07-22T18:22:15.445029+00:00,,,,,,226.7899932861328,cross_USO_state_vol=high_vol + state_ext=neutral,2026-07-21 04:00:00+00:00,1d,rolling,,,price-eq-SPG-1d-buy-4d25eb33,"{""code"":40010001,""message"":""client_order_id must be unique""}",
,,,,,174.82,,rejected,,protective_stop_replace,2026-07-22T19:19:45.578150+00:00,,,,,,,,,,,,,,"{""code"":42210000,""message"":""order is not open""}",63cf7840-4e16-421e-98a2-24c67ddb6e3b
a606b9b7-9397-4414-a55f-eb61fb9c25f2,,,,,,,canceled,,order_cancel,2026-07-22T19:22:26.916121+00:00,canceled,0.0,,,2026-07-22T20:19:13.356287+00:00,,,,,,,,,,
7310d014-4367-4be0-9fd3-e828723caf84,AMT,5.0,close,,,,filled,2026-07-22 19:22:27.999483+00:00,exit,2026-07-22T19:22:28.027465+00:00,filled,5.0,165.52,2026-07-22 19:22:30.565811+00:00,2026-07-22T20:19:13.356287+00:00,,,,,,165.53,165.5,,,
3fbd0150-1a51-4058-97ba-676ad9dbee45,,,,,,,canceled,,order_cancel,2026-07-22T19:22:29.170480+00:00,canceled,0.0,,,2026-07-22T20:19:13.356287+00:00,,,,,,,,,,
7a2a9448-229a-44b2-ad86-e20c8023008c,GOLD,23.0,close,,,,filled,2026-07-22 19:22:30.525531+00:00,exit,2026-07-22T19:22:30.566469+00:00,filled,23.0,39.477826,2026-07-22 19:22:33.238639+00:00,2026-07-23T13:18:47.492345+00:00,,,,,,39.860435,39.495,,,
,ARKG,23.0,sell,limit,,,rejected,,entry,2026-07-22T19:22:30.969419+00:00,,,,,,39.03,state_volume=vol_quiet + state_ext=neutral,2026-07-22 18:00:00+00:00,1h,rolling,,,price-eq-ARKG-1h-sell-234e0b65,"{""code"":42210000,""message"":""asset \""ARKG\"" cannot be sold short""}",
,LCID,268.0,sell,limit,,,rejected,,entry,2026-07-22T19:22:31.301863+00:00,,,,,,7.320000171661377,cross_TLT_state_slope=downtrend + state_ext=stretched_up,2026-07-21 04:00:00+00:00,1d,rolling,,,price-eq-LCID-1d-sell-64d69236,"{""code"":42210000,""message"":""asset \""LCID\"" cannot be sold short""}",
,SPG,5.0,buy,limit,,,rejected,,entry,2026-07-22T19:22:31.999792+00:00,,,,,,226.7899932861328,cross_USO_state_vol=high_vol + state_ext=neutral,2026-07-21 04:00:00+00:00,1d,rolling,,,price-eq-SPG-1d-buy-4d25eb33,"{""code"":40010001,""message"":""client_order_id must be unique""}",
,,,,,174.82,,rejected,,protective_stop_replace,2026-07-22T20:19:18.140583+00:00,,,,,,,,,,,,,,"{""code"":42210000,""message"":""order is not open""}",63cf7840-4e16-421e-98a2-24c67ddb6e3b
,ARKG,23.0,sell,limit,,,rejected,,entry,2026-07-22T20:21:50.316781+00:00,,,,,,38.86,state_volume=vol_quiet + state_ext=neutral,2026-07-22 19:00:00+00:00,1h,rolling,,,price-eq-ARKG-1h-sell-79253c0b,"{""code"":42210000,""message"":""asset \""ARKG\"" cannot be sold short""}",
ee691cd3-c984-4bcc-8882-512a8adf7f80,AVGO,2.0,buy,limit,,day,filled,2026-07-22 20:21:50.398720+00:00,entry,2026-07-22T20:21:50.395083+00:00,filled,2.0,391.67,2026-07-23 13:32:05.873614+00:00,2026-07-23T14:18:53.013466+00:00,396.88,cross_USO_state_slope=uptrend + cross_TLT_state_slope=downtrend + state_ext=stretched_up,2026-07-22 19:00:00+00:00,1h,rolling,,,price-eq-AVGO-1h-buy-55875165,,
,JPM,3.0,buy,limit,,,rejected,,entry,2026-07-22T20:21:50.467270+00:00,,,,,,345.2300109863281,cross_TLT_state_slope=downtrend + state_ext=stretched_up,2026-07-21 04:00:00+00:00,1d,rolling,,,price-eq-JPM-1d-buy-90eb8d3a,"{""code"":40010001,""message"":""client_order_id must be unique""}",
,JPM,2.0,buy,limit,,,rejected,,entry,2026-07-22T20:21:50.537256+00:00,,,,,,345.2300109863281,cross_USO_state_vol=high_vol + state_ext=stretched_up,2026-07-21 04:00:00+00:00,1d,rolling,,,price-eq-JPM-1d-buy-dd08ccaf,"{""code"":40010001,""message"":""client_order_id must be unique""}",
,LCID,268.0,sell,limit,,,rejected,,entry,2026-07-22T20:21:50.637270+00:00,,,,,,7.320000171661377,cross_TLT_state_slope=downtrend + state_ext=stretched_up,2026-07-21 04:00:00+00:00,1d,rolling,,,price-eq-LCID-1d-sell-64d69236,"{""code"":42210000,""message"":""asset \""LCID\"" cannot be sold short""}",
,SPG,5.0,buy,limit,,,rejected,,entry,2026-07-22T20:21:50.743835+00:00,,,,,,226.7899932861328,cross_USO_state_vol=high_vol + state_ext=neutral,2026-07-21 04:00:00+00:00,1d,rolling,,,price-eq-SPG-1d-buy-4d25eb33,"{""code"":40010001,""message"":""client_order_id must be unique""}",
,,,,,174.82,,rejected,,protective_stop_replace,2026-07-22T21:19:00.556787+00:00,,,,,,,,,,,,,,"{""code"":42210000,""message"":""order is not open""}",63cf7840-4e16-421e-98a2-24c67ddb6e3b
,ARKG,23.0,sell,limit,,,rejected,,entry,2026-07-22T21:21:28.554033+00:00,,,,,,38.86,state_volume=vol_quiet + state_ext=neutral,2026-07-22 19:00:00+00:00,1h,rolling,,,price-eq-ARKG-1h-sell-79253c0b,"{""code"":42210000,""message"":""asset \""ARKG\"" cannot be sold short""}",
,JPM,3.0,buy,limit,,,rejected,,entry,2026-07-22T21:21:28.654015+00:00,,,,,,345.2300109863281,cross_TLT_state_slope=downtrend + state_ext=stretched_up,2026-07-21 04:00:00+00:00,1d,rolling,,,price-eq-JPM-1d-buy-90eb8d3a,"{""code"":40010001,""message"":""client_order_id must be unique""}",
,JPM,2.0,buy,limit,,,rejected,,entry,2026-07-22T21:21:28.726795+00:00,,,,,,345.2300109863281,cross_USO_state_vol=high_vol + state_ext=stretched_up,2026-07-21 04:00:00+00:00,1d,rolling,,,price-eq-JPM-1d-buy-dd08ccaf,"{""code"":40010001,""message"":""client_order_id must be unique""}",
,LCID,268.0,sell,limit,,,rejected,,entry,2026-07-22T21:21:28.825212+00:00,,,,,,7.320000171661377,cross_TLT_state_slope=downtrend + state_ext=stretched_up,2026-07-21 04:00:00+00:00,1d,rolling,,,price-eq-LCID-1d-sell-64d69236,"{""code"":42210000,""message"":""asset \""LCID\"" cannot be sold short""}",
,SPG,5.0,buy,limit,,,rejected,,entry,2026-07-22T21:21:28.929374+00:00,,,,,,226.7899932861328,cross_USO_state_vol=high_vol + state_ext=neutral,2026-07-21 04:00:00+00:00,1d,rolling,,,price-eq-SPG-1d-buy-4d25eb33,"{""code"":40010001,""message"":""client_order_id must be unique""}",
,,,,,174.82,,rejected,,protective_stop_replace,2026-07-23T13:18:57.762205+00:00,,,,,,,,,,,,,,"{""code"":40410000,""message"":""order not found""}",63cf7840-4e16-421e-98a2-24c67ddb6e3b
c2ed5d6f-eb21-4587-8b44-dca2c2a8493e,CSX,34.0,buy,limit,,day,new,2026-07-23 13:21:02.325163+00:00,entry,2026-07-23T13:21:02.347926+00:00,new,0.0,,,2026-07-23T14:18:53.013466+00:00,49.93000030517578,cross_USO_state_vol=high_vol + state_ext=neutral,2026-07-22 04:00:00+00:00,1d,rolling,,,price-eq-CSX-1d-buy-783c38b9,,
c516d527-e0d0-4c1f-8c3b-83c14219521a,JPM,3.0,buy,limit,,day,filled,2026-07-23 13:21:02.492173+00:00,entry,2026-07-23T13:21:02.507853+00:00,filled,3.0,348.046667,2026-07-23 13:32:38.018439+00:00,2026-07-23T14:18:53.013466+00:00,348.2099914550781,cross_TLT_state_slope=downtrend + state_ext=stretched_up,2026-07-22 04:00:00+00:00,1d,rolling,,,price-eq-JPM-1d-buy-c7a4200f,,
,LCID,290.0,sell,limit,,,rejected,,entry,2026-07-23T13:21:02.784747+00:00,,,,,,6.78000020980835,cross_TLT_state_slope=downtrend + state_ext=stretched_up,2026-07-22 04:00:00+00:00,1d,rolling,,,price-eq-LCID-1d-sell-e8bc68a6,"{""code"":40310000,""message"":""account is not allowed to short""}",
9f26f931-7f67-4ebc-8d58-5a2dfeb9274d,SPG,5.0,buy,limit,,day,filled,2026-07-23 13:21:03.017647+00:00,entry,2026-07-23T13:21:03.040954+00:00,filled,5.0,226.186,2026-07-23 13:36:12.897353+00:00,2026-07-23T14:18:53.013466+00:00,226.22000122070312,cross_USO_state_vol=high_vol + state_ext=neutral,2026-07-22 04:00:00+00:00,1d,rolling,,,price-eq-SPG-1d-buy-3f366ea5,,
32afbe54-67d4-41f0-ad61-03a0738b1c60,XBI,15.0,buy,limit,,day,filled,2026-07-23 13:21:03.143184+00:00,entry,2026-07-23T13:21:03.161173+00:00,filled,15.0,149.76,2026-07-23 13:30:08.340657+00:00,2026-07-23T14:18:53.013466+00:00,152.11000061035156,cross_USO_state_vol=high_vol + state_ext=stretched_down,2026-07-22 04:00:00+00:00,1d,rolling,,,price-eq-XBI-1d-buy-6a5d8588,,
,,,,,174.82,,rejected,,protective_stop_replace,2026-07-23T14:18:58.385584+00:00,,,,,,,,,,,,,,"{""code"":40410000,""message"":""order not found""}",63cf7840-4e16-421e-98a2-24c67ddb6e3b
,LCID,290.0,sell,limit,,,rejected,,entry,2026-07-23T14:21:06.730441+00:00,,,,,,6.78000020980835,cross_TLT_state_slope=downtrend + state_ext=stretched_up,2026-07-22 04:00:00+00:00,1d,rolling,,,price-eq-LCID-1d-sell-e8bc68a6,"{""code"":40310000,""message"":""account is not allowed to short""}",
,XBI,15.0,buy,limit,,,rejected,,entry,2026-07-23T14:21:06.859507+00:00,,,,,,152.11000061035156,cross_USO_state_vol=high_vol + state_ext=stretched_down,2026-07-22 04:00:00+00:00,1d,rolling,,,price-eq-XBI-1d-buy-6a5d8588,"{""code"":40010001,""message"":""client_order_id must be unique""}",
